benchmark_episode_id	source_episode_id	scene_fingerprint_sha256	risk_split	target_category	target_variant	target_position_index	clutter_position_index
0	101600	3448c02e258e426b42d031f8a027dbcfac7872fd7911fda144ed814c30c217ac	ood_test	box	box15	100	100
1	103601	14c3036f483f82b3ed36ada2fbaac9141dfa1e8e02491c4d7a6337d25b5f02aa	ood_test	tomato	tomato07	101	101
2	101602	2eea2bd6569ccf746614142bf00209037d192b14d315071b594f36581a1217b9	ood_test	lemon	lemon14	102	102
3	106403	c99dc514193a46a7cc9d389d89588d989221fa0183606a9733242a453063ffb6	ood_test	kiwi	kiwi07	103	103
4	105204	8c1fec862ea7bed8ed35274a02e66ac9b36bb60c93e61f1addfeac1be82eea55	ood_test	apple	apple20	104	104
5	109605	20ef37e87aace1c76157530b74f3f91ac625bdbb27c4076f7c984a995392dcc8	ood_test	peach	peach06	105	105
6	105606	683b1270f8d1cfef2d09a5780bc6393309b7a79b529c515d023ffebd745e4899	ood_test	avocado	avocado06	106	106
7	101207	6932d69ce4d9f2d6d94744a31c85025943f051f95a2d20bc77bbc3f24cfde631	ood_test	apple	apple20	107	107
8	100408	334d3aa7f833b21a13c6e07d413421e08d51d6281be664ac2857ea74540380f0	ood_test	potato	potato17	108	108
9	100009	5ed5e36b5234a2630d9b2abd8d4e72f888b59bbccb92a702e80df7a1fff5793f	ood_test	apple	apple22	109	109
10	105610	29cb852d63406de1132566664edf1a85b342903b979ac70580e21fbd736e79a6	ood_test	box	box14	110	110
11	102811	6a07d39db64f3430b17200b2a2047886c1988cdb7d2c35cb9d890ced57a81452	ood_test	box	box15	111	111
12	109212	ebcce695bf835cc0b49bf463f0e558d8e9ece564668811d8e3fcaba69faf3785	ood_test	beer	beer19	112	112
13	104413	b0ac5499ced92a09af94262dcde0482b3734d7b35236a578175110767ee304ee	ood_test	peach	peach06	113	113
14	103614	1754d2fdce501ea110a16f721435283f2f35662386cedabe1de886c4da42af08	ood_test	box	box14	114	114
15	104015	8a312c7c0fbf0f9d7c0954429d0158e594cabf60d32d2bcad1af3dab225f383c	ood_test	plate	plate15	115	115
16	108016	a21ddbdfe9d0d3bb0d0d5deabb6c19ceb6208d5f0256b5292e1954f4e6a5615b	ood_test	beer	beer19	116	116
17	108417	6de5b187c1c6a493d4812cf126b2ccbb279307f3678b5e61ea9af7543e47577c	ood_test	can	fcan17	117	117
18	103218	20972948559bdd58658b6bc0b267b5f7ba4f7bc94e99dcd2efecd7fa6a0dba6c	ood_test	tray	tray11	118	118
19	101619	ac25c34f8855e54e6adbc9c47333a1b7b7e53c2f1c8a7019dd74ccf0a3eff977	ood_test	lemon	lemon14	119	119
20	103620	56b1b73ebb18e5485adaf14f9a84a5679ee7721bb4da0250d2dd98528f8154c1	ood_test	avocado	avocado06	120	120
21	100421	3c401bdd11099737697caa76172e59e5543a27f280a6ba14f557277c64b8ef7c	ood_test	can	fcan18	121	121
22	105222	b6e88ba9dd054770f02e40a39eb243ba4d17caecd2c2a949b388bb0d22e2028b	ood_test	peach	peach06	122	122
23	104823	7d95e3b5ecaa9a67162a5a9514b01c5de5798ce7e71733a3df4170e44f5b37ac	ood_test	box	box14	123	123
24	101224	b742aeb3739403a3d823b5321c538d4547f13ab3a46bf82be9c5614f384324a5	ood_test	egg	egg12	124	124
25	100825	05226fefa210977e9886da841bb46e60c5b12587dc49805e049a8a968889d3d5	ood_test	bowl	bowl18	125	125
26	106826	f7a85dc41e090bed379c7686470cc3479a611f5f7b29dd7fade890601abda760	ood_test	orange	orange13	126	126
27	100827	be344115a61eb422e9f43c88d113f38f3bc3b75a6f589772f432b39a73f208f0	ood_test	egg	egg12	127	127
28	105228	7f1b1c18a030264caf4632afafa020103a782bd2bbe7d26ad3074aa8a3dfb8ff	ood_test	egg	egg12	128	128
29	100429	aad24fa94877ec3e818f19a7c9599a7b9f9402a5f483278f419ea7ab1ff5d82f	ood_test	plate	plate15	129	129
30	100030	5596ae10e0cd3bb8f91ee965c32cc92eb880b670663d930d5149f4175a025966	ood_test	box	box15	130	130
31	100031	770b7b90f7c9a10ae6f38d2400086f85ca16432f605f33abcb4c5e309c33ea2a	ood_test	plate	plate16	131	131
32	106832	7431ea82cad3250e2e1e6c20bd1ad20ee83d99871a0d3b0e97c9f29bf32473d6	ood_test	orange	orange12	132	132
33	106833	95178e03279ec2542cc5408c7964b893fb9f183dc451380d22030dd1ff5f45d2	ood_test	potato	potato17	133	133
34	105234	96fbac2c8c99ee69881c04f2edb0261f5f43ac3b1b1f4649397e55118b0ddb88	ood_test	beer	beer19	134	134
35	103235	d463df9adf64120c563179b4ad81fd0c370f74ed3fb8c926f2f3888937d40024	ood_test	egg	egg12	135	135
36	102036	b96abd9ba7d3f5b46be5b04fe9024a538d64394b4cd09c1e7f08e8a1b829196a	ood_test	kiwi	kiwi07	136	136
37	102837	dbcf0e4a44509fe826a7bedd09d020b09d1c6f9563391c0574f90c788f429352	ood_test	onion	onion10	137	137
38	108038	f93b6c22d801f74936994645c720f4caa1b8ec79bddf3d0afbff4311345a9a17	ood_test	egg	egg13	138	138
39	106439	c9b32bb7227b408bedb6b35607f501e2552640823a2da45f330b86cb6f0910c6	ood_test	can	fcan17	139	139
40	107640	e8928424c72224af5dd129ed8a068a62c49f92d75f332a77cd9406b33e749ccf	ood_test	beer	beer19	140	140
41	101641	b42c782f9694424e8594ec9f0c4021bfc26dbeba774ce3b885d0bcd6153736c0	ood_test	lemon	lemon15	141	141
42	107242	62af196f506a196f806ed5fc67fbc359c047a19841480a7a72366636603a53cf	ood_test	potato	potato17	142	142
43	106043	726b5ccf4e8c88a032b17ed076ce7d4fbfb83525353d1ee333ffa7eec50487e0	ood_test	tray	tray11	143	143
44	101244	8ae0d22fdb6ee010fccb94331d6d0ebd9e8fcf464610518d7d44bc9d341e52ff	ood_test	tray	tray12	144	144
45	104845	35a2f0c7d32495821fd1ca281dacd09c48344b5a3aa89fc9cd4efe5e6ca7b94f	ood_test	onion	onion09	145	145
46	106846	83c66e55b533fa4458559d11a32305b19718548f7b777334ecfe574ade4d86cd	ood_test	onion	onion10	146	146
47	100047	6ea6d64abd18226e9c1d0664b4fc288d5b67202b93dfb3803b303d3398a96572	ood_test	tray	tray11	147	147
48	100448	753a9ab0b7d5e9a0b2608b488fa493bfbe650872d72440e258b1986ac3018b5f	ood_test	tomato	tomato07	148	148
49	100049	ff49fabde5656db7f4229bed8cd2d110fa3379273b7464ebd65738988a203105	ood_test	bowl	bowl19	149	149
50	106850	bfd546749c4e2c5975f9ae1b6520680cf5ae5e79d53578e4cd24157aa3076811	ood_test	kiwi	kiwi07	150	150
51	101651	1f407ada59ebfe6efd59fc0bead95011f45ca799f2f0ea704d52f282ebc400de	ood_test	orange	orange13	151	151
52	106452	93a4fdd6427519c34e0f502e583afd9231c6af071537b457998cfcf246ace05a	ood_test	kiwi	kiwi07	152	152
53	100053	cca05498fc76fa013f7c59de92cd954e36418cc2038c869c9a1eb49b17912349	ood_test	peach	peach06	153	153
54	102854	2571cb6e92848c46851132d91ec705a241a6371bb3541706ec380af02457de90	ood_test	potato	potato18	154	154
55	105655	16b7bbb14e93e8fa2126f796f86150ed9bd6d75fc1eb255bdd180d200b3108e0	ood_test	avocado	avocado06	155	155
56	108856	30ad11bbdafc4cb2e957dc52b0aec1ab9ca9d8e2ab96b8d81833bea481646053	ood_test	bottle	wbottle23	156	156
57	106857	072dc2f24dbad9f357fc7557555219afc12483091bdd1f4b67b8f65242093d66	ood_test	can	fcan18	157	157
58	102058	64b67917c523e7999937ba8700f29aa92654d5af63a9c893400d256ab22d75e0	ood_test	tray	tray11	158	158
59	107259	8b4d553385e19f41ce69272b108701e3e4138b98d1c814cad304ad376cfba218	ood_test	potato	potato17	159	159
60	106060	c86df7e69f7c5cc07ed1eeb38c51d42ef150e04d462865f6ca7d840d43defef6	ood_test	can	fcan18	160	160
61	105261	ea0f600e9e15217ed3b825a69665d3192ffab7f41b1ea741764aa9b25cf41fcf	ood_test	peach	peach06	161	161
62	100062	21da7b2db710f3669522c6c02793364c5b480b0bdf641e333c77f85ba71d2162	ood_test	bottle	wbottle17	162	162
63	100863	98be48cebdaf0b9202856f5c3ffcc673b9fe6cfe29df7645881e3f8396c102b4	ood_test	can	fcan18	163	163
64	106464	5af927ef1b49d1e340f2b93ef7ef24ecc6fe1a587fff791fb904cb0d81393cf3	ood_test	bottle	wbottle23	164	164
65	108065	4194d1575fdc7837ce763d4175645522a63beb2355c8734451e56c3848aea2dd	ood_test	orange	orange12	165	165
66	100066	67fcfe8f5acd1d87957260ac71258d515e2acf559f7d7e708395baf8744ec408	ood_test	orange	orange13	166	166
67	107667	5a8fd4c4f30c0dee8bc5f6c7268f446807423a29898f884856ec07620dbafdd5	ood_test	bottle	wbottle23	167	167
68	109268	43626e3275949145d127ae3d8237d091976d57bd060c4c19d4501c720c178f48	ood_test	potato	potato18	168	168
69	101669	2164be33a5b37843edc6e1832ed8bad783064b06631b92cf64e771851c7fff6b	ood_test	tray	tray11	169	169
70	102870	a01175656490cd6a7b747aaf4d65a00e59d4e30327b6c57ba27b54c91008bf4a	ood_test	peach	peach06	170	170
71	100471	80ae5c45d866f8baacadd99d93d6b5dca22beef16d799e5a8c6bf35b66d6d1e1	ood_test	tomato	tomato07	171	171
72	107272	6f065550fa0ed4d436e516b690492b74c28e15455bf2bc37860622cd437d085b	ood_test	plate	plate15	172	172
73	105273	6743bd8d261bbc00215d836a505d83dd5fbce13cde9a2a6c04d41ab0bed05e60	ood_test	egg	egg12	173	173
74	102874	1bf4020a262cd09d500796db9238eeae00921aa3409181724e90be9ee8cff1b0	ood_test	potato	potato17	174	174
75	103675	d809cecd069d8fede8f8eedd3818bf1e0f28c33425bb085e36052199aa5dc954	ood_test	lemon	lemon15	175	175
76	104076	242fef8b215f8abd8383ab54f7da250e5ff31e05b171a23399cd0d877cc2c71a	ood_test	tomato	tomato07	176	176
77	101277	9c056fbc5400deeed85610772e284c54938b414e6a6c9bf6956a39ba5106425d	ood_test	can	fcan18	177	177
78	101278	e03d2b3b1503e669cfbda868388cc783a784f70971b69dd3dd63469aa455bfe9	ood_test	beer	beer19	178	178
79	108479	c9e3130820eccc8a5a262c671a43cc0b3b9218633de38740913845e6dfe48120	ood_test	potato	potato18	179	179
80	100880	113569f228be6974ef43d9083ab1026516fe8835745a20fe7eb0f68fd671e3a6	ood_test	onion	onion09	180	180
81	100481	538d3085e4f07703af082112097ed0ea065a1f6ee46ca98d48ba6931b77b995c	ood_test	beer	beer13	181	181
82	100082	49b540ddecb70e2894f1865c373a71d831e3ed1b6ec09112047efaaa3f8bbf15	ood_test	can	fcan17	182	182
83	100883	f4edcdb7c7a01cf9258cabf18d7953c8b8604d72911c2c2600eefe19b569941b	ood_test	tray	tray11	183	183
84	108084	a2067089da90d9830eda3ff446162610b5052d5236585dc0f41d45c162feb512	ood_test	lemon	lemon15	184	184
85	102085	e5de2baf82e6242ec41fdbe3702ddeb46d84b1810969e9d553089821e400e524	ood_test	tomato	tomato07	185	185
86	107286	68308ba0863778991104990b11f329daf32a352e0a556e50275c64b25a36d2db	ood_test	potato	potato17	186	186
87	102487	fc4d17acb2f7da026885d76e406d96f37ce2582e1aa382a6d5f52bbe0c8287d2	ood_test	peach	peach06	187	187
88	102088	6c2a452b34acc1253cbb7da2f57e898e9ccf7bc77fb3556dde4251ce18968a9c	ood_test	tomato	tomato07	188	188
89	100089	04286c853b970710f5979a343ac19d21a726f32f5845e1576a639af2c2f38bb8	ood_test	tray	tray12	189	189
90	100090	be2d9dcb4919dccdabfbacfc561a600502dfc040574baa2f522e232755aa6316	ood_test	peach	peach06	190	190
91	109691	d9b17f9509305434db27c70db515a52da5439f495ac92b1f428d1bf4f1d22658	ood_test	onion	onion10	191	191
92	108092	13ffd24205b7e0c46a5310d03fb97b3e7143dd477018800b834d4692fc0f4728	ood_test	onion	onion09	192	192
93	104093	9b2a3d779f39a93adc79a7a068379b972423fa7f1de3a0965aa2a8dda781ea42	ood_test	orange	orange13	193	193
94	106494	9376453a569243e7ea2d6af4909393c7aa8342a25a74c5e0e93ede4f942e2406	ood_test	egg	egg12	194	194
95	105695	eec59c03d46d78348b0291eef7d32dd24ac71a2ee83a1ce07bf614d07230dcaf	ood_test	tomato	tomato07	195	195
96	106496	63f3dd822ef8032c8742f4b4c688bde723ce31558a2da789e0e18e6f5ac5ef2e	ood_test	beer	beer19	196	196
97	106897	dc6ec95093d58f33b54a7ecf720d85079780a464e563fd199d445801376a359e	ood_test	kiwi	kiwi07	197	197
98	101298	062438c95df10c6af7043c230e12ab1afd83b519f01560a0ccb5626e0053ca2e	ood_test	peach	peach06	198	198
99	104499	6562042c3ed9d9927ad06144732ddba0c1429d61786e8006b1e1c1f0a110cdc3	ood_test	avocado	avocado08	199	199
100	102100	5c66352ade02280eebd01b77357d092eaae9dd54964c215bfcaa18ff55f809b5	ood_test	beer	beer19	200	200
101	106101	72b428fc59215e8f510bfc569a62cd3758f71129b1bcb5a0f9d2ba35148c6aa9	ood_test	can	fcan17	201	201
102	101302	d6b12a9f4375ef14cb00d8de0029ed9e3bd13bdecaa3da2490f01509b3dbc31b	ood_test	orange	orange12	202	202
103	101703	cec77e39ba56edead2f6e623df08963e5705ddcb6450fe5c66a718c53a29bf0d	ood_test	egg	egg13	203	203
104	100504	d7fb751b1f9e5bff7185261ae299e2ee85f848add4240813972a67e348f62f8f	ood_test	beer	beer19	204	204
105	101305	1362e442825ebe0a4c6bfbad42f9550b8b8aafa7016dfd98e014b0380d945d17	ood_test	plate	plate15	205	205
106	100106	86c93456e701d22a59c429827c525ff55aef13f9c51948fe213791dd41b7d2d9	ood_test	bowl	bowl18	206	206
107	107707	c2357e6ffa1857e3cd3fc4d4702f2815e3fb39f4c5e90336d1f2d7949f54d5ed	ood_test	orange	orange12	207	207
108	104508	eda452e8ff75ab1d990baf5929830b19abbbc556c3f56b5f81db49648b1e7b08	ood_test	can	fcan18	208	208
109	103709	a845580d3a1d4adcf110a0950911b7d94db5fb722d6a37b3c4a44cca35529507	ood_test	potato	potato18	209	209
110	103310	42f2c648f2d8efd56a691d0240ac3b425634da472f13a2bb772eb4ab436ba72a	ood_test	kiwi	kiwi07	210	210
111	108111	530415488b88dd7e320598b152356fb2a9068de64dd03be803643920c8f65ba6	ood_test	orange	orange13	211	211
112	103312	11d102fbb13d0eb88f374b130bf3aee0ca03ed42eb29720a9c804e163a1cf56c	ood_test	orange	orange12	212	212
113	104113	5bfab79e9c33418978ae8b3f989d4bd648fde49d0958f0c116f2e7a2a967fc11	ood_test	tray	tray11	213	213
114	104514	19b2495de3592493aeca408aade40f3eb8e33e5c8c20227de5a77ff56f8a9b03	ood_test	bowl	bowl18	214	214
115	100515	8e0e3708015efb7a3c49450176b4ce39a55f7a9f198a496408a9483bc4fb206f	ood_test	kiwi	kiwi07	215	215
116	100516	d5862b5dc7747274aafd1fe445979db63e0272f3c346fd3a1af61318c325a4ac	ood_test	apple	apple20	216	216
117	100917	47efd8d5d7c31f1d108d355fd9410b3eb22aa2e0cb373d5583de0527a0f87fc7	ood_test	kiwi	kiwi07	217	217
118	102518	c88cf861f3909ffc45d0dfa04e7ec17eaed0b313ea69abfc24ca26578126338a	ood_test	tomato	tomato07	218	218
119	105719	6051ee5c9f0fb270972b0eebe96223f74c22ec3a8e436ca53df2e5680be951c7	ood_test	box	box15	219	219
120	107720	d84536c4117d4ef0893c773cd15e42d520c8fad6235c9bc95324a2901f472882	ood_test	egg	egg13	220	220
121	105721	01b00ebaa2a26df4ae5629531821c3661bd765ae95c1d29f7559d3ccdd31ee00	ood_test	kiwi	kiwi07	221	221
122	107722	ef4fe5486239c258feb7da889b172ff020b43d6a203e301f06298e1b0739e84e	ood_test	bottle	wbottle17	222	222
123	106123	6032766953a56cb0c8d704ec00dd4f823095d57b25c64f5b4b8548d7b01df43d	ood_test	onion	onion10	223	223
124	105724	aae7213da18445d7eec7ba68f55571c8a0552e1d3d6d614359db8e6124f06979	ood_test	orange	orange12	224	224
125	101725	8d5744dda24f2cdc8b58c030410dfe599fa2974a482cc638234d93c02ea0b069	ood_test	peach	peach06	225	225
126	101326	77f4a5fc38f9772d29263360a272fde766abf5c5139d016fa5d1426abf0c6ba6	ood_test	kiwi	kiwi07	226	226
127	102927	1f9d9d2212231020490e37c9d0b361726a792d320b6d0aea4b5e19608ec86d86	ood_test	avocado	avocado06	227	227
128	106528	5663488f7965169941347e48ef130c983eab25bc6710a06c08d526152d8fb4da	ood_test	can	fcan17	228	228
129	105329	1e3342e534a2572ea10df7a99c32040fd08dd0d30888ad8b3202ac392cc8ab55	ood_test	avocado	avocado08	229	229
130	101730	a1cc4712114074c4abedf07a63c7a4a9e0ea2c8ac7339ffc91964bc94e69e141	ood_test	tomato	tomato07	230	230
131	102131	06c10805dea42d2e096199026737aee93254d171ab245de57c3298a433c4008a	ood_test	tray	tray12	231	231
132	108532	23d71707f3494ad01179473caf6f027365b2e6ed81b15a79ecb3335eaf473abc	ood_test	plate	plate16	232	232
133	100133	afa1a477cf640f1fd0832d902f4a68a0787e03fbbc87ab700710c21de8477eea	ood_test	potato	potato17	233	233
134	108134	8ab28d793acd0df385d989e3b99249f36bf9ee37acb65cc3e4aa9d6567b24a38	ood_test	egg	egg12	234	234
135	104935	113ab375dc0a614ae7ec32d837305ca72b4fbf829c9c640f68fbb5575d9a2ad2	ood_test	onion	onion10	235	235
136	100536	6d8ca4b97ac0e0ca58d177417ce8279defac7caef1c8fbc0c5901a6c96ea9820	ood_test	plate	plate16	236	236
137	103737	6584a5bff1bc78aaa76e915b116fd1144c38482c8f55b48f8d6553a846de849f	ood_test	box	box15	237	237
138	102538	a63a92bc4d9bd72aea44f106c1921ba584e47c971e982868cbfd27db06bb5e3b	ood_test	plate	plate15	238	238
139	109739	5e080c5b68053dfee536b36021588b81c8dcb54f22689204d1a2e3b1da62c905	ood_test	potato	potato17	239	239
140	109740	16dcedc66ec7dcdac0d1ed3137ed9c8245c52de2e2dac2332ad457fdc6412514	ood_test	orange	orange12	240	240
141	109741	8bc962c7ab754b7c9ce5fcb806a3b7fd2b9369e5c1e5c27dc879f71001025528	ood_test	kiwi	kiwi07	241	241
142	106542	f4eeae9f219d55142faf9d724e0ec12cdefea26295bd0f3c6015e3e35f424498	ood_test	potato	potato17	242	242
143	104143	d006869256d46001c2d1cfb56b04d7b0a5a4b9246739880b49e1a8599da2c84c	ood_test	lemon	lemon14	243	243
144	105344	1686d8a1c6d3bf572b0db0236307b7f3a6f7192dfb0797925437e813a4bb9480	ood_test	egg	egg13	244	244
145	100145	927cf608314feb9bdf3f55d1f67c38dc75cadcddcde0d5deed9af050fe643ad5	ood_test	lemon	lemon15	245	245
146	101746	baccc4cd78c50915f42b6039b046a09041edb94ea8c4b8bdc16515471e4a6986	ood_test	beer	beer19	246	246
147	100547	e4932cf73d95ee3f065e65de4bcb86847329d027aea4381916b3578a4a43d4dd	ood_test	apple	apple22	247	247
148	100148	6198161e29abd5e77b40885387809daee5db31d6a82bc32e50f447e4f5897c69	ood_test	lemon	lemon15	248	248
149	100949	72d151681cd71ef4253e45bbb1d5b8616ed390dcd382b660906ec764a5db4267	ood_test	bowl	bowl19	249	249
150	108150	4556d8448e26510cda122466fbab7813adc89f97eec0c66aa2a34d2d9e01a33a	ood_test	bottle	wbottle17	250	250
151	102551	d1af2ce2c1c95fb4fe79d27aeb993cf13c82b35379a814c368db72cf3c19dd5c	ood_test	tray	tray12	251	251
152	104152	9e00d3fb899b1b0854030d88558a601a1ab35294ff63bccf3197791f8393458e	ood_test	bowl	bowl19	252	252
153	105353	7c60e7db8ef03d2955bd8edd5714d77e670a58dbbb73f92f788ef0914eedf5e2	ood_test	box	box14	253	253
154	101354	d2ce222cb46017f20234dd10701b03889ac71e473ed410a94926b87462a4396d	ood_test	bottle	wbottle23	254	254
155	100955	62ca34d310092fbd6fd3b7338853a57e83783f924c465ba979322e450ecd2f59	ood_test	orange	orange13	255	255
156	106156	5ab24eaa5d8f6e0764a88b5a6f1550730ec29c19d540d5ad8d91680ae7404e41	ood_test	plate	plate16	256	256
157	104157	70f794187c7195ca9d48e101fae2150327fc87f2fb1dcbd617f1572c526ee916	ood_test	plate	plate15	257	257
158	101358	7ed08bbbc48d46512ab05362855269ad3d4025f278859a092d11779190eba7d8	ood_test	tray	tray11	258	258
159	107759	a657cb8e25db33a026ea19f6f9402680a5d2ca391a83d02872d9eb0dc05f1176	ood_test	apple	apple20	259	259
160	103360	2c39f0c084d7cbd8daa6bb4aad5c3cbec3544b0dbf487af099e2ce79f79a9cb9	ood_test	can	fcan18	260	260
161	102561	44cb262295153ce4d6dd2c15d759f43d31b715b3ab660d46034928cfdcd7c0f4	ood_test	orange	orange13	261	261
162	101362	6408910dab79e2381ea39a5c863ce8a71daa08ec624f94e8802bbdfa93c5abce	ood_test	peach	peach06	262	262
163	106963	458a0ac925436bbf7b2b8bc5ed6b27d06dc2b627f81f5b8821237fc38c793521	ood_test	bowl	bowl19	263	263
164	103764	f0a40b77b0530f533268378069e8bbae023657f474b3540b77b39c79266d3b64	ood_test	peach	peach06	264	264
165	104165	bc4d827a4f2e130af29b6b1df9dff2778f23ab8a038cf703df0fd156b422a1b7	ood_test	avocado	avocado08	265	265
166	106166	95b72b2fd1cd2185e04b557243cc1bff5b13544f4efc1c85b37cdf6c3a48d574	ood_test	beer	beer13	266	266
167	106567	3d16a442a93865fede5b5d1a173b67817c3e2ec4ea68b9fe092494846ecbb6d5	ood_test	orange	orange13	267	267
168	108968	1fa3797525808ad349f4e67fa85ebb603d8f7c780b652996991ce3c813e549c9	ood_test	box	box14	268	268
169	101369	ba02e4a2a026f807cae5436dc37733235da8cbb5595a85da78742cc8943d872b	ood_test	apple	apple22	269	269
170	106970	609a557ff5d5c6761ef80b6fcc1fd7316b68d49a7107a0db551d9afb214bb7c0	ood_test	tray	tray12	270	270
171	100571	5a741515221567a296a129d64fc3e7ec06910574615d1445e632b9f7c299d485	ood_test	beer	beer13	271	271
172	100572	3a8e86f2071ef14e7553dedacf88d785716d3d62769f347bb357a021eb82ef07	ood_test	tray	tray12	272	272
173	109773	7bdeb5ff98ee6ddf3f7473e931b95e5ed53d63ba6eb95a5c21194ada190d5300	ood_test	avocado	avocado08	273	273
174	100574	9a5fdb5817838043caf41a300382a9c3106db13c229fb921e622949f4e027b77	ood_test	onion	onion09	274	274
175	109375	d19a6feda61a6b51b628e29fbd1f6e5d57ce861f9e4e06bb71b88b75aef25efd	ood_test	orange	orange13	275	275
176	105376	41c08b2b45e575668f570df171ea3bfc5b4e254cc8e0837f441354eef01b2da2	ood_test	egg	egg13	276	276
177	103377	d10786c860029cd7b64f55d3aa04871ebb7902fd4cc6c67165976265ae26aa2c	ood_test	onion	onion09	277	277
178	102578	d6d1fea4ba208c8ed1259cda7e527d66f923b19348a638890bd3f3faedcdacc4	ood_test	tomato	tomato07	278	278
179	102979	6e6f3216b4241a05f95eedf4edf6cf9957eac0bff169ab082055bbf4703862fb	ood_test	tomato	tomato07	279	279
180	107380	a65d97cb96997e43c8a46ffeb0d66c55071127bf258225e17a1a0b399cfc0765	ood_test	beer	beer13	280	280
181	102181	1176207d6ed917a0980d931b7341ab9c5de7c5cdb9d135c1e271b878c79854b9	ood_test	box	box15	281	281
182	100182	ca608fab77f8654ccf8a407e01b5a2f0e84fe32a6f12aa6c9de5869eaa61dbc8	ood_test	apple	apple20	282	282
183	105383	3450a02b469ee9002a97a3144d62d7bf376cc21e0365473b86f240a721132678	ood_test	avocado	avocado08	283	283
184	108184	f0e92cc2b53011194a3710d51b25a834d034daaafd9249172aef634c6708e335	ood_test	bottle	wbottle17	284	284
185	100185	8327f6f4f8ef208152ed987e9cad305258ac57b69a8fb98ee9a00d0df9154a3c	ood_test	peach	peach06	285	285
186	101786	6538dca2c8929a2ff760c1cf26521b1a5adcbdbff4d71796c27c61d89bc24d6c	ood_test	can	fcan18	286	286
187	106987	415acf52e76a181f20faf74d6893d6a4871442b89c2353c04af6f3bb0eb83aa2	ood_test	onion	onion09	287	287
188	108988	5a52e685beb7e8a515495b88f3d760306455a64c38a5a87b8db654627ff22737	ood_test	box	box15	288	288
189	106989	491f07ed610d536fe734349f2b720e28b10173f10f2f8fd8c39b52a14242b8ee	ood_test	tomato	tomato07	289	289
190	108190	8625c2b687a173c8d58d92487b5ce3f52347ffd6f5a454f2d6abdacd13c955f4	ood_test	avocado	avocado06	290	290
191	106991	85b9d21cf50aa639ca70c23d7b6992e0bad3098db4674a065a8421ba9977fff7	ood_test	beer	beer19	291	291
192	105392	63d561e7c3813e4aaa636b5443eb3c7c0ca33ec2fa455c0be0fa81804fe613e6	ood_test	onion	onion09	292	292
193	100993	5a1d265503cd16b92a9232b7eea6924601d51f4ab5c9becd9ad5057d0c5c0a1e	ood_test	can	fcan18	293	293
194	105394	7086ee3550bbefdefa68b4e10be9bc49ac4fee2866647a49bcff3b417ed0a6e1	ood_test	orange	orange12	294	294
195	100995	d927732b7b5f0cc349f3a77bacf8c00a0f51d9223b788a8bf096b13231738491	ood_test	apple	apple22	295	295
196	106996	caf996625eb9019861d894996096a142cd57669a13220257fcd382726709ac87	ood_test	apple	apple20	296	296
197	108197	8e54b47a5533541652b1c26cac6042d109759a1f31fe88445169f36a625e4701	ood_test	avocado	avocado06	297	297
198	107798	e7ae7f7f1023b928eb968bbcf7e9f878ada3a40a473692a2223c001b61a47223	ood_test	apple	apple20	298	298
199	101799	135fa4fd71a33e24eda0a0413cb1de80abb0d9cf2aaff4d8530661fcc957233f	ood_test	tomato	tomato07	299	299
200	103800	2d1c68fe855b8e5da19f97cdb0d8a86302b9f8ec2e1e3139533356569ea7de6d	ood_test	box	box14	300	300
201	101401	11d8c42f58f5f6e819c0ef97eb117f8bc0b538aae83c63aca12a349fbc19ad3e	ood_test	lemon	lemon14	301	301
202	100202	61c6472d56d7b7464969c5f5a1b343d68202491507bc3194380819b9867fa32c	ood_test	box	box14	302	302
203	103803	e239fef319ab37e741adfa4a30de067fb194ec1cea076b2c6a480dff8bdadd5f	ood_test	tomato	tomato07	303	303
204	104604	60a7cf4e7c14660755e9bcf85bbf5b430ba3cc732849d2ff9f35031ae7a20335	ood_test	lemon	lemon14	304	304
205	104605	46f54f6952d10e98557f02d341f3499f54b897088e28b18d0277264aa3fe76fb	ood_test	kiwi	kiwi07	305	305
206	106606	4b516322f1f596bd90a40ea73746ba05d16648eb4bc6320fe4cba1ae79acc47a	ood_test	bowl	bowl19	306	306
207	102607	5d79d151f5124cd8c24cba72566d4d98f6075f92de607b64e86a8834d8fd277b	ood_test	lemon	lemon14	307	307
208	101808	7c3d1c13ea77ebff324d42247316f5375497deb8ac87f6d998de82852fc84ca0	ood_test	plate	plate16	308	308
209	105009	83b1545e6f591b09aa08c9c17f238b9abf8191aa67b031deaee52bcbe039d74a	ood_test	peach	peach06	309	309
210	106210	a5406d19ca74523fc302c2a758b91e9fc6222dafd28c8e1c6c70a1cff8d098e3	ood_test	can	fcan17	310	310
211	109811	49880e1a7fc8064d3e5099fa034a666d85ae92944a14443de9a569c1a7ea8b8d	ood_test	can	fcan18	311	311
212	103412	f0400caf0c11ceb6ab482cb70a01dd5b701408ddc0463227657e338f1054e6e0	ood_test	bottle	wbottle23	312	312
213	109813	9140c2029d480f464bb9c3d1808c9c1becbc8b82a2ef664cda9b75ce3ebb250d	ood_test	beer	beer19	313	313
214	108214	e014e57cb609a7d2ad5d1c066803381350bf77e9c65c24239fff63ed993c6a4d	ood_test	can	fcan17	314	314
215	108615	e72c8e6dc4ac97578313781912fe51a19dd3900ffe04fd82ac76cc91eacb0c87	ood_test	box	box14	315	315
216	101016	d9bda31368cf80fce1daf5e52c13cddb63450a49f4d0c7cc7b7dd7a3a4fd4f4e	ood_test	tomato	tomato07	316	316
217	100617	10d23db2cb64536e0c9988f3c15e5cc8d3bb96ff0c7563b4d5f23a4dfed0ee0c	ood_test	tray	tray12	317	317
218	105418	a8064d0b91d07138e23017e3b274f961b4a41d74abc76500a7fd31468bebf093	ood_test	box	box15	318	318
219	101819	aa5ff6886f877d108a9982262b9c8c783d77d045931f209223952821e95717f7	ood_test	potato	potato18	319	319
220	107420	cd31b32eeb14087174cb907d08ba0c55692b07c9dbb254fb930d29ce59b19743	ood_test	apple	apple20	320	320
221	102621	39cfd1497d4e76a5a770668d5a0f47250a6ef12bf3e2741f59a11d29f265cb08	ood_test	box	box15	321	321
222	105422	0f8606706420c61326e8c071a9650702a0c4da9c0c9b38c8d09281340a65bd5a	ood_test	peach	peach06	322	322
223	100223	3ed4c058114ebf59bebf5891d09c0e131d28cfbe5017df7dda4404979ccaa366	ood_test	bottle	wbottle17	323	323
224	109824	29e49dd66f8b0dc616c5a6b7e1ff9848d63c4b2c210a3781050db30cad441735	ood_test	onion	onion10	324	324
225	106225	a9a49dc7408b065e160b84c6ee01dc7f330ba5d91ac3b433272ad339ba9477fb	ood_test	plate	plate15	325	325
226	105026	fa634b26a61a90afdad483ac55781d988128891a5639fbad708e5adf555f4535	ood_test	egg	egg13	326	326
227	103027	163cd5edb1779cc1c13380a6237ce7c7a27d089815277f2005819736ad21b7ac	ood_test	can	fcan18	327	327
228	109828	891e0b8ca82086682805538e8b015dc390a170794aff14993d7af32986ac9cdf	ood_test	tomato	tomato07	328	328
229	107029	fa7c3e956dbe524d32097a68ea3f9dc4d3b3f5d8231f28b75d4e034d750a6c27	ood_test	bottle	wbottle23	329	329
230	109830	dc148ef0506433ff1eaff90c3ee1c5844b0b2a3ac371bb6f89aaacf169d0f007	ood_test	peach	peach06	330	330
231	100631	6524548e7ebc481ea3da0feccf621b6018b336d350429d95614f2180e34b07c7	ood_test	tray	tray11	331	331
232	109832	2512ccc6089468dbf644bee916fd216608e459b62cb01557a54d7810ed8c6214	ood_test	egg	egg12	332	332
233	106633	b5172b4d6eb7c50903938f841bb54d528325fd0ffe61f8f7570eec03780b5511	ood_test	can	fcan17	333	333
234	104634	88ba6433d63f630365b81b5a9d4fc55723ce40d49ae46f67d1d7169b8b5991c4	ood_test	kiwi	kiwi07	334	334
235	104635	0474f1399946b582792cffbb8d37bd83122a4e4001b3e350a6b019c121b76eeb	ood_test	orange	orange13	335	335
236	106636	0d52ae618f7e4066ded40d26d89e26358c24ee865aa0f9218fa4e69c020f2878	ood_test	onion	onion09	336	336
237	103437	b43a87c37919eae08306b307160974ae048b2c493e0a977670b1cf7e283812cd	ood_test	avocado	avocado08	337	337
238	107438	3f5ce14bd0a51448ec1ee65b639f07180163d1a43943033cf3ee4cfa7e4ff663	ood_test	onion	onion10	338	338
239	100639	e00caa49c0d96cc2f3d01c57c9d5bc72840ce5bf972be39e8b2159f43233e5bb	ood_test	lemon	lemon15	339	339
240	103440	01087f154e5d5a4c8968019d74177452cee4470be8bfd8ba0d413d324ffd50b5	ood_test	kiwi	kiwi07	340	340
241	103041	52bfa095e0baf66ee74df2e924fcd6305f855cb308d9a9c07cb34d706e6dc4a0	ood_test	plate	plate16	341	341
242	103442	636a39cd1bce93dbe8bf85bf447de5434e372384fb57e70407f6ec0d07d9213f	ood_test	egg	egg13	342	342
243	108643	d29a7874ca2f227a57492e574626dbf26683077ed47c68fc89f412481298df46	ood_test	egg	egg13	343	343
244	103044	fb3192d79d7567cc43f53b9461c46f7c1482a4a4df9c41819821dd9f43cbdfeb	ood_test	tray	tray12	344	344
245	100645	d16c1da14c80cfc1ffb65d4c87e49ea3757c326ae5ec59ab14a164aa698b2a46	ood_test	plate	plate15	345	345
246	101046	c3f35cfd32acebb31342fe004a25e26e4cbeea03d8cd2ef1cb57bf7fa50d0657	ood_test	plate	plate16	346	346
247	102247	4bf8bc0ce713f3667964d5a03b14acae9619c81ffd69a2fd9f0247091f0999a7	ood_test	potato	potato18	347	347
248	104248	dcbd131910aae4f18b80dc238081a642a9c4bfeb80b0529f8efaae2021736457	ood_test	can	fcan17	348	348
249	104249	4482089b399f247b7fafabdc7439af7f11defb802b89ace93e5e69c9fc065362	ood_test	bowl	bowl19	349	349
250	102650	0ea5c4d05b633baded6b4c4b36092eb50af95f511de3aa707bba3302d035f08e	ood_test	lemon	lemon15	350	350
251	102651	8ae84658bd57ff1a0341b0c35e86561522b765f3726c6f79ecbc0db88384a7fc	ood_test	onion	onion09	351	351
252	101852	11e5d6f693c3c53b2ce5c09a72499aff65877c0125b44d669f347e67d34edc1b	ood_test	plate	plate15	352	352
253	103453	485c968f71c909cb09ada41c65e6ce2bd051c3956833ccddb14be52e65a5a5c6	ood_test	bottle	wbottle23	353	353
254	106254	62e9cc81e17cf8d02ba4f0c56927691fe72190a70d1b2117d438bd2b9cafd98b	ood_test	tray	tray12	354	354
255	101455	cd2c4b2e59b5c29d6b6a7a8120818379fbe93d02f148b3643cf0353d031854cd	ood_test	potato	potato18	355	355
256	108256	c2131032c8cfe1b8330a3cbf3a5c1a21de6743997fb043aeb54230e5bc71c250	ood_test	bottle	wbottle23	356	356
257	109857	484b1f600b3ea327f7f38c9b64b3a38c31fc4e910ed92d5de172c85ce952624d	ood_test	potato	potato17	357	357
258	101058	769bfc49a59559cc87e8a1015b083a09052ee86bf0e7ec7db29328a881654f10	ood_test	apple	apple20	358	358
259	107459	42e6a4ddd7f29f138927c6945fb0db740d2a3186fe4175f19a352213e140cda5	ood_test	kiwi	kiwi07	359	359
260	107060	e0a046742c88b98728d98d81d5868ebb10f51686eec3b5bce332858aa4a75560	ood_test	bowl	bowl18	360	360
261	101461	7a865c1da7abd90ceae0ac96bb397017146c96d45a8a8975448aa9c942b591a9	ood_test	beer	beer19	361	361
262	102262	552b1c111be369dcaacc3a5da0c09d7548830906edbb2defe4a4e66f68253651	ood_test	plate	plate15	362	362
263	103063	be3615683318da3adbb123847c22bfe8b0e1bd0bdc2b35c02fea0cff59834a7f	ood_test	onion	onion09	363	363
264	103864	da1d300007b4c1c25e7f743623832eb7f8c8e8deb21991dcb8200d3703744ca0	ood_test	lemon	lemon14	364	364
265	105865	65ce97b96948c373b39f0422465507f8b79587528aaf9c14aa774bd4b277dc5d	ood_test	bottle	wbottle17	365	365
266	100266	6ac8bfa1598aeebfed0a67cf2500698e0aebb55c241f1cb085442890709ad5c2	ood_test	tray	tray11	366	366
267	101467	b6644867816b8be7612196e28b1e50c8102193b4d003bc2f740fee2f30597907	ood_test	can	fcan17	367	367
268	108668	7cb299d3afdd59d029300b18bc13b86397139a8587aef331fbe660364e7263d5	ood_test	apple	apple22	368	368
269	109069	7577d396e6bc3daf321c2570120c99fe572fc348062cd6403a412bc3d162e79b	ood_test	avocado	avocado06	369	369
270	108670	e47e826565af21026fcce6c08467df4610ddb6b49043df4e7fa658d86d1de261	ood_test	lemon	lemon14	370	370
271	101071	5f5a9fd08c00965fb6d3df1d0ec170912bc57ea4120c540b2d97e56838466356	ood_test	kiwi	kiwi07	371	371
272	102272	fdaaf3bacd777e86e71be0685e77e0be8de35db244560bc4b32ec28869c66bf0	ood_test	bowl	bowl18	372	372
273	102273	d410552c9df36d31c6c8de41e7f42056b11ccf0277758ee01f015977b4ecbb99	ood_test	bottle	wbottle23	373	373
274	100274	da0fabde704f1de1f01738c528eecfe87020dcabe142454af2887182c6ba8f98	ood_test	bottle	wbottle23	374	374
275	101075	8b527349970ae0e3d1dfb353511bbb787ccee7ce153d22d7d18a75234aa67e0a	ood_test	box	box14	375	375
276	101076	61edea792333b737785b9b55e6ac29c05ade5def99e38884f44c6c8d913f43fe	ood_test	onion	onion10	376	376
277	109877	a121d21c39e35d1e8db32be72d63803afa066581c7455de23a349903abceed39	ood_test	tomato	tomato07	377	377
278	100678	f0764bb61b8cf20e43c49d308c84979072e896db6bdaa5415bdf56904dcdcef6	ood_test	kiwi	kiwi07	378	378
279	106279	76bd691ea4f93fc2f93a5499e4ba8e48d4271d5f6acafb614e08ba8529e42adf	ood_test	plate	plate16	379	379
280	100680	b19d05362931c07a4c93ba3b21a3c4abbe5bf3fea706250facd9ccf347edc2b6	ood_test	orange	orange13	380	380
281	105081	a4c69a7588912cd08cdcf60ae66164172b0e602b24e16d9e2ee331c5b03fab81	ood_test	onion	onion09	381	381
282	105482	44a7d1c8736a309cf291b1b7f0edcffd83b9e6809aee15e70f26b5073cd627fb	ood_test	potato	potato17	382	382
283	108283	dd9d21f71a3ddbe5433b1b96697ab53c7ea88f88b9b7a70eb9bfadc5f84e2c6f	ood_test	kiwi	kiwi07	383	383
284	107884	23615cb9917d203af0e22eae6f0d5382ea7272d2131565970e63aeef66018c84	ood_test	avocado	avocado08	384	384
285	103885	e0488d9420148843e4ca69646203fbde75720b073bdbbfd675d4c671b38da3a0	ood_test	lemon	lemon15	385	385
286	102286	b6fe06d4d1291e5136e63c7ce15d8c6cdbe5b332c87e7f7d060ef97e6e3e06c2	ood_test	bottle	wbottle23	386	386
287	101087	2b7399a4029c92490505d352e1ff8dc2e24b9620f011e748a16fa8cf8497b09b	ood_test	peach	peach06	387	387
288	101088	ebc54fe4c52097c8323a943192d44922d211754737742c97eeee53235b09eb5e	ood_test	avocado	avocado06	388	388
289	103089	3ad2471c34ff797b5e996ccdefbb570c605bd30240fb45a95ad38628d2b82649	ood_test	tray	tray11	389	389
290	101890	582b00674e7a1f500bd26168604dbbf8ddd4a98d59bdb134e687889afb212cb0	ood_test	plate	plate15	390	390
291	101891	17d0d631834ff2475391a5bab5b22587d10717e96bbbccc71a00708f7f289980	ood_test	box	box14	391	391
292	102692	f1bcecd59e8fec6129e399470974a3f8d241c285a4e3b1a8231ee08d2321f25e	ood_test	apple	apple20	392	392
293	101493	4c0446f22990b13e55fade486febfe2884ab645fa7b1c812c0fdcd68957d445c	ood_test	tray	tray12	393	393
294	103894	bd7f99e68f68f037cc00dfba72026383d206cc5a712f1ff6e1efb043a8b3b7d0	ood_test	lemon	lemon15	394	394
295	103895	fba7e39a07b9f5e83d9f97424b6d845740b163b0363867fdda77dc795ea1b3dc	ood_test	bottle	wbottle17	395	395
296	101096	1c35441f8e8d683d1843576d100deb2e70fd39fbc2b108acab3f939484f5e2c5	ood_test	avocado	avocado08	396	396
297	104697	7b4a7bd44c5856497bc3e13307cbb600f869b73bb64536367fd3d364ac10131c	ood_test	egg	egg13	397	397
298	104298	231fac9ce1282907d8ed4e9a21770bb640ccfbf1c8dac1994599287d8f52b81e	ood_test	box	box15	398	398
299	108299	7e08b113fc0a537f1cf5c3bb46f441db7e381408ba6ff92179f8e9e276a2f55d	ood_test	plate	plate16	399	399
300	105900	71fd2cffe96b3ab86498abe4c256b2e85449483f036024a6db91cd0650ad4071	ood_test	egg	egg13	400	400
301	105101	1918560e40199a058a5c0719aafe1a41e06b9158adfdd3e9181543ba81e52bea	ood_test	apple	apple22	401	401
302	105102	a8f6e8632eda3021c39c3380687c5cb9bfbaa94411d8635f83bb68c97fc781f6	ood_test	plate	plate15	402	402
303	100703	ac05a18ce4a4af7e91b7f2fc2ad33090bde5676408e55c3c915f29f42b756e7e	ood_test	onion	onion10	403	403
304	105904	7c6319f0da362e6c6213a11934d7da748b13246c835f41b3009045a664851a40	ood_test	tomato	tomato07	404	404
305	105905	33753cc610633dfc1f0aa7e151a4e96f32c493c0bded6a6b44e5eb6673af7b2e	ood_test	egg	egg13	405	405
306	100706	f26f4a618758697ce08568274f08ff3f1fdf4aa4a4694a3cdeb98e9352b37be3	ood_test	potato	potato18	406	406
307	100707	b602593b081c70cd68f63bb52315a954029e59fe485d2c37d629c78b3a1473a9	ood_test	bowl	bowl18	407	407
308	102708	9eade24c4cf26c8022b4248502608cf4510a939aabb3072daa647689dd977785	ood_test	lemon	lemon15	408	408
309	104709	27c31b50b30c6fdf430b4374ae13b7dfe02cefcbcd91d91ec3f240e5268f222d	ood_test	peach	peach06	409	409
310	105110	6e315d4faad06cc10fadb97cb6db9bdfc7f9db1f62c76e1d982387a5ede0894f	ood_test	bowl	bowl19	410	410
311	105911	d610becad4fd8f80cf4c6fa249c7d5c38d9c98738d908fdadabe3f6089d56b1b	ood_test	onion	onion10	411	411
312	105512	576526e5604a9c3f705478f8221d3340f2f60002d40df53107f12f0a3fcf613e	ood_test	egg	egg12	412	412
313	100313	357cf68f37fe281902caef05a78452bf424f387cb200feba46856989409da6f9	ood_test	bowl	bowl18	413	413
314	104314	250489a09e60775298204eaf712edfec3fb0ba53676b5642b8dfbde8987c24ae	ood_test	kiwi	kiwi07	414	414
315	106315	bae7c16562f055e68be3c50363e5a409994e4ffb17b2b39f7ab9d4ad51a5b719	ood_test	onion	onion10	415	415
316	109516	cfb00a44073dc972b6549c456ac056982160445aa60184579e87add582c52148	ood_test	egg	egg13	416	416
317	105917	fc8a7ad62be016a792f324a63354b1696d9bcfa2a15e7939acda79580f1abb6c	ood_test	egg	egg12	417	417
318	103118	9d29fc9e60ea3b13dedb270c2ae577e2cbd6230a809a14d3f980babdb067799a	ood_test	tray	tray12	418	418
319	100719	2bd3176a921108193ecc50d1e8668af4996770b37778007bec265772e2769ee3	ood_test	peach	peach06	419	419
320	103520	a250cfa08b1f33eee97d707b9568918371f13ef43ac49987d78a2bd08429a4e2	ood_test	plate	plate16	420	420
321	107921	371c72a9243e6e696aa385d4439d6631e9b31c1c2d277215c8134cf869cafe22	ood_test	peach	peach06	421	421
322	100722	7a872501ed6e610a0cd0937c7496062a7639d16682d2ce53096605212eb0d798	ood_test	avocado	avocado08	422	422
323	102723	8c2b722db68be09987e014135553dd08a0f3b597b62c117e37bca19eeb590839	ood_test	tomato	tomato07	423	423
324	101524	caf75d93df621bd4a01c32852e9df703b7bbc3c5806464dace86e554d731ea59	ood_test	orange	orange12	424	424
325	103525	39c07d79a4d831e857319246c478d4e1dfe0c64ed39fd0ec15193e846404d26a	ood_test	box	box15	425	425
326	106726	60b5a531b8cde29ec82e5f5db711e401e4701e3ceb60611a8126d338162bb933	ood_test	bowl	bowl19	426	426
327	100327	571b1776cd81d59ed0c11fa0ff91709390270b774103528c604aded619da8c52	ood_test	egg	egg12	427	427
328	106728	f86d85926d70cbc20f2d372680c6630c4d22cfee4c09ac2c4ab62529ff6e26cc	ood_test	beer	beer13	428	428
329	106329	5d87f8f3f64995a99fec75b34b57cadc4eef16a1b956614077e73ab67cf02537	ood_test	kiwi	kiwi07	429	429
330	101530	73bf8c2f28058111ce917ee6bab34e2f542d0db3446582ab6baa5c960d5fb363	ood_test	bowl	bowl19	430	430
331	101531	464d91b3c7b279139495211f2f512942a0e744c4069e358822f501179dbae211	ood_test	lemon	lemon14	431	431
332	102732	d49943d921174ad1c4db1f8fc5e1515668799370476440fc50cb64b26df37273	ood_test	peach	peach06	432	432
333	101533	1add7ee6d054db18fa5f2e096579d0e69f3c42267495b8c011933babdafaf8b6	ood_test	kiwi	kiwi07	433	433
334	109134	ec13b8e7a2d808fa7a6a9b4cf4eccee55acaf87d61310cf47d12590ad0d2515a	ood_test	apple	apple22	434	434
335	101935	a0071fbb6d5733bd96ee54cb5bb14f72d87e7c2ea01f948172ac7cb222da9ca1	ood_test	apple	apple22	435	435
336	101536	a6fdedfe7466b4b1cee38526c45ba3b2e84812c73daceaecd18301ce77f6949f	ood_test	avocado	avocado06	436	436
337	100337	66054d8a95fd8facf7652a29781fa9dcef7a0bd3e6d6ed898d129ff1485a6e02	ood_test	beer	beer13	437	437
338	102738	69c256b5fb56c4298670e5edcd65fd10f7521a575f9cdc932c1d371d45665856	ood_test	lemon	lemon15	438	438
339	105539	5dcf42d5b36638158390ba9d8e1cfef089fc3d20599e75cdcd41823d0ed8239c	ood_test	apple	apple22	439	439
340	104740	d009c66ecb3a4c8a5d8104321dd95edd3134bd51ccd2be25cd9a98ce5550eb36	ood_test	bowl	bowl18	440	440
341	101141	0853850977fc05300bd510ef7efcc173448acef1ac6ac14e56a76ddf844dd2c4	ood_test	apple	apple20	441	441
342	104342	40348e771070ac0ed21af630e70f57a7d5cac9e81450426d94cd02bb6f44e227	ood_test	lemon	lemon14	442	442
343	102743	01b3d357289148c8064ac81d99f4c5ccfbf413e38520ffcbd5a4600c9c5da8c3	ood_test	orange	orange12	443	443
344	100344	ddffed78f8b8aa64ee6a1092add92a168352eff49658fcfe6a633f3018681640	ood_test	apple	apple22	444	444
345	104745	b660eef0740bb3a1890f13a7cf26f4964646e958569ff9caf7d1176821880c54	ood_test	beer	beer13	445	445
346	101546	e76e8dc28adae0f713c4e50827bbb8bbadfb27231a58a6db1f33911451f870ab	ood_test	orange	orange12	446	446
347	100347	cf503d975f83d1e887b8949c68113ba85b14be31caa4843197a7356fbf63be1c	ood_test	plate	plate16	447	447
348	105148	a218de47e9a36410446a139431086da281a6833f8249ec38cabe38c8c3a9c1e0	ood_test	avocado	avocado06	448	448
349	102749	c333c7da7a2e8308f29c5ce6159cecb23a0043c38c6867fb3cc7be8a758f80d3	ood_test	bowl	bowl19	449	449
350	102350	9fdc2335464d2251f2fc11d4467798142121d590369839fbc2bf2e917b2dcec8	ood_test	lemon	lemon14	450	450
351	107551	7f275359cbb0b330235f27efabc305119bb07daca93976cf693de27ef18ce041	ood_test	tray	tray11	451	451
352	100752	46a310c61296d45f1a364198a0b4ec9d622b1d53dcb2806cbd7360489cef3118	ood_test	peach	peach06	452	452
353	101553	ab7a81d4eed9a25bc91b8dea8569bf533db6db3881d6c62b91d32d44a41a00c9	ood_test	beer	beer13	453	453
354	100354	412af0eca5fe829e59c1d801fb5032724715ddf37c37e16701c46a3bede50260	ood_test	tomato	tomato07	454	454
355	107555	0aee3b79c3b3bb14dcf4ca938952b71a6d0cf0c6f8f319f510d58c7e7cbf8fa6	ood_test	onion	onion10	455	455
356	109956	c89aae9529229e0534457076e09156ba09d05e588607e86985861158734dcc67	ood_test	potato	potato18	456	456
357	106757	a11dfbf3f1c1ea938cba6d6ff36ecae2cf523ea62ea8e33f49fbe6b723b38829	ood_test	avocado	avocado06	457	457
358	104758	fb251696ca263a804cb48d3e3826e544aace7e630432f275d85373cccf28ea19	ood_test	orange	orange12	458	458
359	101159	467e47f1f13bd6c4222fd6c95d326e018adc84869e7ae7e7b3a12866c1d3bbf2	ood_test	bowl	bowl18	459	459
360	101960	bc3884172df622e377c40593796d85995334a26ff954354c159338a9b688b0a3	ood_test	tomato	tomato07	460	460
361	106361	12f449466a09975006960298888d7cf419f3d6c52a052aa1008e8e3fe872f1dd	ood_test	bowl	bowl18	461	461
362	101562	b1c96c8bfc250da770fe7cc769673f8c83a7a33a716388fcdc52fdcb7758385a	ood_test	tomato	tomato07	462	462
363	101163	117916aecd906d505b8da962fdf2f9bfb4ac04a7b25c2263482851b33c092f2a	ood_test	beer	beer13	463	463
364	101564	2944351a2edf4cb6d5b4ac358d21676f18698aa5b399ff4b66ece16c872cce75	ood_test	apple	apple20	464	464
365	109165	b47ab3487bc03ee9f1c5fbc6375cceb16adcb92631c072f8e7159d58b0892f15	ood_test	bowl	bowl19	465	465
366	101566	bb2813b912ddee55b5f83daf8649b54830d849bcafc781d193a226bb29f0bc55	ood_test	potato	potato18	466	466
367	101967	73c445f63b4c2736faf908d4e86d3b0ca7055874c550d57dce13266df19811c5	ood_test	bowl	bowl18	467	467
368	104368	e120c4b1b6f9b24bef3b989c0c5716026fc98ea1bcd898f5e45f85c6c6ed51e9	ood_test	box	box14	468	468
369	102769	0ad30db8e82fcd45f61621a25089bcb984d38daf45d6d2d1a998c6d48e4bbabd	ood_test	kiwi	kiwi07	469	469
370	103970	d02718c7abeb9e56837f3a4bb0c3d4643aa9d4e2b1c80154cf2efd30c4c680af	ood_test	tray	tray12	470	470
371	105171	72ee0e32be9e66db957f630da417fb3f7df1b3eb5006b9ee1be1da0174f43e14	ood_test	egg	egg12	471	471
372	102372	19e0d06a0728fd4001a0bae21ab6394ba226faae91bfc63e0e57f57eeeecfa39	ood_test	bowl	bowl18	472	472
373	109573	e35c92e0c7eb2f228cb064cf17d15f62fa440f6f0ff8bbefc1f302bfcec7e90b	ood_test	can	fcan18	473	473
374	103974	416cb55da050a701124a80400dd6836a1bacc808da4a89ca725677eb4768e72b	ood_test	kiwi	kiwi07	474	474
375	100375	0b8c40dd192a10320c79262c1f775187e65809196885cf92d2bcc3fb6841bfa9	ood_test	avocado	avocado06	475	475
376	102376	1f45654d8957cf558c92d76ffb47dd5945e3da3e0cbeb491fb12e56ab950935f	ood_test	plate	plate16	476	476
377	106377	00b6bb327f891651e469194c6970fd63b068b810c79216fac703d4e58549031b	ood_test	kiwi	kiwi07	477	477
378	101978	7eb563d127c1e6b47f7fc5d94e2c17528911576dd8c4078e73235615d5d84dc6	ood_test	bottle	wbottle17	478	478
379	105979	fd55c20534999de1c7b4a17fe884f7d1e881683472e09d6b01a2c999a1bfc71a	ood_test	potato	potato18	479	479
380	100780	5145460372c4590c3c001db3223483d7d857ef8a692cf1453fe9ecd86053f696	ood_test	peach	peach06	480	480
381	105181	214413635a9c1b774156e48e96f8d71117bdb502a58de49f8572c9152128b575	ood_test	avocado	avocado08	481	481
382	108382	8888dfa65ac18fad1a9806b01cc37589013583ed48023990c13bef1dc977ecf8	ood_test	bottle	wbottle17	482	482
383	107583	56c8b61ebfc304fdd9a1c168cc59bddca0161222bccc299b1010165305ead2e9	ood_test	lemon	lemon14	483	483
384	105584	daf0275163b0d5333636cb7c8c0bf9562cb3026ada7949f9c2b459df93498609	ood_test	can	fcan17	484	484
385	106785	942940ba6a313dfc2eb371e48c65af4910c8bcdd0012d177e8e010288fad5099	ood_test	apple	apple22	485	485
386	106386	0e6c88349fb98efd51910e576ede712c8029695d3e02e4cac9aef6585e5812e3	ood_test	bowl	bowl19	486	486
387	101987	1ecd99cbd45472318b58ae710e45f248b00e7e3b68fc466c0613e33da30c634d	ood_test	can	fcan17	487	487
388	103588	85d0d9ff92f44543e83d915c57464bf9f32be87ba3940b184f1e567dd79d8e8a	ood_test	potato	potato18	488	488
389	105189	536b15b68129f667d09fe7a16250bb89f41eb8ba24b7b950ab9e6534bb5cc4b8	ood_test	avocado	avocado08	489	489
390	103990	cc70047c05de20dc928e0fff39ba0ccd3a8ffa86c8ba6932a7ddd7137f0a997e	ood_test	bottle	wbottle17	490	490
391	104791	31a0dc862f2fe94836664d2d1e14944ad6d366e472af67f83bb87c685ea7d80c	ood_test	orange	orange13	491	491
392	105992	51b4d1741c6abb738bf1edd66282ebadf6049285ef0a877ba2261ca21d12746a	ood_test	beer	beer13	492	492
393	107193	c48a0435dc54360081e0b3e40ff0366a9a1d56f270d6f0b57bef3a7e96a4bd16	ood_test	box	box14	493	493
394	109994	ae2e47eda27d8763370c58873dc0a29470ca194676ed63bb1ac638aa5043b862	ood_test	bottle	wbottle17	494	494
395	100795	4fb178626dc0f3e628d855389f20064dfb7b3bc0ba2d46f97be05509cef55c65	ood_test	tomato	tomato07	495	495
396	106396	c9809ec1d0d602b8b26c57fcd9a06b3ce4aa8a10e24444ea9515177be1e9653a	ood_test	tomato	tomato07	496	496
397	103597	d74a55d23bbad94ab8c42abab58944d9a08aaed0023b0e14d2d18c6cb395c369	ood_test	potato	potato17	497	497
398	103598	91fdf1f58df208988a0b948be53718bd8de5b607c10c7d702b5aeb7580b91ac0	ood_test	bottle	wbottle23	498	498
399	100399	8c8ce5d07d013e0c8f8ce3f51d420eea8df32560dcadb4a089b9a23634760663	ood_test	beer	beer13	499	499
