CATEGORY	STATUS	SIZE_BYTES	SHA256	ORIGINAL_DEAN_PATH	LOCAL_AUDIT_PATH
automation_generated	COPIED_TO_AUDIT	5245	f566d61dbaf88088d0c2d966c3958fab807b9d8409d525093e289d76a74a0318	/mnt/ai/projects/simvla_isaac_risk_collection_H10_EXECUTION_20260813/automation/generated/hard_round_002/collection_config.yaml	hard_1000/collection_config.yaml
automation_generated	COPIED_TO_AUDIT	8914	7b669aeaee79e351a86c08ca2498b5149b546ffb986517efc58cdecef6483bbb	/mnt/ai/projects/simvla_isaac_risk_collection_H10_EXECUTION_20260813/automation/generated/hard_round_002/generation_report.json	hard_1000/generation_report.json
automation_generated	COPIED_TO_AUDIT	2651851	6d6996acf7795133b46832171bb512e6bd37e4d6bd36929b0178e391b4474627	/mnt/ai/projects/simvla_isaac_risk_collection_H10_EXECUTION_20260813/automation/generated/hard_round_002/manifest.json	hard_1000/manifest.json
automation_generated	COPIED_TO_AUDIT	759	5ee5a176f5d2f6dd5c40e0fe05844b100e601c0aee64c2dead411d47727fe32e	/mnt/ai/projects/simvla_isaac_risk_collection_H10_EXECUTION_20260813/automation/generated/hard_round_002/run_config.yaml	hard_1000/run_config.yaml
automation_generated	REMOTE_ONLY_LARGE_OR_ARRAY	376788	7ff10101f7d61966ef85246850aa4b08f158da3ef1c8867217d1e2a4a9fc8829	/mnt/ai/projects/simvla_isaac_risk_collection_H10_EXECUTION_20260813/automation/generated/locked_ood150/manifest.json	-
automation_generated	REMOTE_ONLY_LARGE_OR_ARRAY	1233	06b55c9cff38482997d0a0565fc94806ca038a56c9cc4a8cb5eb5d6e11c88b02	/mnt/ai/projects/simvla_isaac_risk_collection_H10_EXECUTION_20260813/automation/generated/locked_ood150/preparation_report.json	-
automation_generated	REMOTE_ONLY_LARGE_OR_ARRAY	755	0df8c2df4d6c23b03487afdf9b525b2db0b4898fdc287639b667323b37e0c582	/mnt/ai/projects/simvla_isaac_risk_collection_H10_EXECUTION_20260813/automation/generated/locked_ood150/run_config.yaml	-
automation_generated	COPIED_TO_AUDIT	5245	f566d61dbaf88088d0c2d966c3958fab807b9d8409d525093e289d76a74a0318	/mnt/ai/projects/simvla_isaac_risk_collection_H10_EXECUTION_20260813/automation/generated/round_001/collection_config.yaml	hard_1000/collection_config.yaml
automation_generated	REMOTE_ONLY_LARGE_OR_ARRAY	1239	08583ac72516cdf9f1c83f4c027a261607b51b307e1b9b63cb06a6833e05f1de	/mnt/ai/projects/simvla_isaac_risk_collection_H10_EXECUTION_20260813/automation/generated/round_001/generation_report.json	-
automation_generated	REMOTE_ONLY_LARGE_OR_ARRAY	10142871	c181615221887ea0ae44395939803444ad130b094dde625e5bd762a2913e076d	/mnt/ai/projects/simvla_isaac_risk_collection_H10_EXECUTION_20260813/automation/generated/round_001/manifest.json	-
automation_generated	REMOTE_ONLY_LARGE_OR_ARRAY	754	aa972478c70a5189cc2f8a3414e8eba75d9dd84e5a9fb59f2f83f3f1c2364f68	/mnt/ai/projects/simvla_isaac_risk_collection_H10_EXECUTION_20260813/automation/generated/round_001/run_config.yaml	-
automation_root	REMOTE_ONLY_LARGE_OR_ARRAY	9885	dfc20db79af1972d995a182fb475d9e808185c91e4f8a1e190413eac457ec51d	/mnt/ai/projects/simvla_isaac_risk_collection_H10_EXECUTION_20260813/automation/compress_audited_round.py	-
automation_root	REMOTE_ONLY_LARGE_OR_ARRAY	1416	117d59568efd4640a7c0f91aff7fd508f4defebab7693385077f52c0caa19f06	/mnt/ai/projects/simvla_isaac_risk_collection_H10_EXECUTION_20260813/automation/final_risk_pipeline.sh	-
automation_root	COPIED_TO_AUDIT	16604	1a52249c30d51c6fa11a31a185b31f4b3fcac62305562a5565ff26442bb529c8	/mnt/ai/projects/simvla_isaac_risk_collection_H10_EXECUTION_20260813/automation/generate_hard_seen_round.py	hard_1000/generate_hard_seen_round.py
automation_root	REMOTE_ONLY_LARGE_OR_ARRAY	9580	4515022fea751e8b3dfaa00e0bb93236d95518a082731b3ae4344af6d3f275ce	/mnt/ai/projects/simvla_isaac_risk_collection_H10_EXECUTION_20260813/automation/generate_official_seen_round.py	-
automation_root	REMOTE_ONLY_LARGE_OR_ARRAY	7017	ccbd841dd4764d3be5740c8b905179a6fca342a4f6d0f81fecfaa095245dcc99	/mnt/ai/projects/simvla_isaac_risk_collection_H10_EXECUTION_20260813/automation/generate_seen_enrichment_round.py	-
automation_root	REMOTE_ONLY_LARGE_OR_ARRAY	339	c084fe847981730d80966a080c1bf18b79686645052ccc23460b3bad0dcd213e	/mnt/ai/projects/simvla_isaac_risk_collection_H10_EXECUTION_20260813/automation/handoff_first_cycle_to_hard1000.sh	-
automation_root	REMOTE_ONLY_LARGE_OR_ARRAY	0	e3b0c44298fc1c149afbf4c8996fb92427ae41e4649b934ca495991b7852b855	/mnt/ai/projects/simvla_isaac_risk_collection_H10_EXECUTION_20260813/automation/hard1000_pipeline.lock	-
automation_root	COPIED_TO_AUDIT	22558	8148bba896dace6e262425c7fd65cd827c5c9446b3b8b04c7b7ec28b045677cf	/mnt/ai/projects/simvla_isaac_risk_collection_H10_EXECUTION_20260813/automation/hard1000_pipeline.py	hard_1000/hard1000_pipeline.py
automation_root	COPIED_TO_AUDIT	689	81a5bcc344b94cfd9e0c6a671d2fa499f77bc0cf3d4fd5a3d22b2642857aba91	/mnt/ai/projects/simvla_isaac_risk_collection_H10_EXECUTION_20260813/automation/hard1000_pipeline_status.json	hard_1000/hard1000_pipeline_status.json
automation_root	REMOTE_ONLY_LARGE_OR_ARRAY	2011	8edfbf282c9570f916d5ffce1861ebf0279c3ef12e9b4f794c9768f91ddcc6eb	/mnt/ai/projects/simvla_isaac_risk_collection_H10_EXECUTION_20260813/automation/hard1000_pipeline_tmux.sh	-
automation_root	REMOTE_ONLY_LARGE_OR_ARRAY	291	71dd0fd9529eb04cecdb6e381961ac1e9346831339deb9051d5feb1863701e29	/mnt/ai/projects/simvla_isaac_risk_collection_H10_EXECUTION_20260813/automation/pipeline_live_status.json	-
automation_root	REMOTE_ONLY_LARGE_OR_ARRAY	24600	9e1f132cacbec5bb8e63af710e4b7dcb9436fe415b2afdf7e41dbd5d2c1fbc67	/mnt/ai/projects/simvla_isaac_risk_collection_H10_EXECUTION_20260813/automation/pipeline_supervisor.py	-
automation_root	REMOTE_ONLY_LARGE_OR_ARRAY	5152	6822d1f55b218dfc9a3776bdca10a0854e474618d43a46a6141efe6c350ef088	/mnt/ai/projects/simvla_isaac_risk_collection_H10_EXECUTION_20260813/automation/prepare_locked_ood150.py	-
automation_root	REMOTE_ONLY_LARGE_OR_ARRAY	2261	1db8a26219a94516d0e0ad5510990545b870c84e28bc887458e0fed452ae074e	/mnt/ai/projects/simvla_isaac_risk_collection_H10_EXECUTION_20260813/automation/run_locked_ood150_stage.sh	-
automation_root	REMOTE_ONLY_LARGE_OR_ARRAY	4524	3b85d44985a1d88fe3ac6792e263bb9dc8a9866fb9775b0f3319d2352c164462	/mnt/ai/projects/simvla_isaac_risk_collection_H10_EXECUTION_20260813/automation/run_production_round_stage.sh	-
automation_root	REMOTE_ONLY_LARGE_OR_ARRAY	10451	345fc4e7c934c12631705e96157cedf351294c0f5212aa65c8dc0444a135716d	/mnt/ai/projects/simvla_isaac_risk_collection_H10_EXECUTION_20260813/automation/run_with_progress_watchdog.py	-
configs_and_schemas	COPIED_TO_AUDIT	750	f30b025ae2013e432895c8a3cb5e8cea3a89f4623fee82bb11b98f1d52c5e768	/mnt/ai/projects/simvla_isaac_risk_collection_H10_EXECUTION_20260813/configs/final_seen_h10_round_000_seed20260730.yaml	configs/final_seen_h10_round_000_seed20260730.yaml
configs_and_schemas	COPIED_TO_AUDIT	739	358696b9377109cf7bff14c744ceb2509913737a5d1cecf03c983bc68f7445cf	/mnt/ai/projects/simvla_isaac_risk_collection_H10_EXECUTION_20260813/configs/ood_schema_smoke.yaml	configs/ood_schema_smoke.yaml
configs_and_schemas	COPIED_TO_AUDIT	702	eb2b4d69cc6a2a61e446c884e84225e2b38483ca2803b198a1117bdaaed05ef1	/mnt/ai/projects/simvla_isaac_risk_collection_H10_EXECUTION_20260813/configs/seen_chunk_h10_4000.yaml	configs/seen_chunk_h10_4000.yaml
configs_and_schemas	COPIED_TO_AUDIT	744	1a62bd2f8f180c05ecf6686e8ddec9b4d895076285041fce255bd56c8a8d910a	/mnt/ai/projects/simvla_isaac_risk_collection_H10_EXECUTION_20260813/configs/seen_chunk_h10_4000_timeout2400.yaml	configs/seen_chunk_h10_4000_timeout2400.yaml
configs_and_schemas	COPIED_TO_AUDIT	693	7db586b283a72d98f38bc725b08d6d9a0d93b7708b34e43b44dac19d2e07fe39	/mnt/ai/projects/simvla_isaac_risk_collection_H10_EXECUTION_20260813/configs/seen_smoke.yaml	configs/seen_smoke.yaml
configs_and_schemas	REMOTE_ONLY_LARGE_OR_ARRAY	10101715	d704db4ec37610a2231541abecf817f5b094ceabdf1c47ef791a01c7058211a2	/mnt/ai/projects/simvla_isaac_risk_collection_H10_EXECUTION_20260813/manifests/seen_4000_master.json	-
configs_and_schemas	REMOTE_ONLY_LARGE_OR_ARRAY	1036180	8e71155f82b07fe433247faad99b32ee1096666d7681343864e67d0676195394	/mnt/ai/projects/simvla_isaac_risk_collection_H10_EXECUTION_20260813/manifests/seen_calibration.json	-
configs_and_schemas	COPIED_TO_AUDIT	94299	6db991e7b54b6e118a0ce345f2dc6e3cee090c4907001edeaa2600de544968b4	/mnt/ai/projects/simvla_isaac_risk_collection_H10_EXECUTION_20260813/manifests/seen_split_assignments.json	configs/seen_split_assignments.json
configs_and_schemas	REMOTE_ONLY_LARGE_OR_ARRAY	1034505	6ab4e8b242054d685c2ee6709c48dabc0d303b099073d383f0a35c66eec17a6a	/mnt/ai/projects/simvla_isaac_risk_collection_H10_EXECUTION_20260813/manifests/seen_test.json	-
configs_and_schemas	REMOTE_ONLY_LARGE_OR_ARRAY	8030946	f54bc59085c9ff4c23bbeccb7c5ea220620fc50022dfe6f2d1a6acd18a689bad	/mnt/ai/projects/simvla_isaac_risk_collection_H10_EXECUTION_20260813/manifests/seen_train.json	-
configs_and_schemas	COPIED_TO_AUDIT	3577	81dac9e54ff40c0bbd44f653c17ab42f4c54d2ca6d67e3f0ebb32ab53918b9a0	/mnt/ai/projects/simvla_isaac_risk_collection_H10_EXECUTION_20260813/schemas/risk_collection_row.schema.json	configs/risk_collection_row.schema.json
evaluation	COPIED_TO_AUDIT	344	075f39058ece86af34ba84f6a8509e556ce41257407be0f56bba07c058cdd1ee	/mnt/ai/projects/simvla_isaac_risk_collection_H10_EXECUTION_20260813/evaluations/locked_h10_ood150_topk8_v1/ISAAC_SEEN_TO_OOD150_FINAL_EVAL_REPORT.md	evaluation/ISAAC_SEEN_TO_OOD150_FINAL_EVAL_REPORT.md
evaluation	REMOTE_ONLY_LARGE_OR_ARRAY	9	37a40f08d8548dba289b9b0bb35bcf63b359f6d37ee86044ebc6b6da080b9ec1	/mnt/ai/projects/simvla_isaac_risk_collection_H10_EXECUTION_20260813/evaluations/locked_h10_ood150_topk8_v1/LOCKED_OOD150_EVALUATION_COMPLETE	-
evaluation	COPIED_TO_AUDIT	7899	1676b8d88559f68ec5f1abb43f4412f467db353152cc68363672b03d8df2069e	/mnt/ai/projects/simvla_isaac_risk_collection_H10_EXECUTION_20260813/evaluations/locked_h10_ood150_topk8_v1/results.json	evaluation/results.json
evaluation	REMOTE_ONLY_LARGE_OR_ARRAY	19367	8ac76665fd673a7e94097276b07ece92e54fa169326f921123a2b6f52a7872f7	/mnt/ai/projects/simvla_isaac_risk_collection_H10_EXECUTION_20260813/evaluations/locked_h10_ood150_topk8_v1/scores.npz	-
frozen_datasets	REMOTE_ONLY_LARGE_OR_ARRAY	10	cb424b9cab55c18f6faa61082e3f71d6efa7e5dd398c6160f4e99e8777d21895	/mnt/ai/projects/simvla_isaac_risk_collection_H10_EXECUTION_20260813/frozen_datasets/isaac_seen_h10_topk8_v1/FROZEN_AND_VALIDATED	-
frozen_datasets	COPIED_TO_AUDIT	5763	8e3b7f4929fce4a648f174735ec9c0530966cf4e8a93a66a3e793432a5be4859	/mnt/ai/projects/simvla_isaac_risk_collection_H10_EXECUTION_20260813/frozen_datasets/isaac_seen_h10_topk8_v1/dataset_manifest.json	h10_4000/dataset_manifest.json
frozen_datasets	COPIED_TO_AUDIT	5936	78c934b33e0536bd7cb6b7e5b1962da32305729f602d8269d3a38422841ce050	/mnt/ai/projects/simvla_isaac_risk_collection_H10_EXECUTION_20260813/frozen_datasets/isaac_seen_h10_topk8_v1/normalization.json	h10_4000/normalization.json
frozen_datasets	COPIED_TO_AUDIT	774403	a4b82dd6e6d944b2719ea071d1e66636cc4816e5e159c23adee382ff9e9ecac3	/mnt/ai/projects/simvla_isaac_risk_collection_H10_EXECUTION_20260813/frozen_datasets/isaac_seen_h10_topk8_v1/split_assignments.json	h10_4000/split_assignments.json
frozen_datasets	REMOTE_ONLY_LARGE_OR_ARRAY	3183168	f7c7bcaf773270e1d5cf17fe8c6a10b63679e09e1cca64c1af99d3f5d1261876	/mnt/ai/projects/simvla_isaac_risk_collection_H10_EXECUTION_20260813/frozen_datasets/isaac_seen_h10_topk8_v1/test/action.npy	-
frozen_datasets	REMOTE_ONLY_LARGE_OR_ARRAY	45600	add759020660b3ca755fc305807e89e83658609f99878afc13557cc761e06fc1	/mnt/ai/projects/simvla_isaac_risk_collection_H10_EXECUTION_20260813/frozen_datasets/isaac_seen_h10_topk8_v1/test/decision_index.npy	-
frozen_datasets	REMOTE_ONLY_LARGE_OR_ARRAY	45600	d4697bfb83647d16c4e7e365515ea6f6ddd0b94c60cdbf8b20c96080a07c5109	/mnt/ai/projects/simvla_isaac_risk_collection_H10_EXECUTION_20260813/frozen_datasets/isaac_seen_h10_topk8_v1/test/episode_index.npy	-
frozen_datasets	REMOTE_ONLY_LARGE_OR_ARRAY	539622	302fa320d25df1cb4082eb6d0ab482d486116133d435109c2894d1ded9447683	/mnt/ai/projects/simvla_isaac_risk_collection_H10_EXECUTION_20260813/frozen_datasets/isaac_seen_h10_topk8_v1/test/episodes.json	-
frozen_datasets	REMOTE_ONLY_LARGE_OR_ARRAY	15278720	db46500d76c88f30a8974557c0f49f63bb0d148f5e2e1bb24a5bafc05f005dde	/mnt/ai/projects/simvla_isaac_risk_collection_H10_EXECUTION_20260813/frozen_datasets/isaac_seen_h10_topk8_v1/test/history.npy	-
frozen_datasets	REMOTE_ONLY_LARGE_OR_ARRAY	45600	750f78d020ba9c3cbff833039b57c45245513d2cf52078dd4bb9b1ceca7689c8	/mnt/ai/projects/simvla_isaac_risk_collection_H10_EXECUTION_20260813/frozen_datasets/isaac_seen_h10_topk8_v1/test/label.npy	-
frozen_datasets	REMOTE_ONLY_LARGE_OR_ARRAY	2319200	2419e8a2b6f8cf2dcbce089b506f14d8343fa1fe32f1f344db2ad9357ec500e3	/mnt/ai/projects/simvla_isaac_risk_collection_H10_EXECUTION_20260813/frozen_datasets/isaac_seen_h10_topk8_v1/test/static.npy	-
frozen_datasets	REMOTE_ONLY_LARGE_OR_ARRAY	14791128	09faeb5a85f87eca47a38220a2a0f35e89ea39b5fa11b9b2471600254a5e5dc0	/mnt/ai/projects/simvla_isaac_risk_collection_H10_EXECUTION_20260813/frozen_datasets/isaac_seen_h10_topk8_v1/train/action.npy	-
frozen_datasets	REMOTE_ONLY_LARGE_OR_ARRAY	211428	0dd0e57ea47d91742edc27f13223be2e2366eee2ca8ec2ee00e0947075732aaf	/mnt/ai/projects/simvla_isaac_risk_collection_H10_EXECUTION_20260813/frozen_datasets/isaac_seen_h10_topk8_v1/train/decision_index.npy	-
frozen_datasets	REMOTE_ONLY_LARGE_OR_ARRAY	211428	0e974d19c90b92e0c60347f272792f1123ed868090fa561b0babab7cf1e380de	/mnt/ai/projects/simvla_isaac_risk_collection_H10_EXECUTION_20260813/frozen_datasets/isaac_seen_h10_topk8_v1/train/episode_index.npy	-
frozen_datasets	REMOTE_ONLY_LARGE_OR_ARRAY	2524898	21d78254ef553466355efd2fb2c935754019434f4cadd378ef03d1313c34d6ce	/mnt/ai/projects/simvla_isaac_risk_collection_H10_EXECUTION_20260813/frozen_datasets/isaac_seen_h10_topk8_v1/train/episodes.json	-
frozen_datasets	REMOTE_ONLY_LARGE_OR_ARRAY	70996928	8373b2762ea2d6910139e92d605ab81bbf5b3ed7d7c64b32b535629296ebf537	/mnt/ai/projects/simvla_isaac_risk_collection_H10_EXECUTION_20260813/frozen_datasets/isaac_seen_h10_topk8_v1/train/history.npy	-
frozen_datasets	REMOTE_ONLY_LARGE_OR_ARRAY	211428	42734b96ad8d38acbfcc6bd7f455c58549c75474a6d0b0da7c8f21d0ec81f575	/mnt/ai/projects/simvla_isaac_risk_collection_H10_EXECUTION_20260813/frozen_datasets/isaac_seen_h10_topk8_v1/train/label.npy	-
frozen_datasets	REMOTE_ONLY_LARGE_OR_ARRAY	10776428	61078566347621ff8f805fb9873e5d482bc14918edaae11260d2c8dd0c8c517a	/mnt/ai/projects/simvla_isaac_risk_collection_H10_EXECUTION_20260813/frozen_datasets/isaac_seen_h10_topk8_v1/train/static.npy	-
frozen_datasets	REMOTE_ONLY_LARGE_OR_ARRAY	3194928	156284d24915b73d41eb3a9fbbe1ee76c229a858b6ef19765e5c643bee9ed9cb	/mnt/ai/projects/simvla_isaac_risk_collection_H10_EXECUTION_20260813/frozen_datasets/isaac_seen_h10_topk8_v1/validation/action.npy	-
frozen_datasets	REMOTE_ONLY_LARGE_OR_ARRAY	45768	54c81e4293caa03f6f0fd1ce21c544653485ed4156620634c932ca2c75f7df6d	/mnt/ai/projects/simvla_isaac_risk_collection_H10_EXECUTION_20260813/frozen_datasets/isaac_seen_h10_topk8_v1/validation/decision_index.npy	-
frozen_datasets	REMOTE_ONLY_LARGE_OR_ARRAY	45768	fbe737d64101912d62c23c2abf5a6cb18fafbce4c97db0b7fe8926f52ee34ab7	/mnt/ai/projects/simvla_isaac_risk_collection_H10_EXECUTION_20260813/frozen_datasets/isaac_seen_h10_topk8_v1/validation/episode_index.npy	-
frozen_datasets	REMOTE_ONLY_LARGE_OR_ARRAY	539663	89d193941b676205758424761cdf91b7a2437b935d61ed717868d792035425e7	/mnt/ai/projects/simvla_isaac_risk_collection_H10_EXECUTION_20260813/frozen_datasets/isaac_seen_h10_topk8_v1/validation/episodes.json	-
frozen_datasets	REMOTE_ONLY_LARGE_OR_ARRAY	15335168	b65e097303db092513c0cd955c786fe66a44b51b0174011ef3f259d71d3907ad	/mnt/ai/projects/simvla_isaac_risk_collection_H10_EXECUTION_20260813/frozen_datasets/isaac_seen_h10_topk8_v1/validation/history.npy	-
frozen_datasets	REMOTE_ONLY_LARGE_OR_ARRAY	45768	f827adf9f59fec49de4a44103f0c446d1bb48a8de6813f347e1179c8190ce6e5	/mnt/ai/projects/simvla_isaac_risk_collection_H10_EXECUTION_20260813/frozen_datasets/isaac_seen_h10_topk8_v1/validation/label.npy	-
frozen_datasets	REMOTE_ONLY_LARGE_OR_ARRAY	2327768	e5dc8738953a17a593e7e1e271a6abfda5e04742f79ccafe09a926b4fee3a692	/mnt/ai/projects/simvla_isaac_risk_collection_H10_EXECUTION_20260813/frozen_datasets/isaac_seen_h10_topk8_v1/validation/static.npy	-
frozen_datasets	REMOTE_ONLY_LARGE_OR_ARRAY	9	37a40f08d8548dba289b9b0bb35bcf63b359f6d37ee86044ebc6b6da080b9ec1	/mnt/ai/projects/simvla_isaac_risk_collection_H10_EXECUTION_20260813/frozen_datasets/locked_h10_ood150_eval/EVAL_DATASET_COMPLETE	-
frozen_datasets	REMOTE_ONLY_LARGE_OR_ARRAY	1648488	97e564d0ef2b1bb59fee6dbf3a9d382d72926752af827fadfcf2bc426d25955b	/mnt/ai/projects/simvla_isaac_risk_collection_H10_EXECUTION_20260813/frozen_datasets/locked_h10_ood150_eval/action.npy	-
frozen_datasets	REMOTE_ONLY_LARGE_OR_ARRAY	23676	e1b947d54dde45c6080f7c63e75334dec5a2a7a1aaf41cafafcf2a7c1816e9fc	/mnt/ai/projects/simvla_isaac_risk_collection_H10_EXECUTION_20260813/frozen_datasets/locked_h10_ood150_eval/decision_index.npy	-
frozen_datasets	REMOTE_ONLY_LARGE_OR_ARRAY	23676	1eba3e4e79de510b8f3045efbfa87fc71fdb6cb12c57b6c2552d89955baf8d2e	/mnt/ai/projects/simvla_isaac_risk_collection_H10_EXECUTION_20260813/frozen_datasets/locked_h10_ood150_eval/episode_index.npy	-
frozen_datasets	COPIED_TO_AUDIT	42716	cc24eb7520cd41e96d327446ef5e08d91bd0b37d5337b646cd8625fb915cf692	/mnt/ai/projects/simvla_isaac_risk_collection_H10_EXECUTION_20260813/frozen_datasets/locked_h10_ood150_eval/episodes.json	evaluation/locked_ood150_eval_episodes.json
frozen_datasets	REMOTE_ONLY_LARGE_OR_ARRAY	7912256	e76b0c9b1d53edbc7121d1b32f6b94cf2eddac56b948241df80684cd86a18bc0	/mnt/ai/projects/simvla_isaac_risk_collection_H10_EXECUTION_20260813/frozen_datasets/locked_h10_ood150_eval/history.npy	-
frozen_datasets	REMOTE_ONLY_LARGE_OR_ARRAY	23676	83762093ea5930faf85aa5916306c031b9a2136d98660c439d9426db8c514070	/mnt/ai/projects/simvla_isaac_risk_collection_H10_EXECUTION_20260813/frozen_datasets/locked_h10_ood150_eval/label.npy	-
frozen_datasets	COPIED_TO_AUDIT	562	e5b6cf816d9c10d346f62516d9770258512686b1aefa80c14b432fab5c3bc86a	/mnt/ai/projects/simvla_isaac_risk_collection_H10_EXECUTION_20260813/frozen_datasets/locked_h10_ood150_eval/manifest.json	evaluation/locked_ood150_eval_manifest.json
frozen_datasets	REMOTE_ONLY_LARGE_OR_ARRAY	1201076	949bf52487bfe280e5a717f7fe71b83fcc68a1c0802fbd4aa9427751983991d7	/mnt/ai/projects/simvla_isaac_risk_collection_H10_EXECUTION_20260813/frozen_datasets/locked_h10_ood150_eval/static.npy	-
logs	COPIED_TO_AUDIT	6379	9ace9eb00519d2ab7543da2351eca2b1c6e18a1b78e3584047cdef702740700e	/mnt/ai/projects/simvla_isaac_risk_collection_H10_EXECUTION_20260813/logs/build_frozen_seen_dataset.log	logs/build_frozen_seen_dataset.log
logs	COPIED_TO_AUDIT	1189	9bf974c66c72fec56465ab8f9b2d041aff2fca6a34351f6c4135defd30325a8d	/mnt/ai/projects/simvla_isaac_risk_collection_H10_EXECUTION_20260813/logs/build_locked_ood150_arrays.log	logs/build_locked_ood150_arrays.log
logs	COPIED_TO_AUDIT	8628	95a6c1030faa0cc1d59afebfe24dfb6a2a042d423b25e29318accbb15cb57550	/mnt/ai/projects/simvla_isaac_risk_collection_H10_EXECUTION_20260813/logs/evaluate_locked_ood150.log	logs/evaluate_locked_ood150.log
logs	COPIED_TO_AUDIT	22886	7485ff5ecd1b7995d4bd22c126d8cf268f8522926c9f2f27d8b34e2c638a09ce	/mnt/ai/projects/simvla_isaac_risk_collection_H10_EXECUTION_20260813/logs/final_locked_h10_ood150_seed20260728.log	logs/final_locked_h10_ood150_seed20260728.log
logs	COPIED_TO_AUDIT	3177	3bd76f9576074c1145ca99b9f2a996da89a357c25eb139871cb7513837c86231	/mnt/ai/projects/simvla_isaac_risk_collection_H10_EXECUTION_20260813/logs/final_risk_pipeline_supervisor.log	logs/final_risk_pipeline_supervisor.log
logs	REMOTE_ONLY_LARGE_OR_ARRAY	110	e4e42a3ff4154defe58543420f8506ba1405a3efcc16d6648a412659a67dc751	/mnt/ai/projects/simvla_isaac_risk_collection_H10_EXECUTION_20260813/logs/final_seen_h10_round_000_cpu_tests.log	-
logs	COPIED_TO_AUDIT	434867	36edc6eed71403e7b53e2e5f165f35e02a7b98f0fe8eecf5face1a479ab9380c	/mnt/ai/projects/simvla_isaac_risk_collection_H10_EXECUTION_20260813/logs/final_seen_h10_round_000_seed20260730.log	logs/final_seen_h10_round_000_seed20260730.log
logs	REMOTE_ONLY_LARGE_OR_ARRAY	1090	741bca3564793a641d88d64059daa398ebed39d5abc87b48e4c17925d6c9b99d	/mnt/ai/projects/simvla_isaac_risk_collection_H10_EXECUTION_20260813/logs/final_seen_h10_round_000_source_preflight.log	-
logs	REMOTE_ONLY_LARGE_OR_ARRAY	0	e3b0c44298fc1c149afbf4c8996fb92427ae41e4649b934ca495991b7852b855	/mnt/ai/projects/simvla_isaac_risk_collection_H10_EXECUTION_20260813/logs/final_seen_h10_round_000_stage.log	-
logs	COPIED_TO_AUDIT	19270	205464799c0ec00e3cc08d73c5c97885c607f60952ed3a9e22f6922b6b3873b2	/mnt/ai/projects/simvla_isaac_risk_collection_H10_EXECUTION_20260813/logs/final_seen_h10_round_002_seed20260804.log	logs/final_seen_h10_round_002_seed20260804.log
logs	COPIED_TO_AUDIT	291	eeef7e68cb7062bb178e413417f5d23e12047e97d9f78776d300a0a07a256965	/mnt/ai/projects/simvla_isaac_risk_collection_H10_EXECUTION_20260813/logs/generate_final_risk_reports.log	logs/generate_final_risk_reports.log
logs	REMOTE_ONLY_LARGE_OR_ARRAY	9270	1a197bd17d9050752d439aa4876f6916b16ddafe57177c020b2d137fbce133c8	/mnt/ai/projects/simvla_isaac_risk_collection_H10_EXECUTION_20260813/logs/h10_candidate0_parity.log	-
logs	REMOTE_ONLY_LARGE_OR_ARRAY	110	d5d7be328a82c72a383bca05a6d04962d55de7506dd5a4421df74edee5cb9b49	/mnt/ai/projects/simvla_isaac_risk_collection_H10_EXECUTION_20260813/logs/h10_cpu_tests_20260813.log	-
logs	REMOTE_ONLY_LARGE_OR_ARRAY	110	45d335d7e8fd9e83c33a63b19f6bf130f76055cda5f52b4dd200561faa798f66	/mnt/ai/projects/simvla_isaac_risk_collection_H10_EXECUTION_20260813/logs/h10_cpu_tests_after_full_chain_20260813.log	-
logs	REMOTE_ONLY_LARGE_OR_ARRAY	110	112ac91bdade1c16cb9101f7de3683990765f740caa21bfe7ecc6180a1200b58	/mnt/ai/projects/simvla_isaac_risk_collection_H10_EXECUTION_20260813/logs/h10_cpu_tests_after_reviewer_fixes_20260814.log	-
logs	REMOTE_ONLY_LARGE_OR_ARRAY	9311	4514b11507b2297f9c27890c04b526778f419822dbdbaf949846db69716f5212	/mnt/ai/projects/simvla_isaac_risk_collection_H10_EXECUTION_20260813/logs/h10_forced_timeout_source_000006.log	-
logs	REMOTE_ONLY_LARGE_OR_ARRAY	2	9a271f2a916b0b6ee6cecb2426f0b3206ef074578be55d9bc94f6f3fe3ab86aa	/mnt/ai/projects/simvla_isaac_risk_collection_H10_EXECUTION_20260813/logs/h10_forced_timeout_source_000006.rc	-
logs	REMOTE_ONLY_LARGE_OR_ARRAY	5109	34ba4f5aa37564d9b680af434ece9d3fe9c25cc343370ab5f3c58599002e7998	/mnt/ai/projects/simvla_isaac_risk_collection_H10_EXECUTION_20260813/logs/h10_resume_atomicity.log	-
logs	REMOTE_ONLY_LARGE_OR_ARRAY	9224	3061985097cb63450bd6f978787a914a0431c15109654f2493aa0725d941daed	/mnt/ai/projects/simvla_isaac_risk_collection_H10_EXECUTION_20260813/logs/h10_success_source_000001.log	-
logs	COPIED_TO_AUDIT	301	ca218f003fd51e40e7c4641ee048e7a937656e91e8f5f277cce932235a63a8aa	/mnt/ai/projects/simvla_isaac_risk_collection_H10_EXECUTION_20260813/logs/hard1000_collection_stage.log	logs/hard1000_collection_stage.log
logs	COPIED_TO_AUDIT	9172	df6172e59b35f80a42e21bcbd48f7d43c3213abb2a86e89c8abcbaf0cdfdc4a3	/mnt/ai/projects/simvla_isaac_risk_collection_H10_EXECUTION_20260813/logs/hard1000_generation.log	logs/hard1000_generation.log
logs	REMOTE_ONLY_LARGE_OR_ARRAY	0	e3b0c44298fc1c149afbf4c8996fb92427ae41e4649b934ca495991b7852b855	/mnt/ai/projects/simvla_isaac_risk_collection_H10_EXECUTION_20260813/logs/hard1000_pipeline.log	-
logs	COPIED_TO_AUDIT	524	7f0a2d477c4ccb66ad9a858cdada2312e1c330f47aa519bd3190e59c9898482a	/mnt/ai/projects/simvla_isaac_risk_collection_H10_EXECUTION_20260813/logs/hard1000_preflight_tests.log	logs/hard1000_preflight_tests.log
logs	REMOTE_ONLY_LARGE_OR_ARRAY	147	a05011c6da311da28292054ac041ae4e9319b16e66f6e307b60f375763ae7eda	/mnt/ai/projects/simvla_isaac_risk_collection_H10_EXECUTION_20260813/logs/locked_ood150_stage.log	-
logs	REMOTE_ONLY_LARGE_OR_ARRAY	1233	06b55c9cff38482997d0a0565fc94806ca038a56c9cc4a8cb5eb5d6e11c88b02	/mnt/ai/projects/simvla_isaac_risk_collection_H10_EXECUTION_20260813/logs/prepare_locked_ood150_preflight_20260814.log	-
logs	COPIED_TO_AUDIT	1665	6d28534d8be52397eb2483090b148758e3bfb4d8c33b3fcfbc1c9e4d28b07f58	/mnt/ai/projects/simvla_isaac_risk_collection_H10_EXECUTION_20260813/logs/round_000_lossless_compression.log	logs/round_000_lossless_compression.log
logs	REMOTE_ONLY_LARGE_OR_ARRAY	1517	d474416adae8bb8034bae5ce85d71d5e4f51b1ca5379a8299156a04e41c4c26a	/mnt/ai/projects/simvla_isaac_risk_collection_H10_EXECUTION_20260813/logs/round_001_generation.log	-
logs	REMOTE_ONLY_LARGE_OR_ARRAY	264	13505ee617e49bd6457cf283ba2e758fdeb250b5c3e879b1fe25de3e7af65604	/mnt/ai/projects/simvla_isaac_risk_collection_H10_EXECUTION_20260813/logs/round_001_supervisor_stage.log	-
logs	COPIED_TO_AUDIT	3375	05b5146bffec7a12eff582a355b1e5b54915eed950ec17f3fe17c426d5da4ec6	/mnt/ai/projects/simvla_isaac_risk_collection_H10_EXECUTION_20260813/logs/train_isaac_topk8.log	logs/train_isaac_topk8.log
outputs_reports	COPIED_TO_AUDIT	333601	161f1911fb12d4781c8459f6b1d1c8e18cc62c0e59f0f648befe9cd9aedd0785	/mnt/ai/projects/simvla_isaac_risk_collection_H10_EXECUTION_20260813/outputs/final_locked_h10_ood150_seed20260728/episode_summaries.jsonl	evaluation/ood150_episode_summaries.jsonl
outputs_reports	REMOTE_ONLY_LARGE_OR_ARRAY	108	98be1ff846c3802248a89947892e34da50cf41722db8aa1a06f0e215708e37ea	/mnt/ai/projects/simvla_isaac_risk_collection_H10_EXECUTION_20260813/outputs/final_locked_h10_ood150_seed20260728/live_status.json	-
outputs_reports	COPIED_TO_AUDIT	1964	44f3bd850f25344ba6c445e82af72bcd45c9d063e8920cbe4cf42d90fc0ac289	/mnt/ai/projects/simvla_isaac_risk_collection_H10_EXECUTION_20260813/outputs/final_locked_h10_ood150_seed20260728/reports/exhaustive_audit.json	evaluation/ood150_exhaustive_audit.json
outputs_reports	COPIED_TO_AUDIT	1964	44f3bd850f25344ba6c445e82af72bcd45c9d063e8920cbe4cf42d90fc0ac289	/mnt/ai/projects/simvla_isaac_risk_collection_H10_EXECUTION_20260813/outputs/final_locked_h10_ood150_seed20260728/reports/exhaustive_audit.log	evaluation/ood150_exhaustive_audit.json
outputs_reports	REMOTE_ONLY_LARGE_OR_ARRAY	1233	06b55c9cff38482997d0a0565fc94806ca038a56c9cc4a8cb5eb5d6e11c88b02	/mnt/ai/projects/simvla_isaac_risk_collection_H10_EXECUTION_20260813/outputs/final_locked_h10_ood150_seed20260728/reports/preparation.log	-
outputs_reports	REMOTE_ONLY_LARGE_OR_ARRAY	353796126	0651da79baeabb3e90f0d4f1cde955751947d78dc228472261f5c61081362a84	/mnt/ai/projects/simvla_isaac_risk_collection_H10_EXECUTION_20260813/outputs/final_locked_h10_ood150_seed20260728/risk_receding_samples.jsonl	-
outputs_reports	COPIED_TO_AUDIT	10748	e92bf5f58b1b39c1a05ad6625eedb6db7e8ba8133a67712aaa3355510d260b1b	/mnt/ai/projects/simvla_isaac_risk_collection_H10_EXECUTION_20260813/outputs/final_locked_h10_ood150_seed20260728/run_manifest.json	evaluation/ood150_run_manifest.json
outputs_reports	REMOTE_ONLY_LARGE_OR_ARRAY	404	554e6e83761d585b0c49baad25cc0a8303a03333b3eaf43d6cd7d467e8993638	/mnt/ai/projects/simvla_isaac_risk_collection_H10_EXECUTION_20260813/outputs/final_locked_h10_ood150_seed20260728/watchdog_status.json	-
outputs_reports	COPIED_TO_AUDIT	8969644	38bf37cba739ed49893b8a1768b361b6ea94988b94902fba3f63a3e4e838fa08	/mnt/ai/projects/simvla_isaac_risk_collection_H10_EXECUTION_20260813/outputs/final_seen_h10_round_000_seed20260730/episode_summaries.jsonl	h10_4000/episode_summaries.jsonl
outputs_reports	COPIED_TO_AUDIT	106	de47b914eb63ef1ede30dd10bdd4081d3089041b9b89893cad79dab52d2f9c86	/mnt/ai/projects/simvla_isaac_risk_collection_H10_EXECUTION_20260813/outputs/final_seen_h10_round_000_seed20260730/live_status.json	h10_4000/live_status.json
outputs_reports	REMOTE_ONLY_LARGE_OR_ARRAY	9	672eb8316fec83f94119a4193f9fc552513d56a147502f8be4830e017d817831	/mnt/ai/projects/simvla_isaac_risk_collection_H10_EXECUTION_20260813/outputs/final_seen_h10_round_000_seed20260730/reports/ROUND_ROWS_COMPRESSED	-
outputs_reports	REMOTE_ONLY_LARGE_OR_ARRAY	196456	1a0dc5110914153203200c03e49559ba10ea3bac2a86a203317f91acf6c9dbaa	/mnt/ai/projects/simvla_isaac_risk_collection_H10_EXECUTION_20260813/outputs/final_seen_h10_round_000_seed20260730/reports/aggregate_reconstruction.json	-
outputs_reports	COPIED_TO_AUDIT	200799	ced0cec94dce1b5e3f969e4cfb068d1e9a8d7e5f45e7e4f2dd4643ff84e172e2	/mnt/ai/projects/simvla_isaac_risk_collection_H10_EXECUTION_20260813/outputs/final_seen_h10_round_000_seed20260730/reports/exhaustive_audit.json	h10_4000/exhaustive_audit.json
outputs_reports	REMOTE_ONLY_LARGE_OR_ARRAY	200830	b9876faa89b5db2e14427ae81e53c97706cae68370113dd41f5776a6578c680c	/mnt/ai/projects/simvla_isaac_risk_collection_H10_EXECUTION_20260813/outputs/final_seen_h10_round_000_seed20260730/reports/exhaustive_audit.log	-
outputs_reports	REMOTE_ONLY_LARGE_OR_ARRAY	2703825	39098f23289e4875b08e61b9b97c78eac6bdd83b9e09077eb917ff32fbf28ae3	/mnt/ai/projects/simvla_isaac_risk_collection_H10_EXECUTION_20260813/outputs/final_seen_h10_round_000_seed20260730/reports/lossless_zstd_manifest.json	-
outputs_reports	COPIED_TO_AUDIT	2870	e62f747e2f7893a52966fc4e0f2b84c63ce3d17a0cd88f4a0537bdf352e9e668	/mnt/ai/projects/simvla_isaac_risk_collection_H10_EXECUTION_20260813/outputs/final_seen_h10_round_000_seed20260730/reports/round_audit_summary.json	h10_4000/round_audit_summary.json
outputs_reports	COPIED_TO_AUDIT	2870	e62f747e2f7893a52966fc4e0f2b84c63ce3d17a0cd88f4a0537bdf352e9e668	/mnt/ai/projects/simvla_isaac_risk_collection_H10_EXECUTION_20260813/outputs/final_seen_h10_round_000_seed20260730/reports/round_summary.log	h10_4000/round_audit_summary.json
outputs_reports	COPIED_TO_AUDIT	381	7ddf18b960415f15bf52db2f034b236b737b30233520fbbf9b23c498b20e97b5	/mnt/ai/projects/simvla_isaac_risk_collection_H10_EXECUTION_20260813/outputs/final_seen_h10_round_000_seed20260730/reports/stage_status.json	h10_4000/stage_status.json
outputs_reports	COPIED_TO_AUDIT	10821	a59e96eafa48ea94ee5ac7495935490a0500b1e0b319c9d0b2ea951798300237	/mnt/ai/projects/simvla_isaac_risk_collection_H10_EXECUTION_20260813/outputs/final_seen_h10_round_000_seed20260730/run_manifest.json	h10_4000/run_manifest.json
outputs_reports	COPIED_TO_AUDIT	241401	57fa93e6b5aaaa5fd35a081ee0c246bf3c6fb9cd3ad695e6fc854b6f1ea5d6c3	/mnt/ai/projects/simvla_isaac_risk_collection_H10_EXECUTION_20260813/outputs/final_seen_h10_round_002_seed20260804/episode_summaries.jsonl	hard_1000/episode_summaries.jsonl
outputs_reports	COPIED_TO_AUDIT	217	7a92af7e2f7cee0d2ecd7c736dcf79be9235fe738b221bcb970a3d3b2fd2d606	/mnt/ai/projects/simvla_isaac_risk_collection_H10_EXECUTION_20260813/outputs/final_seen_h10_round_002_seed20260804/live_status.json	hard_1000/live_status.json
outputs_reports	REMOTE_ONLY_LARGE_OR_ARRAY	358	9cc9e7e7cc961f06f847743582270b0842a2d502f869f9415f1dc5a3ceebaed8	/mnt/ai/projects/simvla_isaac_risk_collection_H10_EXECUTION_20260813/outputs/final_seen_h10_round_002_seed20260804/reports/stage_status.json	-
outputs_reports	REMOTE_ONLY_LARGE_OR_ARRAY	239865210	b9ec754dab04a8a5e0618997cf24a31e4b0c18462e5196dc57dfa7561f7fd495	/mnt/ai/projects/simvla_isaac_risk_collection_H10_EXECUTION_20260813/outputs/final_seen_h10_round_002_seed20260804/risk_receding_samples.jsonl	-
outputs_reports	COPIED_TO_AUDIT	10814	4f8712c0e15f22e8e627656fdef7487f59adb07cfc34b3e1c32e2ddec98c057c	/mnt/ai/projects/simvla_isaac_risk_collection_H10_EXECUTION_20260813/outputs/final_seen_h10_round_002_seed20260804/run_manifest.json	hard_1000/run_manifest.json
outputs_reports	REMOTE_ONLY_LARGE_OR_ARRAY	508	35cf5dc5139d32295636c75e2a643d31353805184651261db034ff5400e4dde5	/mnt/ai/projects/simvla_isaac_risk_collection_H10_EXECUTION_20260813/outputs/final_seen_h10_round_002_seed20260804/watchdog_status.json	-
reports	REMOTE_ONLY_LARGE_OR_ARRAY	1640	d49109341d0234ec86fa5f7317e9b8c3e6d27cf9e864d444f820b01d7db2b2d4	/mnt/ai/projects/simvla_isaac_risk_collection_H10_EXECUTION_20260813/reports/FINAL_SEEN_H10_ROUND_000_LAUNCH_HEALTH.json	-
reports	REMOTE_ONLY_LARGE_OR_ARRAY	1052	fd11233a3c47e829768f53c2156dfb4f35474006b663f4d1454f17e4bc4ccd0f	/mnt/ai/projects/simvla_isaac_risk_collection_H10_EXECUTION_20260813/reports/FINAL_SEEN_ROUND_000_PREFLIGHT.json	-
reports	COPIED_TO_AUDIT	3316	6a9996a190583c966085a589b2bcdb034dcb0dca51506dd20620615eb313d7e9	/mnt/ai/projects/simvla_isaac_risk_collection_H10_EXECUTION_20260813/reports/H10_COMPLETE_PIPELINE_SCHEDULE_20260813.md	configs/H10_COMPLETE_PIPELINE_SCHEDULE_20260813.md
reports	COPIED_TO_AUDIT	4062	918c4a395e9551e5c64f039fa8a5ac29e42bb7eebb8adc5a2d24297e4a3c36ea	/mnt/ai/projects/simvla_isaac_risk_collection_H10_EXECUTION_20260813/reports/H10_LIVE_CORRECTNESS_AUDIT_20260814.md	configs/H10_LIVE_CORRECTNESS_AUDIT_20260814.md
reports	REMOTE_ONLY_LARGE_OR_ARRAY	2196	b5d253c3a8046757fad674c330068890a3f1c43d92553783aad18e91959efa6e	/mnt/ai/projects/simvla_isaac_risk_collection_H10_EXECUTION_20260813/reports/H10_PREPRODUCTION_GATES_PASS.json	-
reports	COPIED_TO_AUDIT	5723	519b9fdc453a92df7300e43016402b7ba5b6ea4219c448d254e5048dfda5d877	/mnt/ai/projects/simvla_isaac_risk_collection_H10_EXECUTION_20260813/reports/H1_TO_H10_EXECUTION_MIGRATION_AND_LAUNCH_20260813.md	configs/H1_TO_H10_EXECUTION_MIGRATION_AND_LAUNCH_20260813.md
reports	COPIED_TO_AUDIT	3485	4dede012945d85d26fd4d75bedae36c46d408868c92314098700966f4dd1465d	/mnt/ai/projects/simvla_isaac_risk_collection_H10_EXECUTION_20260813/reports/REVIEWER_FINDINGS_REMEDIATION_20260814.md	configs/REVIEWER_FINDINGS_REMEDIATION_20260814.md
reports	COPIED_TO_AUDIT	746	e737bba022c32ec84bd52962554d569cc23bd6d9a6570aa570eb78dc49fb511f	/mnt/ai/projects/simvla_isaac_risk_collection_H10_EXECUTION_20260813/reports/final_risk_pipeline/FINAL_ISAAC_RISK_DATASET_REPORT.md	h10_4000/FINAL_ISAAC_RISK_DATASET_REPORT.md
reports	REMOTE_ONLY_LARGE_OR_ARRAY	447	13761152283bc9af8e276a9f5872664bbc9a7f691e3b0713e3aad56f059fcb5d	/mnt/ai/projects/simvla_isaac_risk_collection_H10_EXECUTION_20260813/reports/final_risk_pipeline/ISAAC_SEEN_TO_OOD150_FINAL_EVAL_REPORT.md	-
reports	COPIED_TO_AUDIT	662	50ab7e823cf079105cbb24644d1a93150ab35b36235c9a511658669da7038d26	/mnt/ai/projects/simvla_isaac_risk_collection_H10_EXECUTION_20260813/reports/final_risk_pipeline/ISAAC_TOPK8_RISK_TRAINING_REPORT.md	training/ISAAC_TOPK8_RISK_TRAINING_REPORT.md
training_model	REMOTE_ONLY_LARGE_OR_ARRAY	9	37a40f08d8548dba289b9b0bb35bcf63b359f6d37ee86044ebc6b6da080b9ec1	/mnt/ai/projects/simvla_isaac_risk_collection_H10_EXECUTION_20260813/models/isaac_h10_topk8_temporal_v1/TRAINING_COMPLETE	-
training_model	REMOTE_ONLY_LARGE_OR_ARRAY	10433995	9f47de521809ca4ac1d117fb102c41a402cc1ed5b7aa60957ef45c145ff186bb	/mnt/ai/projects/simvla_isaac_risk_collection_H10_EXECUTION_20260813/models/isaac_h10_topk8_temporal_v1/last_training_state.pt	-
training_model	REMOTE_ONLY_LARGE_OR_ARRAY	2603357	ad049519746913c4c2ce1a0b57fb32ad5c3395f5bce6841648c68cc94f862b38	/mnt/ai/projects/simvla_isaac_risk_collection_H10_EXECUTION_20260813/models/isaac_h10_topk8_temporal_v1/model.pt	-
training_model	COPIED_TO_AUDIT	673	18a1e12b9169ecf4bfda45c4f60245a3133207e16cbdfe1ba36721e073016914	/mnt/ai/projects/simvla_isaac_risk_collection_H10_EXECUTION_20260813/models/isaac_h10_topk8_temporal_v1/model_manifest.json	training/model_manifest.json
training_model	COPIED_TO_AUDIT	25040	5657b5d10ca67daf910a1e537e9b7a5743cacc86a8ff7ef13fbacf435007e89e	/mnt/ai/projects/simvla_isaac_risk_collection_H10_EXECUTION_20260813/models/isaac_h10_topk8_temporal_v1/promoted_trainer_reference.py	training/promoted_trainer_reference.py
training_model	COPIED_TO_AUDIT	12357	b185fe41dc661d51a7c1e62d769a9d8e8093287b0812fae4a52e66e5083a2049	/mnt/ai/projects/simvla_isaac_risk_collection_H10_EXECUTION_20260813/models/isaac_h10_topk8_temporal_v1/results.json	training/results.json
training_model	REMOTE_ONLY_LARGE_OR_ARRAY	83922	a220b217b38e8badc00be8ca8f3e87eed886f5c6f2227d176c0107db35d0a211	/mnt/ai/projects/simvla_isaac_risk_collection_H10_EXECUTION_20260813/models/isaac_h10_topk8_temporal_v1/seen_scores.npz	-
training_model	COPIED_TO_AUDIT	456	4eb737c6fe409383329e7c6ef3f07c1bfcc76b3bd048c15302fce0c12310de0f	/mnt/ai/projects/simvla_isaac_risk_collection_H10_EXECUTION_20260813/models/isaac_h10_topk8_temporal_v1/temporal_thresholds.json	training/temporal_thresholds.json
training_model	COPIED_TO_AUDIT	171	e2d4745d37ae34dd7681db8fb2e4ae09448d9bc20049c830cc267dfb4f7bcbec	/mnt/ai/projects/simvla_isaac_risk_collection_H10_EXECUTION_20260813/models/isaac_h10_topk8_temporal_v1/thresholds.json	training/thresholds.json
