episode_uid,run_id,execution_order_in_run,task_suite_name,task_id,task_description,initial_state_index,trial_index,eval_seed,episode_seed,bddl_relative_path,bddl_sha256,init_state_file_relative_path,init_state_file_sha256,libero_pro_commit
libero_goal_object::task00::init000::eval_seed000,goal_object_t0to9,1,libero_goal_object,0,open the middle layer of the drawer,0,0,0,0,libero_pro/bddl_files/libero_goal_object/open_the_middle_drawer_of_the_cabinet.bddl,2ba1c3abe63f78095dd0ebce54808e29ec560fa069b2f0924a5c8ea93cf21e35,libero_pro/init_files/libero_goal_object/open_the_middle_drawer_of_the_cabinet.pruned_init,73f94bb57f8625939e3459f575a46fc84b7babe8cc638b4b281a8ef4d789c11d,UNAVAILABLE_NOT_A_GIT_CHECKOUT
libero_goal_object::task00::init001::eval_seed000,goal_object_t0to9,2,libero_goal_object,0,open the middle layer of the drawer,1,1,0,1,libero_pro/bddl_files/libero_goal_object/open_the_middle_drawer_of_the_cabinet.bddl,2ba1c3abe63f78095dd0ebce54808e29ec560fa069b2f0924a5c8ea93cf21e35,libero_pro/init_files/libero_goal_object/open_the_middle_drawer_of_the_cabinet.pruned_init,73f94bb57f8625939e3459f575a46fc84b7babe8cc638b4b281a8ef4d789c11d,UNAVAILABLE_NOT_A_GIT_CHECKOUT
libero_goal_object::task00::init002::eval_seed000,goal_object_t0to9,3,libero_goal_object,0,open the middle layer of the drawer,2,2,0,2,libero_pro/bddl_files/libero_goal_object/open_the_middle_drawer_of_the_cabinet.bddl,2ba1c3abe63f78095dd0ebce54808e29ec560fa069b2f0924a5c8ea93cf21e35,libero_pro/init_files/libero_goal_object/open_the_middle_drawer_of_the_cabinet.pruned_init,73f94bb57f8625939e3459f575a46fc84b7babe8cc638b4b281a8ef4d789c11d,UNAVAILABLE_NOT_A_GIT_CHECKOUT
libero_goal_object::task00::init003::eval_seed000,goal_object_t0to9,4,libero_goal_object,0,open the middle layer of the drawer,3,3,0,3,libero_pro/bddl_files/libero_goal_object/open_the_middle_drawer_of_the_cabinet.bddl,2ba1c3abe63f78095dd0ebce54808e29ec560fa069b2f0924a5c8ea93cf21e35,libero_pro/init_files/libero_goal_object/open_the_middle_drawer_of_the_cabinet.pruned_init,73f94bb57f8625939e3459f575a46fc84b7babe8cc638b4b281a8ef4d789c11d,UNAVAILABLE_NOT_A_GIT_CHECKOUT
libero_goal_object::task00::init004::eval_seed000,goal_object_t0to9,5,libero_goal_object,0,open the middle layer of the drawer,4,4,0,4,libero_pro/bddl_files/libero_goal_object/open_the_middle_drawer_of_the_cabinet.bddl,2ba1c3abe63f78095dd0ebce54808e29ec560fa069b2f0924a5c8ea93cf21e35,libero_pro/init_files/libero_goal_object/open_the_middle_drawer_of_the_cabinet.pruned_init,73f94bb57f8625939e3459f575a46fc84b7babe8cc638b4b281a8ef4d789c11d,UNAVAILABLE_NOT_A_GIT_CHECKOUT
libero_goal_object::task00::init005::eval_seed000,goal_object_t0to9,6,libero_goal_object,0,open the middle layer of the drawer,5,5,0,5,libero_pro/bddl_files/libero_goal_object/open_the_middle_drawer_of_the_cabinet.bddl,2ba1c3abe63f78095dd0ebce54808e29ec560fa069b2f0924a5c8ea93cf21e35,libero_pro/init_files/libero_goal_object/open_the_middle_drawer_of_the_cabinet.pruned_init,73f94bb57f8625939e3459f575a46fc84b7babe8cc638b4b281a8ef4d789c11d,UNAVAILABLE_NOT_A_GIT_CHECKOUT
libero_goal_object::task00::init006::eval_seed000,goal_object_t0to9,7,libero_goal_object,0,open the middle layer of the drawer,6,6,0,6,libero_pro/bddl_files/libero_goal_object/open_the_middle_drawer_of_the_cabinet.bddl,2ba1c3abe63f78095dd0ebce54808e29ec560fa069b2f0924a5c8ea93cf21e35,libero_pro/init_files/libero_goal_object/open_the_middle_drawer_of_the_cabinet.pruned_init,73f94bb57f8625939e3459f575a46fc84b7babe8cc638b4b281a8ef4d789c11d,UNAVAILABLE_NOT_A_GIT_CHECKOUT
libero_goal_object::task00::init007::eval_seed000,goal_object_t0to9,8,libero_goal_object,0,open the middle layer of the drawer,7,7,0,7,libero_pro/bddl_files/libero_goal_object/open_the_middle_drawer_of_the_cabinet.bddl,2ba1c3abe63f78095dd0ebce54808e29ec560fa069b2f0924a5c8ea93cf21e35,libero_pro/init_files/libero_goal_object/open_the_middle_drawer_of_the_cabinet.pruned_init,73f94bb57f8625939e3459f575a46fc84b7babe8cc638b4b281a8ef4d789c11d,UNAVAILABLE_NOT_A_GIT_CHECKOUT
libero_goal_object::task00::init008::eval_seed000,goal_object_t0to9,9,libero_goal_object,0,open the middle layer of the drawer,8,8,0,8,libero_pro/bddl_files/libero_goal_object/open_the_middle_drawer_of_the_cabinet.bddl,2ba1c3abe63f78095dd0ebce54808e29ec560fa069b2f0924a5c8ea93cf21e35,libero_pro/init_files/libero_goal_object/open_the_middle_drawer_of_the_cabinet.pruned_init,73f94bb57f8625939e3459f575a46fc84b7babe8cc638b4b281a8ef4d789c11d,UNAVAILABLE_NOT_A_GIT_CHECKOUT
libero_goal_object::task00::init009::eval_seed000,goal_object_t0to9,10,libero_goal_object,0,open the middle layer of the drawer,9,9,0,9,libero_pro/bddl_files/libero_goal_object/open_the_middle_drawer_of_the_cabinet.bddl,2ba1c3abe63f78095dd0ebce54808e29ec560fa069b2f0924a5c8ea93cf21e35,libero_pro/init_files/libero_goal_object/open_the_middle_drawer_of_the_cabinet.pruned_init,73f94bb57f8625939e3459f575a46fc84b7babe8cc638b4b281a8ef4d789c11d,UNAVAILABLE_NOT_A_GIT_CHECKOUT
libero_goal_object::task01::init000::eval_seed000,goal_object_t0to9,11,libero_goal_object,1,put the bowl on the stove,0,0,0,0,libero_pro/bddl_files/libero_goal_object/put_the_bowl_on_the_stove.bddl,c243a0de8e72c5e17a4b87528468504d828af1504d4e828d5f2ee437b5153b60,libero_pro/init_files/libero_goal_object/put_the_bowl_on_the_stove.pruned_init,907642a69eff5454ff1ccc9d20c4c6ff9c2963634545ae36c9598eea0bc25f5f,UNAVAILABLE_NOT_A_GIT_CHECKOUT
libero_goal_object::task01::init001::eval_seed000,goal_object_t0to9,12,libero_goal_object,1,put the bowl on the stove,1,1,0,1,libero_pro/bddl_files/libero_goal_object/put_the_bowl_on_the_stove.bddl,c243a0de8e72c5e17a4b87528468504d828af1504d4e828d5f2ee437b5153b60,libero_pro/init_files/libero_goal_object/put_the_bowl_on_the_stove.pruned_init,907642a69eff5454ff1ccc9d20c4c6ff9c2963634545ae36c9598eea0bc25f5f,UNAVAILABLE_NOT_A_GIT_CHECKOUT
libero_goal_object::task01::init002::eval_seed000,goal_object_t0to9,13,libero_goal_object,1,put the bowl on the stove,2,2,0,2,libero_pro/bddl_files/libero_goal_object/put_the_bowl_on_the_stove.bddl,c243a0de8e72c5e17a4b87528468504d828af1504d4e828d5f2ee437b5153b60,libero_pro/init_files/libero_goal_object/put_the_bowl_on_the_stove.pruned_init,907642a69eff5454ff1ccc9d20c4c6ff9c2963634545ae36c9598eea0bc25f5f,UNAVAILABLE_NOT_A_GIT_CHECKOUT
libero_goal_object::task01::init003::eval_seed000,goal_object_t0to9,14,libero_goal_object,1,put the bowl on the stove,3,3,0,3,libero_pro/bddl_files/libero_goal_object/put_the_bowl_on_the_stove.bddl,c243a0de8e72c5e17a4b87528468504d828af1504d4e828d5f2ee437b5153b60,libero_pro/init_files/libero_goal_object/put_the_bowl_on_the_stove.pruned_init,907642a69eff5454ff1ccc9d20c4c6ff9c2963634545ae36c9598eea0bc25f5f,UNAVAILABLE_NOT_A_GIT_CHECKOUT
libero_goal_object::task01::init004::eval_seed000,goal_object_t0to9,15,libero_goal_object,1,put the bowl on the stove,4,4,0,4,libero_pro/bddl_files/libero_goal_object/put_the_bowl_on_the_stove.bddl,c243a0de8e72c5e17a4b87528468504d828af1504d4e828d5f2ee437b5153b60,libero_pro/init_files/libero_goal_object/put_the_bowl_on_the_stove.pruned_init,907642a69eff5454ff1ccc9d20c4c6ff9c2963634545ae36c9598eea0bc25f5f,UNAVAILABLE_NOT_A_GIT_CHECKOUT
libero_goal_object::task01::init005::eval_seed000,goal_object_t0to9,16,libero_goal_object,1,put the bowl on the stove,5,5,0,5,libero_pro/bddl_files/libero_goal_object/put_the_bowl_on_the_stove.bddl,c243a0de8e72c5e17a4b87528468504d828af1504d4e828d5f2ee437b5153b60,libero_pro/init_files/libero_goal_object/put_the_bowl_on_the_stove.pruned_init,907642a69eff5454ff1ccc9d20c4c6ff9c2963634545ae36c9598eea0bc25f5f,UNAVAILABLE_NOT_A_GIT_CHECKOUT
libero_goal_object::task01::init006::eval_seed000,goal_object_t0to9,17,libero_goal_object,1,put the bowl on the stove,6,6,0,6,libero_pro/bddl_files/libero_goal_object/put_the_bowl_on_the_stove.bddl,c243a0de8e72c5e17a4b87528468504d828af1504d4e828d5f2ee437b5153b60,libero_pro/init_files/libero_goal_object/put_the_bowl_on_the_stove.pruned_init,907642a69eff5454ff1ccc9d20c4c6ff9c2963634545ae36c9598eea0bc25f5f,UNAVAILABLE_NOT_A_GIT_CHECKOUT
libero_goal_object::task01::init007::eval_seed000,goal_object_t0to9,18,libero_goal_object,1,put the bowl on the stove,7,7,0,7,libero_pro/bddl_files/libero_goal_object/put_the_bowl_on_the_stove.bddl,c243a0de8e72c5e17a4b87528468504d828af1504d4e828d5f2ee437b5153b60,libero_pro/init_files/libero_goal_object/put_the_bowl_on_the_stove.pruned_init,907642a69eff5454ff1ccc9d20c4c6ff9c2963634545ae36c9598eea0bc25f5f,UNAVAILABLE_NOT_A_GIT_CHECKOUT
libero_goal_object::task01::init008::eval_seed000,goal_object_t0to9,19,libero_goal_object,1,put the bowl on the stove,8,8,0,8,libero_pro/bddl_files/libero_goal_object/put_the_bowl_on_the_stove.bddl,c243a0de8e72c5e17a4b87528468504d828af1504d4e828d5f2ee437b5153b60,libero_pro/init_files/libero_goal_object/put_the_bowl_on_the_stove.pruned_init,907642a69eff5454ff1ccc9d20c4c6ff9c2963634545ae36c9598eea0bc25f5f,UNAVAILABLE_NOT_A_GIT_CHECKOUT
libero_goal_object::task01::init009::eval_seed000,goal_object_t0to9,20,libero_goal_object,1,put the bowl on the stove,9,9,0,9,libero_pro/bddl_files/libero_goal_object/put_the_bowl_on_the_stove.bddl,c243a0de8e72c5e17a4b87528468504d828af1504d4e828d5f2ee437b5153b60,libero_pro/init_files/libero_goal_object/put_the_bowl_on_the_stove.pruned_init,907642a69eff5454ff1ccc9d20c4c6ff9c2963634545ae36c9598eea0bc25f5f,UNAVAILABLE_NOT_A_GIT_CHECKOUT
libero_goal_object::task02::init000::eval_seed000,goal_object_t0to9,21,libero_goal_object,2,put the wine bottle on the top of the drawer,0,0,0,0,libero_pro/bddl_files/libero_goal_object/put_the_wine_bottle_on_top_of_the_cabinet.bddl,7c9084631f87470e5ad42bba7b1d8bdb6a7972aac9b0dafb85bf9895b81bf51e,libero_pro/init_files/libero_goal_object/put_the_wine_bottle_on_top_of_the_cabinet.pruned_init,b889e9e584bc91c8b8652355e9abdb4df36c9c6ae8c4b2683b7942ab5616f2d8,UNAVAILABLE_NOT_A_GIT_CHECKOUT
libero_goal_object::task02::init001::eval_seed000,goal_object_t0to9,22,libero_goal_object,2,put the wine bottle on the top of the drawer,1,1,0,1,libero_pro/bddl_files/libero_goal_object/put_the_wine_bottle_on_top_of_the_cabinet.bddl,7c9084631f87470e5ad42bba7b1d8bdb6a7972aac9b0dafb85bf9895b81bf51e,libero_pro/init_files/libero_goal_object/put_the_wine_bottle_on_top_of_the_cabinet.pruned_init,b889e9e584bc91c8b8652355e9abdb4df36c9c6ae8c4b2683b7942ab5616f2d8,UNAVAILABLE_NOT_A_GIT_CHECKOUT
libero_goal_object::task02::init002::eval_seed000,goal_object_t0to9,23,libero_goal_object,2,put the wine bottle on the top of the drawer,2,2,0,2,libero_pro/bddl_files/libero_goal_object/put_the_wine_bottle_on_top_of_the_cabinet.bddl,7c9084631f87470e5ad42bba7b1d8bdb6a7972aac9b0dafb85bf9895b81bf51e,libero_pro/init_files/libero_goal_object/put_the_wine_bottle_on_top_of_the_cabinet.pruned_init,b889e9e584bc91c8b8652355e9abdb4df36c9c6ae8c4b2683b7942ab5616f2d8,UNAVAILABLE_NOT_A_GIT_CHECKOUT
libero_goal_object::task02::init003::eval_seed000,goal_object_t0to9,24,libero_goal_object,2,put the wine bottle on the top of the drawer,3,3,0,3,libero_pro/bddl_files/libero_goal_object/put_the_wine_bottle_on_top_of_the_cabinet.bddl,7c9084631f87470e5ad42bba7b1d8bdb6a7972aac9b0dafb85bf9895b81bf51e,libero_pro/init_files/libero_goal_object/put_the_wine_bottle_on_top_of_the_cabinet.pruned_init,b889e9e584bc91c8b8652355e9abdb4df36c9c6ae8c4b2683b7942ab5616f2d8,UNAVAILABLE_NOT_A_GIT_CHECKOUT
libero_goal_object::task02::init004::eval_seed000,goal_object_t0to9,25,libero_goal_object,2,put the wine bottle on the top of the drawer,4,4,0,4,libero_pro/bddl_files/libero_goal_object/put_the_wine_bottle_on_top_of_the_cabinet.bddl,7c9084631f87470e5ad42bba7b1d8bdb6a7972aac9b0dafb85bf9895b81bf51e,libero_pro/init_files/libero_goal_object/put_the_wine_bottle_on_top_of_the_cabinet.pruned_init,b889e9e584bc91c8b8652355e9abdb4df36c9c6ae8c4b2683b7942ab5616f2d8,UNAVAILABLE_NOT_A_GIT_CHECKOUT
libero_goal_object::task02::init005::eval_seed000,goal_object_t0to9,26,libero_goal_object,2,put the wine bottle on the top of the drawer,5,5,0,5,libero_pro/bddl_files/libero_goal_object/put_the_wine_bottle_on_top_of_the_cabinet.bddl,7c9084631f87470e5ad42bba7b1d8bdb6a7972aac9b0dafb85bf9895b81bf51e,libero_pro/init_files/libero_goal_object/put_the_wine_bottle_on_top_of_the_cabinet.pruned_init,b889e9e584bc91c8b8652355e9abdb4df36c9c6ae8c4b2683b7942ab5616f2d8,UNAVAILABLE_NOT_A_GIT_CHECKOUT
libero_goal_object::task02::init006::eval_seed000,goal_object_t0to9,27,libero_goal_object,2,put the wine bottle on the top of the drawer,6,6,0,6,libero_pro/bddl_files/libero_goal_object/put_the_wine_bottle_on_top_of_the_cabinet.bddl,7c9084631f87470e5ad42bba7b1d8bdb6a7972aac9b0dafb85bf9895b81bf51e,libero_pro/init_files/libero_goal_object/put_the_wine_bottle_on_top_of_the_cabinet.pruned_init,b889e9e584bc91c8b8652355e9abdb4df36c9c6ae8c4b2683b7942ab5616f2d8,UNAVAILABLE_NOT_A_GIT_CHECKOUT
libero_goal_object::task02::init007::eval_seed000,goal_object_t0to9,28,libero_goal_object,2,put the wine bottle on the top of the drawer,7,7,0,7,libero_pro/bddl_files/libero_goal_object/put_the_wine_bottle_on_top_of_the_cabinet.bddl,7c9084631f87470e5ad42bba7b1d8bdb6a7972aac9b0dafb85bf9895b81bf51e,libero_pro/init_files/libero_goal_object/put_the_wine_bottle_on_top_of_the_cabinet.pruned_init,b889e9e584bc91c8b8652355e9abdb4df36c9c6ae8c4b2683b7942ab5616f2d8,UNAVAILABLE_NOT_A_GIT_CHECKOUT
libero_goal_object::task02::init008::eval_seed000,goal_object_t0to9,29,libero_goal_object,2,put the wine bottle on the top of the drawer,8,8,0,8,libero_pro/bddl_files/libero_goal_object/put_the_wine_bottle_on_top_of_the_cabinet.bddl,7c9084631f87470e5ad42bba7b1d8bdb6a7972aac9b0dafb85bf9895b81bf51e,libero_pro/init_files/libero_goal_object/put_the_wine_bottle_on_top_of_the_cabinet.pruned_init,b889e9e584bc91c8b8652355e9abdb4df36c9c6ae8c4b2683b7942ab5616f2d8,UNAVAILABLE_NOT_A_GIT_CHECKOUT
libero_goal_object::task02::init009::eval_seed000,goal_object_t0to9,30,libero_goal_object,2,put the wine bottle on the top of the drawer,9,9,0,9,libero_pro/bddl_files/libero_goal_object/put_the_wine_bottle_on_top_of_the_cabinet.bddl,7c9084631f87470e5ad42bba7b1d8bdb6a7972aac9b0dafb85bf9895b81bf51e,libero_pro/init_files/libero_goal_object/put_the_wine_bottle_on_top_of_the_cabinet.pruned_init,b889e9e584bc91c8b8652355e9abdb4df36c9c6ae8c4b2683b7942ab5616f2d8,UNAVAILABLE_NOT_A_GIT_CHECKOUT
libero_goal_object::task03::init000::eval_seed000,goal_object_t0to9,31,libero_goal_object,3,open the top layer of the drawer and put the bowl inside,0,0,0,0,libero_pro/bddl_files/libero_goal_object/open_the_top_drawer_and_put_the_bowl_inside.bddl,7a95a6d6ab0ec39424f03a1743979e143f43ce251993bc8cccf68ec4bccf4324,libero_pro/init_files/libero_goal_object/open_the_top_drawer_and_put_the_bowl_inside.pruned_init,8febc8d40dec9bd26cb072370cd16ea41ef66a6b8125aaafc335cc2ff8007192,UNAVAILABLE_NOT_A_GIT_CHECKOUT
libero_goal_object::task03::init001::eval_seed000,goal_object_t0to9,32,libero_goal_object,3,open the top layer of the drawer and put the bowl inside,1,1,0,1,libero_pro/bddl_files/libero_goal_object/open_the_top_drawer_and_put_the_bowl_inside.bddl,7a95a6d6ab0ec39424f03a1743979e143f43ce251993bc8cccf68ec4bccf4324,libero_pro/init_files/libero_goal_object/open_the_top_drawer_and_put_the_bowl_inside.pruned_init,8febc8d40dec9bd26cb072370cd16ea41ef66a6b8125aaafc335cc2ff8007192,UNAVAILABLE_NOT_A_GIT_CHECKOUT
libero_goal_object::task03::init002::eval_seed000,goal_object_t0to9,33,libero_goal_object,3,open the top layer of the drawer and put the bowl inside,2,2,0,2,libero_pro/bddl_files/libero_goal_object/open_the_top_drawer_and_put_the_bowl_inside.bddl,7a95a6d6ab0ec39424f03a1743979e143f43ce251993bc8cccf68ec4bccf4324,libero_pro/init_files/libero_goal_object/open_the_top_drawer_and_put_the_bowl_inside.pruned_init,8febc8d40dec9bd26cb072370cd16ea41ef66a6b8125aaafc335cc2ff8007192,UNAVAILABLE_NOT_A_GIT_CHECKOUT
libero_goal_object::task03::init003::eval_seed000,goal_object_t0to9,34,libero_goal_object,3,open the top layer of the drawer and put the bowl inside,3,3,0,3,libero_pro/bddl_files/libero_goal_object/open_the_top_drawer_and_put_the_bowl_inside.bddl,7a95a6d6ab0ec39424f03a1743979e143f43ce251993bc8cccf68ec4bccf4324,libero_pro/init_files/libero_goal_object/open_the_top_drawer_and_put_the_bowl_inside.pruned_init,8febc8d40dec9bd26cb072370cd16ea41ef66a6b8125aaafc335cc2ff8007192,UNAVAILABLE_NOT_A_GIT_CHECKOUT
libero_goal_object::task03::init004::eval_seed000,goal_object_t0to9,35,libero_goal_object,3,open the top layer of the drawer and put the bowl inside,4,4,0,4,libero_pro/bddl_files/libero_goal_object/open_the_top_drawer_and_put_the_bowl_inside.bddl,7a95a6d6ab0ec39424f03a1743979e143f43ce251993bc8cccf68ec4bccf4324,libero_pro/init_files/libero_goal_object/open_the_top_drawer_and_put_the_bowl_inside.pruned_init,8febc8d40dec9bd26cb072370cd16ea41ef66a6b8125aaafc335cc2ff8007192,UNAVAILABLE_NOT_A_GIT_CHECKOUT
libero_goal_object::task03::init005::eval_seed000,goal_object_t0to9,36,libero_goal_object,3,open the top layer of the drawer and put the bowl inside,5,5,0,5,libero_pro/bddl_files/libero_goal_object/open_the_top_drawer_and_put_the_bowl_inside.bddl,7a95a6d6ab0ec39424f03a1743979e143f43ce251993bc8cccf68ec4bccf4324,libero_pro/init_files/libero_goal_object/open_the_top_drawer_and_put_the_bowl_inside.pruned_init,8febc8d40dec9bd26cb072370cd16ea41ef66a6b8125aaafc335cc2ff8007192,UNAVAILABLE_NOT_A_GIT_CHECKOUT
libero_goal_object::task03::init006::eval_seed000,goal_object_t0to9,37,libero_goal_object,3,open the top layer of the drawer and put the bowl inside,6,6,0,6,libero_pro/bddl_files/libero_goal_object/open_the_top_drawer_and_put_the_bowl_inside.bddl,7a95a6d6ab0ec39424f03a1743979e143f43ce251993bc8cccf68ec4bccf4324,libero_pro/init_files/libero_goal_object/open_the_top_drawer_and_put_the_bowl_inside.pruned_init,8febc8d40dec9bd26cb072370cd16ea41ef66a6b8125aaafc335cc2ff8007192,UNAVAILABLE_NOT_A_GIT_CHECKOUT
libero_goal_object::task03::init007::eval_seed000,goal_object_t0to9,38,libero_goal_object,3,open the top layer of the drawer and put the bowl inside,7,7,0,7,libero_pro/bddl_files/libero_goal_object/open_the_top_drawer_and_put_the_bowl_inside.bddl,7a95a6d6ab0ec39424f03a1743979e143f43ce251993bc8cccf68ec4bccf4324,libero_pro/init_files/libero_goal_object/open_the_top_drawer_and_put_the_bowl_inside.pruned_init,8febc8d40dec9bd26cb072370cd16ea41ef66a6b8125aaafc335cc2ff8007192,UNAVAILABLE_NOT_A_GIT_CHECKOUT
libero_goal_object::task03::init008::eval_seed000,goal_object_t0to9,39,libero_goal_object,3,open the top layer of the drawer and put the bowl inside,8,8,0,8,libero_pro/bddl_files/libero_goal_object/open_the_top_drawer_and_put_the_bowl_inside.bddl,7a95a6d6ab0ec39424f03a1743979e143f43ce251993bc8cccf68ec4bccf4324,libero_pro/init_files/libero_goal_object/open_the_top_drawer_and_put_the_bowl_inside.pruned_init,8febc8d40dec9bd26cb072370cd16ea41ef66a6b8125aaafc335cc2ff8007192,UNAVAILABLE_NOT_A_GIT_CHECKOUT
libero_goal_object::task03::init009::eval_seed000,goal_object_t0to9,40,libero_goal_object,3,open the top layer of the drawer and put the bowl inside,9,9,0,9,libero_pro/bddl_files/libero_goal_object/open_the_top_drawer_and_put_the_bowl_inside.bddl,7a95a6d6ab0ec39424f03a1743979e143f43ce251993bc8cccf68ec4bccf4324,libero_pro/init_files/libero_goal_object/open_the_top_drawer_and_put_the_bowl_inside.pruned_init,8febc8d40dec9bd26cb072370cd16ea41ef66a6b8125aaafc335cc2ff8007192,UNAVAILABLE_NOT_A_GIT_CHECKOUT
libero_goal_object::task04::init000::eval_seed000,goal_object_t0to9,41,libero_goal_object,4,put the bowl on the top of the drawer,0,0,0,0,libero_pro/bddl_files/libero_goal_object/put_the_bowl_on_top_of_the_cabinet.bddl,0697f80cec01abdf5695f146f3e40cd576415d014f49632cfb5339056e9e4a53,libero_pro/init_files/libero_goal_object/put_the_bowl_on_top_of_the_cabinet.pruned_init,3b2934662f1cce7aa84b1a94689d58029a3613f9ee9b3f302c17ec486aeafe1e,UNAVAILABLE_NOT_A_GIT_CHECKOUT
libero_goal_object::task04::init001::eval_seed000,goal_object_t0to9,42,libero_goal_object,4,put the bowl on the top of the drawer,1,1,0,1,libero_pro/bddl_files/libero_goal_object/put_the_bowl_on_top_of_the_cabinet.bddl,0697f80cec01abdf5695f146f3e40cd576415d014f49632cfb5339056e9e4a53,libero_pro/init_files/libero_goal_object/put_the_bowl_on_top_of_the_cabinet.pruned_init,3b2934662f1cce7aa84b1a94689d58029a3613f9ee9b3f302c17ec486aeafe1e,UNAVAILABLE_NOT_A_GIT_CHECKOUT
libero_goal_object::task04::init002::eval_seed000,goal_object_t0to9,43,libero_goal_object,4,put the bowl on the top of the drawer,2,2,0,2,libero_pro/bddl_files/libero_goal_object/put_the_bowl_on_top_of_the_cabinet.bddl,0697f80cec01abdf5695f146f3e40cd576415d014f49632cfb5339056e9e4a53,libero_pro/init_files/libero_goal_object/put_the_bowl_on_top_of_the_cabinet.pruned_init,3b2934662f1cce7aa84b1a94689d58029a3613f9ee9b3f302c17ec486aeafe1e,UNAVAILABLE_NOT_A_GIT_CHECKOUT
libero_goal_object::task04::init003::eval_seed000,goal_object_t0to9,44,libero_goal_object,4,put the bowl on the top of the drawer,3,3,0,3,libero_pro/bddl_files/libero_goal_object/put_the_bowl_on_top_of_the_cabinet.bddl,0697f80cec01abdf5695f146f3e40cd576415d014f49632cfb5339056e9e4a53,libero_pro/init_files/libero_goal_object/put_the_bowl_on_top_of_the_cabinet.pruned_init,3b2934662f1cce7aa84b1a94689d58029a3613f9ee9b3f302c17ec486aeafe1e,UNAVAILABLE_NOT_A_GIT_CHECKOUT
libero_goal_object::task04::init004::eval_seed000,goal_object_t0to9,45,libero_goal_object,4,put the bowl on the top of the drawer,4,4,0,4,libero_pro/bddl_files/libero_goal_object/put_the_bowl_on_top_of_the_cabinet.bddl,0697f80cec01abdf5695f146f3e40cd576415d014f49632cfb5339056e9e4a53,libero_pro/init_files/libero_goal_object/put_the_bowl_on_top_of_the_cabinet.pruned_init,3b2934662f1cce7aa84b1a94689d58029a3613f9ee9b3f302c17ec486aeafe1e,UNAVAILABLE_NOT_A_GIT_CHECKOUT
libero_goal_object::task04::init005::eval_seed000,goal_object_t0to9,46,libero_goal_object,4,put the bowl on the top of the drawer,5,5,0,5,libero_pro/bddl_files/libero_goal_object/put_the_bowl_on_top_of_the_cabinet.bddl,0697f80cec01abdf5695f146f3e40cd576415d014f49632cfb5339056e9e4a53,libero_pro/init_files/libero_goal_object/put_the_bowl_on_top_of_the_cabinet.pruned_init,3b2934662f1cce7aa84b1a94689d58029a3613f9ee9b3f302c17ec486aeafe1e,UNAVAILABLE_NOT_A_GIT_CHECKOUT
libero_goal_object::task04::init006::eval_seed000,goal_object_t0to9,47,libero_goal_object,4,put the bowl on the top of the drawer,6,6,0,6,libero_pro/bddl_files/libero_goal_object/put_the_bowl_on_top_of_the_cabinet.bddl,0697f80cec01abdf5695f146f3e40cd576415d014f49632cfb5339056e9e4a53,libero_pro/init_files/libero_goal_object/put_the_bowl_on_top_of_the_cabinet.pruned_init,3b2934662f1cce7aa84b1a94689d58029a3613f9ee9b3f302c17ec486aeafe1e,UNAVAILABLE_NOT_A_GIT_CHECKOUT
libero_goal_object::task04::init007::eval_seed000,goal_object_t0to9,48,libero_goal_object,4,put the bowl on the top of the drawer,7,7,0,7,libero_pro/bddl_files/libero_goal_object/put_the_bowl_on_top_of_the_cabinet.bddl,0697f80cec01abdf5695f146f3e40cd576415d014f49632cfb5339056e9e4a53,libero_pro/init_files/libero_goal_object/put_the_bowl_on_top_of_the_cabinet.pruned_init,3b2934662f1cce7aa84b1a94689d58029a3613f9ee9b3f302c17ec486aeafe1e,UNAVAILABLE_NOT_A_GIT_CHECKOUT
libero_goal_object::task04::init008::eval_seed000,goal_object_t0to9,49,libero_goal_object,4,put the bowl on the top of the drawer,8,8,0,8,libero_pro/bddl_files/libero_goal_object/put_the_bowl_on_top_of_the_cabinet.bddl,0697f80cec01abdf5695f146f3e40cd576415d014f49632cfb5339056e9e4a53,libero_pro/init_files/libero_goal_object/put_the_bowl_on_top_of_the_cabinet.pruned_init,3b2934662f1cce7aa84b1a94689d58029a3613f9ee9b3f302c17ec486aeafe1e,UNAVAILABLE_NOT_A_GIT_CHECKOUT
libero_goal_object::task04::init009::eval_seed000,goal_object_t0to9,50,libero_goal_object,4,put the bowl on the top of the drawer,9,9,0,9,libero_pro/bddl_files/libero_goal_object/put_the_bowl_on_top_of_the_cabinet.bddl,0697f80cec01abdf5695f146f3e40cd576415d014f49632cfb5339056e9e4a53,libero_pro/init_files/libero_goal_object/put_the_bowl_on_top_of_the_cabinet.pruned_init,3b2934662f1cce7aa84b1a94689d58029a3613f9ee9b3f302c17ec486aeafe1e,UNAVAILABLE_NOT_A_GIT_CHECKOUT
libero_goal_object::task05::init000::eval_seed000,goal_object_t0to9,51,libero_goal_object,5,push the plate to the front of the stove,0,0,0,0,libero_pro/bddl_files/libero_goal_object/push_the_plate_to_the_front_of_the_stove.bddl,05a04afe0e756395b4968ee3eec0a9715ec240959086eb8c874aeb62db227ec0,libero_pro/init_files/libero_goal_object/push_the_plate_to_the_front_of_the_stove.pruned_init,b15f1d48659f7ecf74ddc6be499a9238f10e5a93e33664adcae215ba028a573f,UNAVAILABLE_NOT_A_GIT_CHECKOUT
libero_goal_object::task05::init001::eval_seed000,goal_object_t0to9,52,libero_goal_object,5,push the plate to the front of the stove,1,1,0,1,libero_pro/bddl_files/libero_goal_object/push_the_plate_to_the_front_of_the_stove.bddl,05a04afe0e756395b4968ee3eec0a9715ec240959086eb8c874aeb62db227ec0,libero_pro/init_files/libero_goal_object/push_the_plate_to_the_front_of_the_stove.pruned_init,b15f1d48659f7ecf74ddc6be499a9238f10e5a93e33664adcae215ba028a573f,UNAVAILABLE_NOT_A_GIT_CHECKOUT
libero_goal_object::task05::init002::eval_seed000,goal_object_t0to9,53,libero_goal_object,5,push the plate to the front of the stove,2,2,0,2,libero_pro/bddl_files/libero_goal_object/push_the_plate_to_the_front_of_the_stove.bddl,05a04afe0e756395b4968ee3eec0a9715ec240959086eb8c874aeb62db227ec0,libero_pro/init_files/libero_goal_object/push_the_plate_to_the_front_of_the_stove.pruned_init,b15f1d48659f7ecf74ddc6be499a9238f10e5a93e33664adcae215ba028a573f,UNAVAILABLE_NOT_A_GIT_CHECKOUT
libero_goal_object::task05::init003::eval_seed000,goal_object_t0to9,54,libero_goal_object,5,push the plate to the front of the stove,3,3,0,3,libero_pro/bddl_files/libero_goal_object/push_the_plate_to_the_front_of_the_stove.bddl,05a04afe0e756395b4968ee3eec0a9715ec240959086eb8c874aeb62db227ec0,libero_pro/init_files/libero_goal_object/push_the_plate_to_the_front_of_the_stove.pruned_init,b15f1d48659f7ecf74ddc6be499a9238f10e5a93e33664adcae215ba028a573f,UNAVAILABLE_NOT_A_GIT_CHECKOUT
libero_goal_object::task05::init004::eval_seed000,goal_object_t0to9,55,libero_goal_object,5,push the plate to the front of the stove,4,4,0,4,libero_pro/bddl_files/libero_goal_object/push_the_plate_to_the_front_of_the_stove.bddl,05a04afe0e756395b4968ee3eec0a9715ec240959086eb8c874aeb62db227ec0,libero_pro/init_files/libero_goal_object/push_the_plate_to_the_front_of_the_stove.pruned_init,b15f1d48659f7ecf74ddc6be499a9238f10e5a93e33664adcae215ba028a573f,UNAVAILABLE_NOT_A_GIT_CHECKOUT
libero_goal_object::task05::init005::eval_seed000,goal_object_t0to9,56,libero_goal_object,5,push the plate to the front of the stove,5,5,0,5,libero_pro/bddl_files/libero_goal_object/push_the_plate_to_the_front_of_the_stove.bddl,05a04afe0e756395b4968ee3eec0a9715ec240959086eb8c874aeb62db227ec0,libero_pro/init_files/libero_goal_object/push_the_plate_to_the_front_of_the_stove.pruned_init,b15f1d48659f7ecf74ddc6be499a9238f10e5a93e33664adcae215ba028a573f,UNAVAILABLE_NOT_A_GIT_CHECKOUT
libero_goal_object::task05::init006::eval_seed000,goal_object_t0to9,57,libero_goal_object,5,push the plate to the front of the stove,6,6,0,6,libero_pro/bddl_files/libero_goal_object/push_the_plate_to_the_front_of_the_stove.bddl,05a04afe0e756395b4968ee3eec0a9715ec240959086eb8c874aeb62db227ec0,libero_pro/init_files/libero_goal_object/push_the_plate_to_the_front_of_the_stove.pruned_init,b15f1d48659f7ecf74ddc6be499a9238f10e5a93e33664adcae215ba028a573f,UNAVAILABLE_NOT_A_GIT_CHECKOUT
libero_goal_object::task05::init007::eval_seed000,goal_object_t0to9,58,libero_goal_object,5,push the plate to the front of the stove,7,7,0,7,libero_pro/bddl_files/libero_goal_object/push_the_plate_to_the_front_of_the_stove.bddl,05a04afe0e756395b4968ee3eec0a9715ec240959086eb8c874aeb62db227ec0,libero_pro/init_files/libero_goal_object/push_the_plate_to_the_front_of_the_stove.pruned_init,b15f1d48659f7ecf74ddc6be499a9238f10e5a93e33664adcae215ba028a573f,UNAVAILABLE_NOT_A_GIT_CHECKOUT
libero_goal_object::task05::init008::eval_seed000,goal_object_t0to9,59,libero_goal_object,5,push the plate to the front of the stove,8,8,0,8,libero_pro/bddl_files/libero_goal_object/push_the_plate_to_the_front_of_the_stove.bddl,05a04afe0e756395b4968ee3eec0a9715ec240959086eb8c874aeb62db227ec0,libero_pro/init_files/libero_goal_object/push_the_plate_to_the_front_of_the_stove.pruned_init,b15f1d48659f7ecf74ddc6be499a9238f10e5a93e33664adcae215ba028a573f,UNAVAILABLE_NOT_A_GIT_CHECKOUT
libero_goal_object::task05::init009::eval_seed000,goal_object_t0to9,60,libero_goal_object,5,push the plate to the front of the stove,9,9,0,9,libero_pro/bddl_files/libero_goal_object/push_the_plate_to_the_front_of_the_stove.bddl,05a04afe0e756395b4968ee3eec0a9715ec240959086eb8c874aeb62db227ec0,libero_pro/init_files/libero_goal_object/push_the_plate_to_the_front_of_the_stove.pruned_init,b15f1d48659f7ecf74ddc6be499a9238f10e5a93e33664adcae215ba028a573f,UNAVAILABLE_NOT_A_GIT_CHECKOUT
libero_goal_object::task06::init000::eval_seed000,goal_object_t0to9,61,libero_goal_object,6,put the cream cheese on the bowl,0,0,0,0,libero_pro/bddl_files/libero_goal_object/put_the_cream_cheese_in_the_bowl.bddl,f7fb5c20c12bdce1fa989a2c863daa7732180d714bdb78453f2074629ae43688,libero_pro/init_files/libero_goal_object/put_the_cream_cheese_in_the_bowl.pruned_init,2bf294b1ebb56766c440441139c49292bede8587793cadcb93f6a418cd3d7c10,UNAVAILABLE_NOT_A_GIT_CHECKOUT
libero_goal_object::task06::init001::eval_seed000,goal_object_t0to9,62,libero_goal_object,6,put the cream cheese on the bowl,1,1,0,1,libero_pro/bddl_files/libero_goal_object/put_the_cream_cheese_in_the_bowl.bddl,f7fb5c20c12bdce1fa989a2c863daa7732180d714bdb78453f2074629ae43688,libero_pro/init_files/libero_goal_object/put_the_cream_cheese_in_the_bowl.pruned_init,2bf294b1ebb56766c440441139c49292bede8587793cadcb93f6a418cd3d7c10,UNAVAILABLE_NOT_A_GIT_CHECKOUT
libero_goal_object::task06::init002::eval_seed000,goal_object_t0to9,63,libero_goal_object,6,put the cream cheese on the bowl,2,2,0,2,libero_pro/bddl_files/libero_goal_object/put_the_cream_cheese_in_the_bowl.bddl,f7fb5c20c12bdce1fa989a2c863daa7732180d714bdb78453f2074629ae43688,libero_pro/init_files/libero_goal_object/put_the_cream_cheese_in_the_bowl.pruned_init,2bf294b1ebb56766c440441139c49292bede8587793cadcb93f6a418cd3d7c10,UNAVAILABLE_NOT_A_GIT_CHECKOUT
libero_goal_object::task06::init003::eval_seed000,goal_object_t0to9,64,libero_goal_object,6,put the cream cheese on the bowl,3,3,0,3,libero_pro/bddl_files/libero_goal_object/put_the_cream_cheese_in_the_bowl.bddl,f7fb5c20c12bdce1fa989a2c863daa7732180d714bdb78453f2074629ae43688,libero_pro/init_files/libero_goal_object/put_the_cream_cheese_in_the_bowl.pruned_init,2bf294b1ebb56766c440441139c49292bede8587793cadcb93f6a418cd3d7c10,UNAVAILABLE_NOT_A_GIT_CHECKOUT
libero_goal_object::task06::init004::eval_seed000,goal_object_t0to9,65,libero_goal_object,6,put the cream cheese on the bowl,4,4,0,4,libero_pro/bddl_files/libero_goal_object/put_the_cream_cheese_in_the_bowl.bddl,f7fb5c20c12bdce1fa989a2c863daa7732180d714bdb78453f2074629ae43688,libero_pro/init_files/libero_goal_object/put_the_cream_cheese_in_the_bowl.pruned_init,2bf294b1ebb56766c440441139c49292bede8587793cadcb93f6a418cd3d7c10,UNAVAILABLE_NOT_A_GIT_CHECKOUT
libero_goal_object::task06::init005::eval_seed000,goal_object_t0to9,66,libero_goal_object,6,put the cream cheese on the bowl,5,5,0,5,libero_pro/bddl_files/libero_goal_object/put_the_cream_cheese_in_the_bowl.bddl,f7fb5c20c12bdce1fa989a2c863daa7732180d714bdb78453f2074629ae43688,libero_pro/init_files/libero_goal_object/put_the_cream_cheese_in_the_bowl.pruned_init,2bf294b1ebb56766c440441139c49292bede8587793cadcb93f6a418cd3d7c10,UNAVAILABLE_NOT_A_GIT_CHECKOUT
libero_goal_object::task06::init006::eval_seed000,goal_object_t0to9,67,libero_goal_object,6,put the cream cheese on the bowl,6,6,0,6,libero_pro/bddl_files/libero_goal_object/put_the_cream_cheese_in_the_bowl.bddl,f7fb5c20c12bdce1fa989a2c863daa7732180d714bdb78453f2074629ae43688,libero_pro/init_files/libero_goal_object/put_the_cream_cheese_in_the_bowl.pruned_init,2bf294b1ebb56766c440441139c49292bede8587793cadcb93f6a418cd3d7c10,UNAVAILABLE_NOT_A_GIT_CHECKOUT
libero_goal_object::task06::init007::eval_seed000,goal_object_t0to9,68,libero_goal_object,6,put the cream cheese on the bowl,7,7,0,7,libero_pro/bddl_files/libero_goal_object/put_the_cream_cheese_in_the_bowl.bddl,f7fb5c20c12bdce1fa989a2c863daa7732180d714bdb78453f2074629ae43688,libero_pro/init_files/libero_goal_object/put_the_cream_cheese_in_the_bowl.pruned_init,2bf294b1ebb56766c440441139c49292bede8587793cadcb93f6a418cd3d7c10,UNAVAILABLE_NOT_A_GIT_CHECKOUT
libero_goal_object::task06::init008::eval_seed000,goal_object_t0to9,69,libero_goal_object,6,put the cream cheese on the bowl,8,8,0,8,libero_pro/bddl_files/libero_goal_object/put_the_cream_cheese_in_the_bowl.bddl,f7fb5c20c12bdce1fa989a2c863daa7732180d714bdb78453f2074629ae43688,libero_pro/init_files/libero_goal_object/put_the_cream_cheese_in_the_bowl.pruned_init,2bf294b1ebb56766c440441139c49292bede8587793cadcb93f6a418cd3d7c10,UNAVAILABLE_NOT_A_GIT_CHECKOUT
libero_goal_object::task06::init009::eval_seed000,goal_object_t0to9,70,libero_goal_object,6,put the cream cheese on the bowl,9,9,0,9,libero_pro/bddl_files/libero_goal_object/put_the_cream_cheese_in_the_bowl.bddl,f7fb5c20c12bdce1fa989a2c863daa7732180d714bdb78453f2074629ae43688,libero_pro/init_files/libero_goal_object/put_the_cream_cheese_in_the_bowl.pruned_init,2bf294b1ebb56766c440441139c49292bede8587793cadcb93f6a418cd3d7c10,UNAVAILABLE_NOT_A_GIT_CHECKOUT
libero_goal_object::task07::init000::eval_seed000,goal_object_t0to9,71,libero_goal_object,7,turn on the stove,0,0,0,0,libero_pro/bddl_files/libero_goal_object/turn_on_the_stove.bddl,9766aeef78848b2e41711b253b3cf1602a4c11ca8d37f7aa047a40a6d6f2ff3e,libero_pro/init_files/libero_goal_object/turn_on_the_stove.pruned_init,6d95f205b6492b3f69453d5117559f95f6f32c195f92192ef1040fc3de1966d5,UNAVAILABLE_NOT_A_GIT_CHECKOUT
libero_goal_object::task07::init001::eval_seed000,goal_object_t0to9,72,libero_goal_object,7,turn on the stove,1,1,0,1,libero_pro/bddl_files/libero_goal_object/turn_on_the_stove.bddl,9766aeef78848b2e41711b253b3cf1602a4c11ca8d37f7aa047a40a6d6f2ff3e,libero_pro/init_files/libero_goal_object/turn_on_the_stove.pruned_init,6d95f205b6492b3f69453d5117559f95f6f32c195f92192ef1040fc3de1966d5,UNAVAILABLE_NOT_A_GIT_CHECKOUT
libero_goal_object::task07::init002::eval_seed000,goal_object_t0to9,73,libero_goal_object,7,turn on the stove,2,2,0,2,libero_pro/bddl_files/libero_goal_object/turn_on_the_stove.bddl,9766aeef78848b2e41711b253b3cf1602a4c11ca8d37f7aa047a40a6d6f2ff3e,libero_pro/init_files/libero_goal_object/turn_on_the_stove.pruned_init,6d95f205b6492b3f69453d5117559f95f6f32c195f92192ef1040fc3de1966d5,UNAVAILABLE_NOT_A_GIT_CHECKOUT
libero_goal_object::task07::init003::eval_seed000,goal_object_t0to9,74,libero_goal_object,7,turn on the stove,3,3,0,3,libero_pro/bddl_files/libero_goal_object/turn_on_the_stove.bddl,9766aeef78848b2e41711b253b3cf1602a4c11ca8d37f7aa047a40a6d6f2ff3e,libero_pro/init_files/libero_goal_object/turn_on_the_stove.pruned_init,6d95f205b6492b3f69453d5117559f95f6f32c195f92192ef1040fc3de1966d5,UNAVAILABLE_NOT_A_GIT_CHECKOUT
libero_goal_object::task07::init004::eval_seed000,goal_object_t0to9,75,libero_goal_object,7,turn on the stove,4,4,0,4,libero_pro/bddl_files/libero_goal_object/turn_on_the_stove.bddl,9766aeef78848b2e41711b253b3cf1602a4c11ca8d37f7aa047a40a6d6f2ff3e,libero_pro/init_files/libero_goal_object/turn_on_the_stove.pruned_init,6d95f205b6492b3f69453d5117559f95f6f32c195f92192ef1040fc3de1966d5,UNAVAILABLE_NOT_A_GIT_CHECKOUT
libero_goal_object::task07::init005::eval_seed000,goal_object_t0to9,76,libero_goal_object,7,turn on the stove,5,5,0,5,libero_pro/bddl_files/libero_goal_object/turn_on_the_stove.bddl,9766aeef78848b2e41711b253b3cf1602a4c11ca8d37f7aa047a40a6d6f2ff3e,libero_pro/init_files/libero_goal_object/turn_on_the_stove.pruned_init,6d95f205b6492b3f69453d5117559f95f6f32c195f92192ef1040fc3de1966d5,UNAVAILABLE_NOT_A_GIT_CHECKOUT
libero_goal_object::task07::init006::eval_seed000,goal_object_t0to9,77,libero_goal_object,7,turn on the stove,6,6,0,6,libero_pro/bddl_files/libero_goal_object/turn_on_the_stove.bddl,9766aeef78848b2e41711b253b3cf1602a4c11ca8d37f7aa047a40a6d6f2ff3e,libero_pro/init_files/libero_goal_object/turn_on_the_stove.pruned_init,6d95f205b6492b3f69453d5117559f95f6f32c195f92192ef1040fc3de1966d5,UNAVAILABLE_NOT_A_GIT_CHECKOUT
libero_goal_object::task07::init007::eval_seed000,goal_object_t0to9,78,libero_goal_object,7,turn on the stove,7,7,0,7,libero_pro/bddl_files/libero_goal_object/turn_on_the_stove.bddl,9766aeef78848b2e41711b253b3cf1602a4c11ca8d37f7aa047a40a6d6f2ff3e,libero_pro/init_files/libero_goal_object/turn_on_the_stove.pruned_init,6d95f205b6492b3f69453d5117559f95f6f32c195f92192ef1040fc3de1966d5,UNAVAILABLE_NOT_A_GIT_CHECKOUT
libero_goal_object::task07::init008::eval_seed000,goal_object_t0to9,79,libero_goal_object,7,turn on the stove,8,8,0,8,libero_pro/bddl_files/libero_goal_object/turn_on_the_stove.bddl,9766aeef78848b2e41711b253b3cf1602a4c11ca8d37f7aa047a40a6d6f2ff3e,libero_pro/init_files/libero_goal_object/turn_on_the_stove.pruned_init,6d95f205b6492b3f69453d5117559f95f6f32c195f92192ef1040fc3de1966d5,UNAVAILABLE_NOT_A_GIT_CHECKOUT
libero_goal_object::task07::init009::eval_seed000,goal_object_t0to9,80,libero_goal_object,7,turn on the stove,9,9,0,9,libero_pro/bddl_files/libero_goal_object/turn_on_the_stove.bddl,9766aeef78848b2e41711b253b3cf1602a4c11ca8d37f7aa047a40a6d6f2ff3e,libero_pro/init_files/libero_goal_object/turn_on_the_stove.pruned_init,6d95f205b6492b3f69453d5117559f95f6f32c195f92192ef1040fc3de1966d5,UNAVAILABLE_NOT_A_GIT_CHECKOUT
libero_goal_object::task08::init000::eval_seed000,goal_object_t0to9,81,libero_goal_object,8,put the bowl on the plate,0,0,0,0,libero_pro/bddl_files/libero_goal_object/put_the_bowl_on_the_plate.bddl,69af3a8a44a5e2848894a13db9ecc0fb8b87ac8149fc6c18e1e0623bb7d8a5ce,libero_pro/init_files/libero_goal_object/put_the_bowl_on_the_plate.pruned_init,91bd3f2bfe19865bc532e62073231b3fe0e5ad7a268d3b72fc87f273c2216e93,UNAVAILABLE_NOT_A_GIT_CHECKOUT
libero_goal_object::task08::init001::eval_seed000,goal_object_t0to9,82,libero_goal_object,8,put the bowl on the plate,1,1,0,1,libero_pro/bddl_files/libero_goal_object/put_the_bowl_on_the_plate.bddl,69af3a8a44a5e2848894a13db9ecc0fb8b87ac8149fc6c18e1e0623bb7d8a5ce,libero_pro/init_files/libero_goal_object/put_the_bowl_on_the_plate.pruned_init,91bd3f2bfe19865bc532e62073231b3fe0e5ad7a268d3b72fc87f273c2216e93,UNAVAILABLE_NOT_A_GIT_CHECKOUT
libero_goal_object::task08::init002::eval_seed000,goal_object_t0to9,83,libero_goal_object,8,put the bowl on the plate,2,2,0,2,libero_pro/bddl_files/libero_goal_object/put_the_bowl_on_the_plate.bddl,69af3a8a44a5e2848894a13db9ecc0fb8b87ac8149fc6c18e1e0623bb7d8a5ce,libero_pro/init_files/libero_goal_object/put_the_bowl_on_the_plate.pruned_init,91bd3f2bfe19865bc532e62073231b3fe0e5ad7a268d3b72fc87f273c2216e93,UNAVAILABLE_NOT_A_GIT_CHECKOUT
libero_goal_object::task08::init003::eval_seed000,goal_object_t0to9,84,libero_goal_object,8,put the bowl on the plate,3,3,0,3,libero_pro/bddl_files/libero_goal_object/put_the_bowl_on_the_plate.bddl,69af3a8a44a5e2848894a13db9ecc0fb8b87ac8149fc6c18e1e0623bb7d8a5ce,libero_pro/init_files/libero_goal_object/put_the_bowl_on_the_plate.pruned_init,91bd3f2bfe19865bc532e62073231b3fe0e5ad7a268d3b72fc87f273c2216e93,UNAVAILABLE_NOT_A_GIT_CHECKOUT
libero_goal_object::task08::init004::eval_seed000,goal_object_t0to9,85,libero_goal_object,8,put the bowl on the plate,4,4,0,4,libero_pro/bddl_files/libero_goal_object/put_the_bowl_on_the_plate.bddl,69af3a8a44a5e2848894a13db9ecc0fb8b87ac8149fc6c18e1e0623bb7d8a5ce,libero_pro/init_files/libero_goal_object/put_the_bowl_on_the_plate.pruned_init,91bd3f2bfe19865bc532e62073231b3fe0e5ad7a268d3b72fc87f273c2216e93,UNAVAILABLE_NOT_A_GIT_CHECKOUT
libero_goal_object::task08::init005::eval_seed000,goal_object_t0to9,86,libero_goal_object,8,put the bowl on the plate,5,5,0,5,libero_pro/bddl_files/libero_goal_object/put_the_bowl_on_the_plate.bddl,69af3a8a44a5e2848894a13db9ecc0fb8b87ac8149fc6c18e1e0623bb7d8a5ce,libero_pro/init_files/libero_goal_object/put_the_bowl_on_the_plate.pruned_init,91bd3f2bfe19865bc532e62073231b3fe0e5ad7a268d3b72fc87f273c2216e93,UNAVAILABLE_NOT_A_GIT_CHECKOUT
libero_goal_object::task08::init006::eval_seed000,goal_object_t0to9,87,libero_goal_object,8,put the bowl on the plate,6,6,0,6,libero_pro/bddl_files/libero_goal_object/put_the_bowl_on_the_plate.bddl,69af3a8a44a5e2848894a13db9ecc0fb8b87ac8149fc6c18e1e0623bb7d8a5ce,libero_pro/init_files/libero_goal_object/put_the_bowl_on_the_plate.pruned_init,91bd3f2bfe19865bc532e62073231b3fe0e5ad7a268d3b72fc87f273c2216e93,UNAVAILABLE_NOT_A_GIT_CHECKOUT
libero_goal_object::task08::init007::eval_seed000,goal_object_t0to9,88,libero_goal_object,8,put the bowl on the plate,7,7,0,7,libero_pro/bddl_files/libero_goal_object/put_the_bowl_on_the_plate.bddl,69af3a8a44a5e2848894a13db9ecc0fb8b87ac8149fc6c18e1e0623bb7d8a5ce,libero_pro/init_files/libero_goal_object/put_the_bowl_on_the_plate.pruned_init,91bd3f2bfe19865bc532e62073231b3fe0e5ad7a268d3b72fc87f273c2216e93,UNAVAILABLE_NOT_A_GIT_CHECKOUT
libero_goal_object::task08::init008::eval_seed000,goal_object_t0to9,89,libero_goal_object,8,put the bowl on the plate,8,8,0,8,libero_pro/bddl_files/libero_goal_object/put_the_bowl_on_the_plate.bddl,69af3a8a44a5e2848894a13db9ecc0fb8b87ac8149fc6c18e1e0623bb7d8a5ce,libero_pro/init_files/libero_goal_object/put_the_bowl_on_the_plate.pruned_init,91bd3f2bfe19865bc532e62073231b3fe0e5ad7a268d3b72fc87f273c2216e93,UNAVAILABLE_NOT_A_GIT_CHECKOUT
libero_goal_object::task08::init009::eval_seed000,goal_object_t0to9,90,libero_goal_object,8,put the bowl on the plate,9,9,0,9,libero_pro/bddl_files/libero_goal_object/put_the_bowl_on_the_plate.bddl,69af3a8a44a5e2848894a13db9ecc0fb8b87ac8149fc6c18e1e0623bb7d8a5ce,libero_pro/init_files/libero_goal_object/put_the_bowl_on_the_plate.pruned_init,91bd3f2bfe19865bc532e62073231b3fe0e5ad7a268d3b72fc87f273c2216e93,UNAVAILABLE_NOT_A_GIT_CHECKOUT
libero_goal_object::task09::init000::eval_seed000,goal_object_t0to9,91,libero_goal_object,9,put the wine bottle on the rack,0,0,0,0,libero_pro/bddl_files/libero_goal_object/put_the_wine_bottle_on_the_rack.bddl,4cf8e44712a7a269200114ef61176e4b8a1b21d1531b09abaf2478f0b8fe0769,libero_pro/init_files/libero_goal_object/put_the_wine_bottle_on_the_rack.pruned_init,45f7e4e88cef72525904bb8f8ac57fa4fa51d277f2a7b9718beee0f6b657e9f0,UNAVAILABLE_NOT_A_GIT_CHECKOUT
libero_goal_object::task09::init001::eval_seed000,goal_object_t0to9,92,libero_goal_object,9,put the wine bottle on the rack,1,1,0,1,libero_pro/bddl_files/libero_goal_object/put_the_wine_bottle_on_the_rack.bddl,4cf8e44712a7a269200114ef61176e4b8a1b21d1531b09abaf2478f0b8fe0769,libero_pro/init_files/libero_goal_object/put_the_wine_bottle_on_the_rack.pruned_init,45f7e4e88cef72525904bb8f8ac57fa4fa51d277f2a7b9718beee0f6b657e9f0,UNAVAILABLE_NOT_A_GIT_CHECKOUT
libero_goal_object::task09::init002::eval_seed000,goal_object_t0to9,93,libero_goal_object,9,put the wine bottle on the rack,2,2,0,2,libero_pro/bddl_files/libero_goal_object/put_the_wine_bottle_on_the_rack.bddl,4cf8e44712a7a269200114ef61176e4b8a1b21d1531b09abaf2478f0b8fe0769,libero_pro/init_files/libero_goal_object/put_the_wine_bottle_on_the_rack.pruned_init,45f7e4e88cef72525904bb8f8ac57fa4fa51d277f2a7b9718beee0f6b657e9f0,UNAVAILABLE_NOT_A_GIT_CHECKOUT
libero_goal_object::task09::init003::eval_seed000,goal_object_t0to9,94,libero_goal_object,9,put the wine bottle on the rack,3,3,0,3,libero_pro/bddl_files/libero_goal_object/put_the_wine_bottle_on_the_rack.bddl,4cf8e44712a7a269200114ef61176e4b8a1b21d1531b09abaf2478f0b8fe0769,libero_pro/init_files/libero_goal_object/put_the_wine_bottle_on_the_rack.pruned_init,45f7e4e88cef72525904bb8f8ac57fa4fa51d277f2a7b9718beee0f6b657e9f0,UNAVAILABLE_NOT_A_GIT_CHECKOUT
libero_goal_object::task09::init004::eval_seed000,goal_object_t0to9,95,libero_goal_object,9,put the wine bottle on the rack,4,4,0,4,libero_pro/bddl_files/libero_goal_object/put_the_wine_bottle_on_the_rack.bddl,4cf8e44712a7a269200114ef61176e4b8a1b21d1531b09abaf2478f0b8fe0769,libero_pro/init_files/libero_goal_object/put_the_wine_bottle_on_the_rack.pruned_init,45f7e4e88cef72525904bb8f8ac57fa4fa51d277f2a7b9718beee0f6b657e9f0,UNAVAILABLE_NOT_A_GIT_CHECKOUT
libero_goal_object::task09::init005::eval_seed000,goal_object_t0to9,96,libero_goal_object,9,put the wine bottle on the rack,5,5,0,5,libero_pro/bddl_files/libero_goal_object/put_the_wine_bottle_on_the_rack.bddl,4cf8e44712a7a269200114ef61176e4b8a1b21d1531b09abaf2478f0b8fe0769,libero_pro/init_files/libero_goal_object/put_the_wine_bottle_on_the_rack.pruned_init,45f7e4e88cef72525904bb8f8ac57fa4fa51d277f2a7b9718beee0f6b657e9f0,UNAVAILABLE_NOT_A_GIT_CHECKOUT
libero_goal_object::task09::init006::eval_seed000,goal_object_t0to9,97,libero_goal_object,9,put the wine bottle on the rack,6,6,0,6,libero_pro/bddl_files/libero_goal_object/put_the_wine_bottle_on_the_rack.bddl,4cf8e44712a7a269200114ef61176e4b8a1b21d1531b09abaf2478f0b8fe0769,libero_pro/init_files/libero_goal_object/put_the_wine_bottle_on_the_rack.pruned_init,45f7e4e88cef72525904bb8f8ac57fa4fa51d277f2a7b9718beee0f6b657e9f0,UNAVAILABLE_NOT_A_GIT_CHECKOUT
libero_goal_object::task09::init007::eval_seed000,goal_object_t0to9,98,libero_goal_object,9,put the wine bottle on the rack,7,7,0,7,libero_pro/bddl_files/libero_goal_object/put_the_wine_bottle_on_the_rack.bddl,4cf8e44712a7a269200114ef61176e4b8a1b21d1531b09abaf2478f0b8fe0769,libero_pro/init_files/libero_goal_object/put_the_wine_bottle_on_the_rack.pruned_init,45f7e4e88cef72525904bb8f8ac57fa4fa51d277f2a7b9718beee0f6b657e9f0,UNAVAILABLE_NOT_A_GIT_CHECKOUT
libero_goal_object::task09::init008::eval_seed000,goal_object_t0to9,99,libero_goal_object,9,put the wine bottle on the rack,8,8,0,8,libero_pro/bddl_files/libero_goal_object/put_the_wine_bottle_on_the_rack.bddl,4cf8e44712a7a269200114ef61176e4b8a1b21d1531b09abaf2478f0b8fe0769,libero_pro/init_files/libero_goal_object/put_the_wine_bottle_on_the_rack.pruned_init,45f7e4e88cef72525904bb8f8ac57fa4fa51d277f2a7b9718beee0f6b657e9f0,UNAVAILABLE_NOT_A_GIT_CHECKOUT
libero_goal_object::task09::init009::eval_seed000,goal_object_t0to9,100,libero_goal_object,9,put the wine bottle on the rack,9,9,0,9,libero_pro/bddl_files/libero_goal_object/put_the_wine_bottle_on_the_rack.bddl,4cf8e44712a7a269200114ef61176e4b8a1b21d1531b09abaf2478f0b8fe0769,libero_pro/init_files/libero_goal_object/put_the_wine_bottle_on_the_rack.pruned_init,45f7e4e88cef72525904bb8f8ac57fa4fa51d277f2a7b9718beee0f6b657e9f0,UNAVAILABLE_NOT_A_GIT_CHECKOUT
libero_goal_object::task00::init040::eval_seed000,goal_object_t40to49,1,libero_goal_object,0,open the middle layer of the drawer,40,40,0,40,libero_pro/bddl_files/libero_goal_object/open_the_middle_drawer_of_the_cabinet.bddl,2ba1c3abe63f78095dd0ebce54808e29ec560fa069b2f0924a5c8ea93cf21e35,libero_pro/init_files/libero_goal_object/open_the_middle_drawer_of_the_cabinet.pruned_init,73f94bb57f8625939e3459f575a46fc84b7babe8cc638b4b281a8ef4d789c11d,UNAVAILABLE_NOT_A_GIT_CHECKOUT
libero_goal_object::task00::init041::eval_seed000,goal_object_t40to49,2,libero_goal_object,0,open the middle layer of the drawer,41,41,0,41,libero_pro/bddl_files/libero_goal_object/open_the_middle_drawer_of_the_cabinet.bddl,2ba1c3abe63f78095dd0ebce54808e29ec560fa069b2f0924a5c8ea93cf21e35,libero_pro/init_files/libero_goal_object/open_the_middle_drawer_of_the_cabinet.pruned_init,73f94bb57f8625939e3459f575a46fc84b7babe8cc638b4b281a8ef4d789c11d,UNAVAILABLE_NOT_A_GIT_CHECKOUT
libero_goal_object::task00::init042::eval_seed000,goal_object_t40to49,3,libero_goal_object,0,open the middle layer of the drawer,42,42,0,42,libero_pro/bddl_files/libero_goal_object/open_the_middle_drawer_of_the_cabinet.bddl,2ba1c3abe63f78095dd0ebce54808e29ec560fa069b2f0924a5c8ea93cf21e35,libero_pro/init_files/libero_goal_object/open_the_middle_drawer_of_the_cabinet.pruned_init,73f94bb57f8625939e3459f575a46fc84b7babe8cc638b4b281a8ef4d789c11d,UNAVAILABLE_NOT_A_GIT_CHECKOUT
libero_goal_object::task00::init043::eval_seed000,goal_object_t40to49,4,libero_goal_object,0,open the middle layer of the drawer,43,43,0,43,libero_pro/bddl_files/libero_goal_object/open_the_middle_drawer_of_the_cabinet.bddl,2ba1c3abe63f78095dd0ebce54808e29ec560fa069b2f0924a5c8ea93cf21e35,libero_pro/init_files/libero_goal_object/open_the_middle_drawer_of_the_cabinet.pruned_init,73f94bb57f8625939e3459f575a46fc84b7babe8cc638b4b281a8ef4d789c11d,UNAVAILABLE_NOT_A_GIT_CHECKOUT
libero_goal_object::task00::init044::eval_seed000,goal_object_t40to49,5,libero_goal_object,0,open the middle layer of the drawer,44,44,0,44,libero_pro/bddl_files/libero_goal_object/open_the_middle_drawer_of_the_cabinet.bddl,2ba1c3abe63f78095dd0ebce54808e29ec560fa069b2f0924a5c8ea93cf21e35,libero_pro/init_files/libero_goal_object/open_the_middle_drawer_of_the_cabinet.pruned_init,73f94bb57f8625939e3459f575a46fc84b7babe8cc638b4b281a8ef4d789c11d,UNAVAILABLE_NOT_A_GIT_CHECKOUT
libero_goal_object::task00::init045::eval_seed000,goal_object_t40to49,6,libero_goal_object,0,open the middle layer of the drawer,45,45,0,45,libero_pro/bddl_files/libero_goal_object/open_the_middle_drawer_of_the_cabinet.bddl,2ba1c3abe63f78095dd0ebce54808e29ec560fa069b2f0924a5c8ea93cf21e35,libero_pro/init_files/libero_goal_object/open_the_middle_drawer_of_the_cabinet.pruned_init,73f94bb57f8625939e3459f575a46fc84b7babe8cc638b4b281a8ef4d789c11d,UNAVAILABLE_NOT_A_GIT_CHECKOUT
libero_goal_object::task00::init046::eval_seed000,goal_object_t40to49,7,libero_goal_object,0,open the middle layer of the drawer,46,46,0,46,libero_pro/bddl_files/libero_goal_object/open_the_middle_drawer_of_the_cabinet.bddl,2ba1c3abe63f78095dd0ebce54808e29ec560fa069b2f0924a5c8ea93cf21e35,libero_pro/init_files/libero_goal_object/open_the_middle_drawer_of_the_cabinet.pruned_init,73f94bb57f8625939e3459f575a46fc84b7babe8cc638b4b281a8ef4d789c11d,UNAVAILABLE_NOT_A_GIT_CHECKOUT
libero_goal_object::task00::init047::eval_seed000,goal_object_t40to49,8,libero_goal_object,0,open the middle layer of the drawer,47,47,0,47,libero_pro/bddl_files/libero_goal_object/open_the_middle_drawer_of_the_cabinet.bddl,2ba1c3abe63f78095dd0ebce54808e29ec560fa069b2f0924a5c8ea93cf21e35,libero_pro/init_files/libero_goal_object/open_the_middle_drawer_of_the_cabinet.pruned_init,73f94bb57f8625939e3459f575a46fc84b7babe8cc638b4b281a8ef4d789c11d,UNAVAILABLE_NOT_A_GIT_CHECKOUT
libero_goal_object::task00::init048::eval_seed000,goal_object_t40to49,9,libero_goal_object,0,open the middle layer of the drawer,48,48,0,48,libero_pro/bddl_files/libero_goal_object/open_the_middle_drawer_of_the_cabinet.bddl,2ba1c3abe63f78095dd0ebce54808e29ec560fa069b2f0924a5c8ea93cf21e35,libero_pro/init_files/libero_goal_object/open_the_middle_drawer_of_the_cabinet.pruned_init,73f94bb57f8625939e3459f575a46fc84b7babe8cc638b4b281a8ef4d789c11d,UNAVAILABLE_NOT_A_GIT_CHECKOUT
libero_goal_object::task00::init049::eval_seed000,goal_object_t40to49,10,libero_goal_object,0,open the middle layer of the drawer,49,49,0,49,libero_pro/bddl_files/libero_goal_object/open_the_middle_drawer_of_the_cabinet.bddl,2ba1c3abe63f78095dd0ebce54808e29ec560fa069b2f0924a5c8ea93cf21e35,libero_pro/init_files/libero_goal_object/open_the_middle_drawer_of_the_cabinet.pruned_init,73f94bb57f8625939e3459f575a46fc84b7babe8cc638b4b281a8ef4d789c11d,UNAVAILABLE_NOT_A_GIT_CHECKOUT
libero_goal_object::task01::init040::eval_seed000,goal_object_t40to49,11,libero_goal_object,1,put the bowl on the stove,40,40,0,40,libero_pro/bddl_files/libero_goal_object/put_the_bowl_on_the_stove.bddl,c243a0de8e72c5e17a4b87528468504d828af1504d4e828d5f2ee437b5153b60,libero_pro/init_files/libero_goal_object/put_the_bowl_on_the_stove.pruned_init,907642a69eff5454ff1ccc9d20c4c6ff9c2963634545ae36c9598eea0bc25f5f,UNAVAILABLE_NOT_A_GIT_CHECKOUT
libero_goal_object::task01::init041::eval_seed000,goal_object_t40to49,12,libero_goal_object,1,put the bowl on the stove,41,41,0,41,libero_pro/bddl_files/libero_goal_object/put_the_bowl_on_the_stove.bddl,c243a0de8e72c5e17a4b87528468504d828af1504d4e828d5f2ee437b5153b60,libero_pro/init_files/libero_goal_object/put_the_bowl_on_the_stove.pruned_init,907642a69eff5454ff1ccc9d20c4c6ff9c2963634545ae36c9598eea0bc25f5f,UNAVAILABLE_NOT_A_GIT_CHECKOUT
libero_goal_object::task01::init042::eval_seed000,goal_object_t40to49,13,libero_goal_object,1,put the bowl on the stove,42,42,0,42,libero_pro/bddl_files/libero_goal_object/put_the_bowl_on_the_stove.bddl,c243a0de8e72c5e17a4b87528468504d828af1504d4e828d5f2ee437b5153b60,libero_pro/init_files/libero_goal_object/put_the_bowl_on_the_stove.pruned_init,907642a69eff5454ff1ccc9d20c4c6ff9c2963634545ae36c9598eea0bc25f5f,UNAVAILABLE_NOT_A_GIT_CHECKOUT
libero_goal_object::task01::init043::eval_seed000,goal_object_t40to49,14,libero_goal_object,1,put the bowl on the stove,43,43,0,43,libero_pro/bddl_files/libero_goal_object/put_the_bowl_on_the_stove.bddl,c243a0de8e72c5e17a4b87528468504d828af1504d4e828d5f2ee437b5153b60,libero_pro/init_files/libero_goal_object/put_the_bowl_on_the_stove.pruned_init,907642a69eff5454ff1ccc9d20c4c6ff9c2963634545ae36c9598eea0bc25f5f,UNAVAILABLE_NOT_A_GIT_CHECKOUT
libero_goal_object::task01::init044::eval_seed000,goal_object_t40to49,15,libero_goal_object,1,put the bowl on the stove,44,44,0,44,libero_pro/bddl_files/libero_goal_object/put_the_bowl_on_the_stove.bddl,c243a0de8e72c5e17a4b87528468504d828af1504d4e828d5f2ee437b5153b60,libero_pro/init_files/libero_goal_object/put_the_bowl_on_the_stove.pruned_init,907642a69eff5454ff1ccc9d20c4c6ff9c2963634545ae36c9598eea0bc25f5f,UNAVAILABLE_NOT_A_GIT_CHECKOUT
libero_goal_object::task01::init045::eval_seed000,goal_object_t40to49,16,libero_goal_object,1,put the bowl on the stove,45,45,0,45,libero_pro/bddl_files/libero_goal_object/put_the_bowl_on_the_stove.bddl,c243a0de8e72c5e17a4b87528468504d828af1504d4e828d5f2ee437b5153b60,libero_pro/init_files/libero_goal_object/put_the_bowl_on_the_stove.pruned_init,907642a69eff5454ff1ccc9d20c4c6ff9c2963634545ae36c9598eea0bc25f5f,UNAVAILABLE_NOT_A_GIT_CHECKOUT
libero_goal_object::task01::init046::eval_seed000,goal_object_t40to49,17,libero_goal_object,1,put the bowl on the stove,46,46,0,46,libero_pro/bddl_files/libero_goal_object/put_the_bowl_on_the_stove.bddl,c243a0de8e72c5e17a4b87528468504d828af1504d4e828d5f2ee437b5153b60,libero_pro/init_files/libero_goal_object/put_the_bowl_on_the_stove.pruned_init,907642a69eff5454ff1ccc9d20c4c6ff9c2963634545ae36c9598eea0bc25f5f,UNAVAILABLE_NOT_A_GIT_CHECKOUT
libero_goal_object::task01::init047::eval_seed000,goal_object_t40to49,18,libero_goal_object,1,put the bowl on the stove,47,47,0,47,libero_pro/bddl_files/libero_goal_object/put_the_bowl_on_the_stove.bddl,c243a0de8e72c5e17a4b87528468504d828af1504d4e828d5f2ee437b5153b60,libero_pro/init_files/libero_goal_object/put_the_bowl_on_the_stove.pruned_init,907642a69eff5454ff1ccc9d20c4c6ff9c2963634545ae36c9598eea0bc25f5f,UNAVAILABLE_NOT_A_GIT_CHECKOUT
libero_goal_object::task01::init048::eval_seed000,goal_object_t40to49,19,libero_goal_object,1,put the bowl on the stove,48,48,0,48,libero_pro/bddl_files/libero_goal_object/put_the_bowl_on_the_stove.bddl,c243a0de8e72c5e17a4b87528468504d828af1504d4e828d5f2ee437b5153b60,libero_pro/init_files/libero_goal_object/put_the_bowl_on_the_stove.pruned_init,907642a69eff5454ff1ccc9d20c4c6ff9c2963634545ae36c9598eea0bc25f5f,UNAVAILABLE_NOT_A_GIT_CHECKOUT
libero_goal_object::task01::init049::eval_seed000,goal_object_t40to49,20,libero_goal_object,1,put the bowl on the stove,49,49,0,49,libero_pro/bddl_files/libero_goal_object/put_the_bowl_on_the_stove.bddl,c243a0de8e72c5e17a4b87528468504d828af1504d4e828d5f2ee437b5153b60,libero_pro/init_files/libero_goal_object/put_the_bowl_on_the_stove.pruned_init,907642a69eff5454ff1ccc9d20c4c6ff9c2963634545ae36c9598eea0bc25f5f,UNAVAILABLE_NOT_A_GIT_CHECKOUT
libero_goal_object::task02::init040::eval_seed000,goal_object_t40to49,21,libero_goal_object,2,put the wine bottle on the top of the drawer,40,40,0,40,libero_pro/bddl_files/libero_goal_object/put_the_wine_bottle_on_top_of_the_cabinet.bddl,7c9084631f87470e5ad42bba7b1d8bdb6a7972aac9b0dafb85bf9895b81bf51e,libero_pro/init_files/libero_goal_object/put_the_wine_bottle_on_top_of_the_cabinet.pruned_init,b889e9e584bc91c8b8652355e9abdb4df36c9c6ae8c4b2683b7942ab5616f2d8,UNAVAILABLE_NOT_A_GIT_CHECKOUT
libero_goal_object::task02::init041::eval_seed000,goal_object_t40to49,22,libero_goal_object,2,put the wine bottle on the top of the drawer,41,41,0,41,libero_pro/bddl_files/libero_goal_object/put_the_wine_bottle_on_top_of_the_cabinet.bddl,7c9084631f87470e5ad42bba7b1d8bdb6a7972aac9b0dafb85bf9895b81bf51e,libero_pro/init_files/libero_goal_object/put_the_wine_bottle_on_top_of_the_cabinet.pruned_init,b889e9e584bc91c8b8652355e9abdb4df36c9c6ae8c4b2683b7942ab5616f2d8,UNAVAILABLE_NOT_A_GIT_CHECKOUT
libero_goal_object::task02::init042::eval_seed000,goal_object_t40to49,23,libero_goal_object,2,put the wine bottle on the top of the drawer,42,42,0,42,libero_pro/bddl_files/libero_goal_object/put_the_wine_bottle_on_top_of_the_cabinet.bddl,7c9084631f87470e5ad42bba7b1d8bdb6a7972aac9b0dafb85bf9895b81bf51e,libero_pro/init_files/libero_goal_object/put_the_wine_bottle_on_top_of_the_cabinet.pruned_init,b889e9e584bc91c8b8652355e9abdb4df36c9c6ae8c4b2683b7942ab5616f2d8,UNAVAILABLE_NOT_A_GIT_CHECKOUT
libero_goal_object::task02::init043::eval_seed000,goal_object_t40to49,24,libero_goal_object,2,put the wine bottle on the top of the drawer,43,43,0,43,libero_pro/bddl_files/libero_goal_object/put_the_wine_bottle_on_top_of_the_cabinet.bddl,7c9084631f87470e5ad42bba7b1d8bdb6a7972aac9b0dafb85bf9895b81bf51e,libero_pro/init_files/libero_goal_object/put_the_wine_bottle_on_top_of_the_cabinet.pruned_init,b889e9e584bc91c8b8652355e9abdb4df36c9c6ae8c4b2683b7942ab5616f2d8,UNAVAILABLE_NOT_A_GIT_CHECKOUT
libero_goal_object::task02::init044::eval_seed000,goal_object_t40to49,25,libero_goal_object,2,put the wine bottle on the top of the drawer,44,44,0,44,libero_pro/bddl_files/libero_goal_object/put_the_wine_bottle_on_top_of_the_cabinet.bddl,7c9084631f87470e5ad42bba7b1d8bdb6a7972aac9b0dafb85bf9895b81bf51e,libero_pro/init_files/libero_goal_object/put_the_wine_bottle_on_top_of_the_cabinet.pruned_init,b889e9e584bc91c8b8652355e9abdb4df36c9c6ae8c4b2683b7942ab5616f2d8,UNAVAILABLE_NOT_A_GIT_CHECKOUT
libero_goal_object::task02::init045::eval_seed000,goal_object_t40to49,26,libero_goal_object,2,put the wine bottle on the top of the drawer,45,45,0,45,libero_pro/bddl_files/libero_goal_object/put_the_wine_bottle_on_top_of_the_cabinet.bddl,7c9084631f87470e5ad42bba7b1d8bdb6a7972aac9b0dafb85bf9895b81bf51e,libero_pro/init_files/libero_goal_object/put_the_wine_bottle_on_top_of_the_cabinet.pruned_init,b889e9e584bc91c8b8652355e9abdb4df36c9c6ae8c4b2683b7942ab5616f2d8,UNAVAILABLE_NOT_A_GIT_CHECKOUT
libero_goal_object::task02::init046::eval_seed000,goal_object_t40to49,27,libero_goal_object,2,put the wine bottle on the top of the drawer,46,46,0,46,libero_pro/bddl_files/libero_goal_object/put_the_wine_bottle_on_top_of_the_cabinet.bddl,7c9084631f87470e5ad42bba7b1d8bdb6a7972aac9b0dafb85bf9895b81bf51e,libero_pro/init_files/libero_goal_object/put_the_wine_bottle_on_top_of_the_cabinet.pruned_init,b889e9e584bc91c8b8652355e9abdb4df36c9c6ae8c4b2683b7942ab5616f2d8,UNAVAILABLE_NOT_A_GIT_CHECKOUT
libero_goal_object::task02::init047::eval_seed000,goal_object_t40to49,28,libero_goal_object,2,put the wine bottle on the top of the drawer,47,47,0,47,libero_pro/bddl_files/libero_goal_object/put_the_wine_bottle_on_top_of_the_cabinet.bddl,7c9084631f87470e5ad42bba7b1d8bdb6a7972aac9b0dafb85bf9895b81bf51e,libero_pro/init_files/libero_goal_object/put_the_wine_bottle_on_top_of_the_cabinet.pruned_init,b889e9e584bc91c8b8652355e9abdb4df36c9c6ae8c4b2683b7942ab5616f2d8,UNAVAILABLE_NOT_A_GIT_CHECKOUT
libero_goal_object::task02::init048::eval_seed000,goal_object_t40to49,29,libero_goal_object,2,put the wine bottle on the top of the drawer,48,48,0,48,libero_pro/bddl_files/libero_goal_object/put_the_wine_bottle_on_top_of_the_cabinet.bddl,7c9084631f87470e5ad42bba7b1d8bdb6a7972aac9b0dafb85bf9895b81bf51e,libero_pro/init_files/libero_goal_object/put_the_wine_bottle_on_top_of_the_cabinet.pruned_init,b889e9e584bc91c8b8652355e9abdb4df36c9c6ae8c4b2683b7942ab5616f2d8,UNAVAILABLE_NOT_A_GIT_CHECKOUT
libero_goal_object::task02::init049::eval_seed000,goal_object_t40to49,30,libero_goal_object,2,put the wine bottle on the top of the drawer,49,49,0,49,libero_pro/bddl_files/libero_goal_object/put_the_wine_bottle_on_top_of_the_cabinet.bddl,7c9084631f87470e5ad42bba7b1d8bdb6a7972aac9b0dafb85bf9895b81bf51e,libero_pro/init_files/libero_goal_object/put_the_wine_bottle_on_top_of_the_cabinet.pruned_init,b889e9e584bc91c8b8652355e9abdb4df36c9c6ae8c4b2683b7942ab5616f2d8,UNAVAILABLE_NOT_A_GIT_CHECKOUT
libero_goal_object::task03::init040::eval_seed000,goal_object_t40to49,31,libero_goal_object,3,open the top layer of the drawer and put the bowl inside,40,40,0,40,libero_pro/bddl_files/libero_goal_object/open_the_top_drawer_and_put_the_bowl_inside.bddl,7a95a6d6ab0ec39424f03a1743979e143f43ce251993bc8cccf68ec4bccf4324,libero_pro/init_files/libero_goal_object/open_the_top_drawer_and_put_the_bowl_inside.pruned_init,8febc8d40dec9bd26cb072370cd16ea41ef66a6b8125aaafc335cc2ff8007192,UNAVAILABLE_NOT_A_GIT_CHECKOUT
libero_goal_object::task03::init041::eval_seed000,goal_object_t40to49,32,libero_goal_object,3,open the top layer of the drawer and put the bowl inside,41,41,0,41,libero_pro/bddl_files/libero_goal_object/open_the_top_drawer_and_put_the_bowl_inside.bddl,7a95a6d6ab0ec39424f03a1743979e143f43ce251993bc8cccf68ec4bccf4324,libero_pro/init_files/libero_goal_object/open_the_top_drawer_and_put_the_bowl_inside.pruned_init,8febc8d40dec9bd26cb072370cd16ea41ef66a6b8125aaafc335cc2ff8007192,UNAVAILABLE_NOT_A_GIT_CHECKOUT
libero_goal_object::task03::init042::eval_seed000,goal_object_t40to49,33,libero_goal_object,3,open the top layer of the drawer and put the bowl inside,42,42,0,42,libero_pro/bddl_files/libero_goal_object/open_the_top_drawer_and_put_the_bowl_inside.bddl,7a95a6d6ab0ec39424f03a1743979e143f43ce251993bc8cccf68ec4bccf4324,libero_pro/init_files/libero_goal_object/open_the_top_drawer_and_put_the_bowl_inside.pruned_init,8febc8d40dec9bd26cb072370cd16ea41ef66a6b8125aaafc335cc2ff8007192,UNAVAILABLE_NOT_A_GIT_CHECKOUT
libero_goal_object::task03::init043::eval_seed000,goal_object_t40to49,34,libero_goal_object,3,open the top layer of the drawer and put the bowl inside,43,43,0,43,libero_pro/bddl_files/libero_goal_object/open_the_top_drawer_and_put_the_bowl_inside.bddl,7a95a6d6ab0ec39424f03a1743979e143f43ce251993bc8cccf68ec4bccf4324,libero_pro/init_files/libero_goal_object/open_the_top_drawer_and_put_the_bowl_inside.pruned_init,8febc8d40dec9bd26cb072370cd16ea41ef66a6b8125aaafc335cc2ff8007192,UNAVAILABLE_NOT_A_GIT_CHECKOUT
libero_goal_object::task03::init044::eval_seed000,goal_object_t40to49,35,libero_goal_object,3,open the top layer of the drawer and put the bowl inside,44,44,0,44,libero_pro/bddl_files/libero_goal_object/open_the_top_drawer_and_put_the_bowl_inside.bddl,7a95a6d6ab0ec39424f03a1743979e143f43ce251993bc8cccf68ec4bccf4324,libero_pro/init_files/libero_goal_object/open_the_top_drawer_and_put_the_bowl_inside.pruned_init,8febc8d40dec9bd26cb072370cd16ea41ef66a6b8125aaafc335cc2ff8007192,UNAVAILABLE_NOT_A_GIT_CHECKOUT
libero_goal_object::task03::init045::eval_seed000,goal_object_t40to49,36,libero_goal_object,3,open the top layer of the drawer and put the bowl inside,45,45,0,45,libero_pro/bddl_files/libero_goal_object/open_the_top_drawer_and_put_the_bowl_inside.bddl,7a95a6d6ab0ec39424f03a1743979e143f43ce251993bc8cccf68ec4bccf4324,libero_pro/init_files/libero_goal_object/open_the_top_drawer_and_put_the_bowl_inside.pruned_init,8febc8d40dec9bd26cb072370cd16ea41ef66a6b8125aaafc335cc2ff8007192,UNAVAILABLE_NOT_A_GIT_CHECKOUT
libero_goal_object::task03::init046::eval_seed000,goal_object_t40to49,37,libero_goal_object,3,open the top layer of the drawer and put the bowl inside,46,46,0,46,libero_pro/bddl_files/libero_goal_object/open_the_top_drawer_and_put_the_bowl_inside.bddl,7a95a6d6ab0ec39424f03a1743979e143f43ce251993bc8cccf68ec4bccf4324,libero_pro/init_files/libero_goal_object/open_the_top_drawer_and_put_the_bowl_inside.pruned_init,8febc8d40dec9bd26cb072370cd16ea41ef66a6b8125aaafc335cc2ff8007192,UNAVAILABLE_NOT_A_GIT_CHECKOUT
libero_goal_object::task03::init047::eval_seed000,goal_object_t40to49,38,libero_goal_object,3,open the top layer of the drawer and put the bowl inside,47,47,0,47,libero_pro/bddl_files/libero_goal_object/open_the_top_drawer_and_put_the_bowl_inside.bddl,7a95a6d6ab0ec39424f03a1743979e143f43ce251993bc8cccf68ec4bccf4324,libero_pro/init_files/libero_goal_object/open_the_top_drawer_and_put_the_bowl_inside.pruned_init,8febc8d40dec9bd26cb072370cd16ea41ef66a6b8125aaafc335cc2ff8007192,UNAVAILABLE_NOT_A_GIT_CHECKOUT
libero_goal_object::task03::init048::eval_seed000,goal_object_t40to49,39,libero_goal_object,3,open the top layer of the drawer and put the bowl inside,48,48,0,48,libero_pro/bddl_files/libero_goal_object/open_the_top_drawer_and_put_the_bowl_inside.bddl,7a95a6d6ab0ec39424f03a1743979e143f43ce251993bc8cccf68ec4bccf4324,libero_pro/init_files/libero_goal_object/open_the_top_drawer_and_put_the_bowl_inside.pruned_init,8febc8d40dec9bd26cb072370cd16ea41ef66a6b8125aaafc335cc2ff8007192,UNAVAILABLE_NOT_A_GIT_CHECKOUT
libero_goal_object::task03::init049::eval_seed000,goal_object_t40to49,40,libero_goal_object,3,open the top layer of the drawer and put the bowl inside,49,49,0,49,libero_pro/bddl_files/libero_goal_object/open_the_top_drawer_and_put_the_bowl_inside.bddl,7a95a6d6ab0ec39424f03a1743979e143f43ce251993bc8cccf68ec4bccf4324,libero_pro/init_files/libero_goal_object/open_the_top_drawer_and_put_the_bowl_inside.pruned_init,8febc8d40dec9bd26cb072370cd16ea41ef66a6b8125aaafc335cc2ff8007192,UNAVAILABLE_NOT_A_GIT_CHECKOUT
libero_goal_object::task04::init040::eval_seed000,goal_object_t40to49,41,libero_goal_object,4,put the bowl on the top of the drawer,40,40,0,40,libero_pro/bddl_files/libero_goal_object/put_the_bowl_on_top_of_the_cabinet.bddl,0697f80cec01abdf5695f146f3e40cd576415d014f49632cfb5339056e9e4a53,libero_pro/init_files/libero_goal_object/put_the_bowl_on_top_of_the_cabinet.pruned_init,3b2934662f1cce7aa84b1a94689d58029a3613f9ee9b3f302c17ec486aeafe1e,UNAVAILABLE_NOT_A_GIT_CHECKOUT
libero_goal_object::task04::init041::eval_seed000,goal_object_t40to49,42,libero_goal_object,4,put the bowl on the top of the drawer,41,41,0,41,libero_pro/bddl_files/libero_goal_object/put_the_bowl_on_top_of_the_cabinet.bddl,0697f80cec01abdf5695f146f3e40cd576415d014f49632cfb5339056e9e4a53,libero_pro/init_files/libero_goal_object/put_the_bowl_on_top_of_the_cabinet.pruned_init,3b2934662f1cce7aa84b1a94689d58029a3613f9ee9b3f302c17ec486aeafe1e,UNAVAILABLE_NOT_A_GIT_CHECKOUT
libero_goal_object::task04::init042::eval_seed000,goal_object_t40to49,43,libero_goal_object,4,put the bowl on the top of the drawer,42,42,0,42,libero_pro/bddl_files/libero_goal_object/put_the_bowl_on_top_of_the_cabinet.bddl,0697f80cec01abdf5695f146f3e40cd576415d014f49632cfb5339056e9e4a53,libero_pro/init_files/libero_goal_object/put_the_bowl_on_top_of_the_cabinet.pruned_init,3b2934662f1cce7aa84b1a94689d58029a3613f9ee9b3f302c17ec486aeafe1e,UNAVAILABLE_NOT_A_GIT_CHECKOUT
libero_goal_object::task04::init043::eval_seed000,goal_object_t40to49,44,libero_goal_object,4,put the bowl on the top of the drawer,43,43,0,43,libero_pro/bddl_files/libero_goal_object/put_the_bowl_on_top_of_the_cabinet.bddl,0697f80cec01abdf5695f146f3e40cd576415d014f49632cfb5339056e9e4a53,libero_pro/init_files/libero_goal_object/put_the_bowl_on_top_of_the_cabinet.pruned_init,3b2934662f1cce7aa84b1a94689d58029a3613f9ee9b3f302c17ec486aeafe1e,UNAVAILABLE_NOT_A_GIT_CHECKOUT
libero_goal_object::task04::init044::eval_seed000,goal_object_t40to49,45,libero_goal_object,4,put the bowl on the top of the drawer,44,44,0,44,libero_pro/bddl_files/libero_goal_object/put_the_bowl_on_top_of_the_cabinet.bddl,0697f80cec01abdf5695f146f3e40cd576415d014f49632cfb5339056e9e4a53,libero_pro/init_files/libero_goal_object/put_the_bowl_on_top_of_the_cabinet.pruned_init,3b2934662f1cce7aa84b1a94689d58029a3613f9ee9b3f302c17ec486aeafe1e,UNAVAILABLE_NOT_A_GIT_CHECKOUT
libero_goal_object::task04::init045::eval_seed000,goal_object_t40to49,46,libero_goal_object,4,put the bowl on the top of the drawer,45,45,0,45,libero_pro/bddl_files/libero_goal_object/put_the_bowl_on_top_of_the_cabinet.bddl,0697f80cec01abdf5695f146f3e40cd576415d014f49632cfb5339056e9e4a53,libero_pro/init_files/libero_goal_object/put_the_bowl_on_top_of_the_cabinet.pruned_init,3b2934662f1cce7aa84b1a94689d58029a3613f9ee9b3f302c17ec486aeafe1e,UNAVAILABLE_NOT_A_GIT_CHECKOUT
libero_goal_object::task04::init046::eval_seed000,goal_object_t40to49,47,libero_goal_object,4,put the bowl on the top of the drawer,46,46,0,46,libero_pro/bddl_files/libero_goal_object/put_the_bowl_on_top_of_the_cabinet.bddl,0697f80cec01abdf5695f146f3e40cd576415d014f49632cfb5339056e9e4a53,libero_pro/init_files/libero_goal_object/put_the_bowl_on_top_of_the_cabinet.pruned_init,3b2934662f1cce7aa84b1a94689d58029a3613f9ee9b3f302c17ec486aeafe1e,UNAVAILABLE_NOT_A_GIT_CHECKOUT
libero_goal_object::task04::init047::eval_seed000,goal_object_t40to49,48,libero_goal_object,4,put the bowl on the top of the drawer,47,47,0,47,libero_pro/bddl_files/libero_goal_object/put_the_bowl_on_top_of_the_cabinet.bddl,0697f80cec01abdf5695f146f3e40cd576415d014f49632cfb5339056e9e4a53,libero_pro/init_files/libero_goal_object/put_the_bowl_on_top_of_the_cabinet.pruned_init,3b2934662f1cce7aa84b1a94689d58029a3613f9ee9b3f302c17ec486aeafe1e,UNAVAILABLE_NOT_A_GIT_CHECKOUT
libero_goal_object::task04::init048::eval_seed000,goal_object_t40to49,49,libero_goal_object,4,put the bowl on the top of the drawer,48,48,0,48,libero_pro/bddl_files/libero_goal_object/put_the_bowl_on_top_of_the_cabinet.bddl,0697f80cec01abdf5695f146f3e40cd576415d014f49632cfb5339056e9e4a53,libero_pro/init_files/libero_goal_object/put_the_bowl_on_top_of_the_cabinet.pruned_init,3b2934662f1cce7aa84b1a94689d58029a3613f9ee9b3f302c17ec486aeafe1e,UNAVAILABLE_NOT_A_GIT_CHECKOUT
libero_goal_object::task04::init049::eval_seed000,goal_object_t40to49,50,libero_goal_object,4,put the bowl on the top of the drawer,49,49,0,49,libero_pro/bddl_files/libero_goal_object/put_the_bowl_on_top_of_the_cabinet.bddl,0697f80cec01abdf5695f146f3e40cd576415d014f49632cfb5339056e9e4a53,libero_pro/init_files/libero_goal_object/put_the_bowl_on_top_of_the_cabinet.pruned_init,3b2934662f1cce7aa84b1a94689d58029a3613f9ee9b3f302c17ec486aeafe1e,UNAVAILABLE_NOT_A_GIT_CHECKOUT
libero_goal_object::task05::init040::eval_seed000,goal_object_t40to49,51,libero_goal_object,5,push the plate to the front of the stove,40,40,0,40,libero_pro/bddl_files/libero_goal_object/push_the_plate_to_the_front_of_the_stove.bddl,05a04afe0e756395b4968ee3eec0a9715ec240959086eb8c874aeb62db227ec0,libero_pro/init_files/libero_goal_object/push_the_plate_to_the_front_of_the_stove.pruned_init,b15f1d48659f7ecf74ddc6be499a9238f10e5a93e33664adcae215ba028a573f,UNAVAILABLE_NOT_A_GIT_CHECKOUT
libero_goal_object::task05::init041::eval_seed000,goal_object_t40to49,52,libero_goal_object,5,push the plate to the front of the stove,41,41,0,41,libero_pro/bddl_files/libero_goal_object/push_the_plate_to_the_front_of_the_stove.bddl,05a04afe0e756395b4968ee3eec0a9715ec240959086eb8c874aeb62db227ec0,libero_pro/init_files/libero_goal_object/push_the_plate_to_the_front_of_the_stove.pruned_init,b15f1d48659f7ecf74ddc6be499a9238f10e5a93e33664adcae215ba028a573f,UNAVAILABLE_NOT_A_GIT_CHECKOUT
libero_goal_object::task05::init042::eval_seed000,goal_object_t40to49,53,libero_goal_object,5,push the plate to the front of the stove,42,42,0,42,libero_pro/bddl_files/libero_goal_object/push_the_plate_to_the_front_of_the_stove.bddl,05a04afe0e756395b4968ee3eec0a9715ec240959086eb8c874aeb62db227ec0,libero_pro/init_files/libero_goal_object/push_the_plate_to_the_front_of_the_stove.pruned_init,b15f1d48659f7ecf74ddc6be499a9238f10e5a93e33664adcae215ba028a573f,UNAVAILABLE_NOT_A_GIT_CHECKOUT
libero_goal_object::task05::init043::eval_seed000,goal_object_t40to49,54,libero_goal_object,5,push the plate to the front of the stove,43,43,0,43,libero_pro/bddl_files/libero_goal_object/push_the_plate_to_the_front_of_the_stove.bddl,05a04afe0e756395b4968ee3eec0a9715ec240959086eb8c874aeb62db227ec0,libero_pro/init_files/libero_goal_object/push_the_plate_to_the_front_of_the_stove.pruned_init,b15f1d48659f7ecf74ddc6be499a9238f10e5a93e33664adcae215ba028a573f,UNAVAILABLE_NOT_A_GIT_CHECKOUT
libero_goal_object::task05::init044::eval_seed000,goal_object_t40to49,55,libero_goal_object,5,push the plate to the front of the stove,44,44,0,44,libero_pro/bddl_files/libero_goal_object/push_the_plate_to_the_front_of_the_stove.bddl,05a04afe0e756395b4968ee3eec0a9715ec240959086eb8c874aeb62db227ec0,libero_pro/init_files/libero_goal_object/push_the_plate_to_the_front_of_the_stove.pruned_init,b15f1d48659f7ecf74ddc6be499a9238f10e5a93e33664adcae215ba028a573f,UNAVAILABLE_NOT_A_GIT_CHECKOUT
libero_goal_object::task05::init045::eval_seed000,goal_object_t40to49,56,libero_goal_object,5,push the plate to the front of the stove,45,45,0,45,libero_pro/bddl_files/libero_goal_object/push_the_plate_to_the_front_of_the_stove.bddl,05a04afe0e756395b4968ee3eec0a9715ec240959086eb8c874aeb62db227ec0,libero_pro/init_files/libero_goal_object/push_the_plate_to_the_front_of_the_stove.pruned_init,b15f1d48659f7ecf74ddc6be499a9238f10e5a93e33664adcae215ba028a573f,UNAVAILABLE_NOT_A_GIT_CHECKOUT
libero_goal_object::task05::init046::eval_seed000,goal_object_t40to49,57,libero_goal_object,5,push the plate to the front of the stove,46,46,0,46,libero_pro/bddl_files/libero_goal_object/push_the_plate_to_the_front_of_the_stove.bddl,05a04afe0e756395b4968ee3eec0a9715ec240959086eb8c874aeb62db227ec0,libero_pro/init_files/libero_goal_object/push_the_plate_to_the_front_of_the_stove.pruned_init,b15f1d48659f7ecf74ddc6be499a9238f10e5a93e33664adcae215ba028a573f,UNAVAILABLE_NOT_A_GIT_CHECKOUT
libero_goal_object::task05::init047::eval_seed000,goal_object_t40to49,58,libero_goal_object,5,push the plate to the front of the stove,47,47,0,47,libero_pro/bddl_files/libero_goal_object/push_the_plate_to_the_front_of_the_stove.bddl,05a04afe0e756395b4968ee3eec0a9715ec240959086eb8c874aeb62db227ec0,libero_pro/init_files/libero_goal_object/push_the_plate_to_the_front_of_the_stove.pruned_init,b15f1d48659f7ecf74ddc6be499a9238f10e5a93e33664adcae215ba028a573f,UNAVAILABLE_NOT_A_GIT_CHECKOUT
libero_goal_object::task05::init048::eval_seed000,goal_object_t40to49,59,libero_goal_object,5,push the plate to the front of the stove,48,48,0,48,libero_pro/bddl_files/libero_goal_object/push_the_plate_to_the_front_of_the_stove.bddl,05a04afe0e756395b4968ee3eec0a9715ec240959086eb8c874aeb62db227ec0,libero_pro/init_files/libero_goal_object/push_the_plate_to_the_front_of_the_stove.pruned_init,b15f1d48659f7ecf74ddc6be499a9238f10e5a93e33664adcae215ba028a573f,UNAVAILABLE_NOT_A_GIT_CHECKOUT
libero_goal_object::task05::init049::eval_seed000,goal_object_t40to49,60,libero_goal_object,5,push the plate to the front of the stove,49,49,0,49,libero_pro/bddl_files/libero_goal_object/push_the_plate_to_the_front_of_the_stove.bddl,05a04afe0e756395b4968ee3eec0a9715ec240959086eb8c874aeb62db227ec0,libero_pro/init_files/libero_goal_object/push_the_plate_to_the_front_of_the_stove.pruned_init,b15f1d48659f7ecf74ddc6be499a9238f10e5a93e33664adcae215ba028a573f,UNAVAILABLE_NOT_A_GIT_CHECKOUT
libero_goal_object::task06::init040::eval_seed000,goal_object_t40to49,61,libero_goal_object,6,put the cream cheese on the bowl,40,40,0,40,libero_pro/bddl_files/libero_goal_object/put_the_cream_cheese_in_the_bowl.bddl,f7fb5c20c12bdce1fa989a2c863daa7732180d714bdb78453f2074629ae43688,libero_pro/init_files/libero_goal_object/put_the_cream_cheese_in_the_bowl.pruned_init,2bf294b1ebb56766c440441139c49292bede8587793cadcb93f6a418cd3d7c10,UNAVAILABLE_NOT_A_GIT_CHECKOUT
libero_goal_object::task06::init041::eval_seed000,goal_object_t40to49,62,libero_goal_object,6,put the cream cheese on the bowl,41,41,0,41,libero_pro/bddl_files/libero_goal_object/put_the_cream_cheese_in_the_bowl.bddl,f7fb5c20c12bdce1fa989a2c863daa7732180d714bdb78453f2074629ae43688,libero_pro/init_files/libero_goal_object/put_the_cream_cheese_in_the_bowl.pruned_init,2bf294b1ebb56766c440441139c49292bede8587793cadcb93f6a418cd3d7c10,UNAVAILABLE_NOT_A_GIT_CHECKOUT
libero_goal_object::task06::init042::eval_seed000,goal_object_t40to49,63,libero_goal_object,6,put the cream cheese on the bowl,42,42,0,42,libero_pro/bddl_files/libero_goal_object/put_the_cream_cheese_in_the_bowl.bddl,f7fb5c20c12bdce1fa989a2c863daa7732180d714bdb78453f2074629ae43688,libero_pro/init_files/libero_goal_object/put_the_cream_cheese_in_the_bowl.pruned_init,2bf294b1ebb56766c440441139c49292bede8587793cadcb93f6a418cd3d7c10,UNAVAILABLE_NOT_A_GIT_CHECKOUT
libero_goal_object::task06::init043::eval_seed000,goal_object_t40to49,64,libero_goal_object,6,put the cream cheese on the bowl,43,43,0,43,libero_pro/bddl_files/libero_goal_object/put_the_cream_cheese_in_the_bowl.bddl,f7fb5c20c12bdce1fa989a2c863daa7732180d714bdb78453f2074629ae43688,libero_pro/init_files/libero_goal_object/put_the_cream_cheese_in_the_bowl.pruned_init,2bf294b1ebb56766c440441139c49292bede8587793cadcb93f6a418cd3d7c10,UNAVAILABLE_NOT_A_GIT_CHECKOUT
libero_goal_object::task06::init044::eval_seed000,goal_object_t40to49,65,libero_goal_object,6,put the cream cheese on the bowl,44,44,0,44,libero_pro/bddl_files/libero_goal_object/put_the_cream_cheese_in_the_bowl.bddl,f7fb5c20c12bdce1fa989a2c863daa7732180d714bdb78453f2074629ae43688,libero_pro/init_files/libero_goal_object/put_the_cream_cheese_in_the_bowl.pruned_init,2bf294b1ebb56766c440441139c49292bede8587793cadcb93f6a418cd3d7c10,UNAVAILABLE_NOT_A_GIT_CHECKOUT
libero_goal_object::task06::init045::eval_seed000,goal_object_t40to49,66,libero_goal_object,6,put the cream cheese on the bowl,45,45,0,45,libero_pro/bddl_files/libero_goal_object/put_the_cream_cheese_in_the_bowl.bddl,f7fb5c20c12bdce1fa989a2c863daa7732180d714bdb78453f2074629ae43688,libero_pro/init_files/libero_goal_object/put_the_cream_cheese_in_the_bowl.pruned_init,2bf294b1ebb56766c440441139c49292bede8587793cadcb93f6a418cd3d7c10,UNAVAILABLE_NOT_A_GIT_CHECKOUT
libero_goal_object::task06::init046::eval_seed000,goal_object_t40to49,67,libero_goal_object,6,put the cream cheese on the bowl,46,46,0,46,libero_pro/bddl_files/libero_goal_object/put_the_cream_cheese_in_the_bowl.bddl,f7fb5c20c12bdce1fa989a2c863daa7732180d714bdb78453f2074629ae43688,libero_pro/init_files/libero_goal_object/put_the_cream_cheese_in_the_bowl.pruned_init,2bf294b1ebb56766c440441139c49292bede8587793cadcb93f6a418cd3d7c10,UNAVAILABLE_NOT_A_GIT_CHECKOUT
libero_goal_object::task06::init047::eval_seed000,goal_object_t40to49,68,libero_goal_object,6,put the cream cheese on the bowl,47,47,0,47,libero_pro/bddl_files/libero_goal_object/put_the_cream_cheese_in_the_bowl.bddl,f7fb5c20c12bdce1fa989a2c863daa7732180d714bdb78453f2074629ae43688,libero_pro/init_files/libero_goal_object/put_the_cream_cheese_in_the_bowl.pruned_init,2bf294b1ebb56766c440441139c49292bede8587793cadcb93f6a418cd3d7c10,UNAVAILABLE_NOT_A_GIT_CHECKOUT
libero_goal_object::task06::init048::eval_seed000,goal_object_t40to49,69,libero_goal_object,6,put the cream cheese on the bowl,48,48,0,48,libero_pro/bddl_files/libero_goal_object/put_the_cream_cheese_in_the_bowl.bddl,f7fb5c20c12bdce1fa989a2c863daa7732180d714bdb78453f2074629ae43688,libero_pro/init_files/libero_goal_object/put_the_cream_cheese_in_the_bowl.pruned_init,2bf294b1ebb56766c440441139c49292bede8587793cadcb93f6a418cd3d7c10,UNAVAILABLE_NOT_A_GIT_CHECKOUT
libero_goal_object::task06::init049::eval_seed000,goal_object_t40to49,70,libero_goal_object,6,put the cream cheese on the bowl,49,49,0,49,libero_pro/bddl_files/libero_goal_object/put_the_cream_cheese_in_the_bowl.bddl,f7fb5c20c12bdce1fa989a2c863daa7732180d714bdb78453f2074629ae43688,libero_pro/init_files/libero_goal_object/put_the_cream_cheese_in_the_bowl.pruned_init,2bf294b1ebb56766c440441139c49292bede8587793cadcb93f6a418cd3d7c10,UNAVAILABLE_NOT_A_GIT_CHECKOUT
libero_goal_object::task07::init040::eval_seed000,goal_object_t40to49,71,libero_goal_object,7,turn on the stove,40,40,0,40,libero_pro/bddl_files/libero_goal_object/turn_on_the_stove.bddl,9766aeef78848b2e41711b253b3cf1602a4c11ca8d37f7aa047a40a6d6f2ff3e,libero_pro/init_files/libero_goal_object/turn_on_the_stove.pruned_init,6d95f205b6492b3f69453d5117559f95f6f32c195f92192ef1040fc3de1966d5,UNAVAILABLE_NOT_A_GIT_CHECKOUT
libero_goal_object::task07::init041::eval_seed000,goal_object_t40to49,72,libero_goal_object,7,turn on the stove,41,41,0,41,libero_pro/bddl_files/libero_goal_object/turn_on_the_stove.bddl,9766aeef78848b2e41711b253b3cf1602a4c11ca8d37f7aa047a40a6d6f2ff3e,libero_pro/init_files/libero_goal_object/turn_on_the_stove.pruned_init,6d95f205b6492b3f69453d5117559f95f6f32c195f92192ef1040fc3de1966d5,UNAVAILABLE_NOT_A_GIT_CHECKOUT
libero_goal_object::task07::init042::eval_seed000,goal_object_t40to49,73,libero_goal_object,7,turn on the stove,42,42,0,42,libero_pro/bddl_files/libero_goal_object/turn_on_the_stove.bddl,9766aeef78848b2e41711b253b3cf1602a4c11ca8d37f7aa047a40a6d6f2ff3e,libero_pro/init_files/libero_goal_object/turn_on_the_stove.pruned_init,6d95f205b6492b3f69453d5117559f95f6f32c195f92192ef1040fc3de1966d5,UNAVAILABLE_NOT_A_GIT_CHECKOUT
libero_goal_object::task07::init043::eval_seed000,goal_object_t40to49,74,libero_goal_object,7,turn on the stove,43,43,0,43,libero_pro/bddl_files/libero_goal_object/turn_on_the_stove.bddl,9766aeef78848b2e41711b253b3cf1602a4c11ca8d37f7aa047a40a6d6f2ff3e,libero_pro/init_files/libero_goal_object/turn_on_the_stove.pruned_init,6d95f205b6492b3f69453d5117559f95f6f32c195f92192ef1040fc3de1966d5,UNAVAILABLE_NOT_A_GIT_CHECKOUT
libero_goal_object::task07::init044::eval_seed000,goal_object_t40to49,75,libero_goal_object,7,turn on the stove,44,44,0,44,libero_pro/bddl_files/libero_goal_object/turn_on_the_stove.bddl,9766aeef78848b2e41711b253b3cf1602a4c11ca8d37f7aa047a40a6d6f2ff3e,libero_pro/init_files/libero_goal_object/turn_on_the_stove.pruned_init,6d95f205b6492b3f69453d5117559f95f6f32c195f92192ef1040fc3de1966d5,UNAVAILABLE_NOT_A_GIT_CHECKOUT
libero_goal_object::task07::init045::eval_seed000,goal_object_t40to49,76,libero_goal_object,7,turn on the stove,45,45,0,45,libero_pro/bddl_files/libero_goal_object/turn_on_the_stove.bddl,9766aeef78848b2e41711b253b3cf1602a4c11ca8d37f7aa047a40a6d6f2ff3e,libero_pro/init_files/libero_goal_object/turn_on_the_stove.pruned_init,6d95f205b6492b3f69453d5117559f95f6f32c195f92192ef1040fc3de1966d5,UNAVAILABLE_NOT_A_GIT_CHECKOUT
libero_goal_object::task07::init046::eval_seed000,goal_object_t40to49,77,libero_goal_object,7,turn on the stove,46,46,0,46,libero_pro/bddl_files/libero_goal_object/turn_on_the_stove.bddl,9766aeef78848b2e41711b253b3cf1602a4c11ca8d37f7aa047a40a6d6f2ff3e,libero_pro/init_files/libero_goal_object/turn_on_the_stove.pruned_init,6d95f205b6492b3f69453d5117559f95f6f32c195f92192ef1040fc3de1966d5,UNAVAILABLE_NOT_A_GIT_CHECKOUT
libero_goal_object::task07::init047::eval_seed000,goal_object_t40to49,78,libero_goal_object,7,turn on the stove,47,47,0,47,libero_pro/bddl_files/libero_goal_object/turn_on_the_stove.bddl,9766aeef78848b2e41711b253b3cf1602a4c11ca8d37f7aa047a40a6d6f2ff3e,libero_pro/init_files/libero_goal_object/turn_on_the_stove.pruned_init,6d95f205b6492b3f69453d5117559f95f6f32c195f92192ef1040fc3de1966d5,UNAVAILABLE_NOT_A_GIT_CHECKOUT
libero_goal_object::task07::init048::eval_seed000,goal_object_t40to49,79,libero_goal_object,7,turn on the stove,48,48,0,48,libero_pro/bddl_files/libero_goal_object/turn_on_the_stove.bddl,9766aeef78848b2e41711b253b3cf1602a4c11ca8d37f7aa047a40a6d6f2ff3e,libero_pro/init_files/libero_goal_object/turn_on_the_stove.pruned_init,6d95f205b6492b3f69453d5117559f95f6f32c195f92192ef1040fc3de1966d5,UNAVAILABLE_NOT_A_GIT_CHECKOUT
libero_goal_object::task07::init049::eval_seed000,goal_object_t40to49,80,libero_goal_object,7,turn on the stove,49,49,0,49,libero_pro/bddl_files/libero_goal_object/turn_on_the_stove.bddl,9766aeef78848b2e41711b253b3cf1602a4c11ca8d37f7aa047a40a6d6f2ff3e,libero_pro/init_files/libero_goal_object/turn_on_the_stove.pruned_init,6d95f205b6492b3f69453d5117559f95f6f32c195f92192ef1040fc3de1966d5,UNAVAILABLE_NOT_A_GIT_CHECKOUT
libero_goal_object::task08::init040::eval_seed000,goal_object_t40to49,81,libero_goal_object,8,put the bowl on the plate,40,40,0,40,libero_pro/bddl_files/libero_goal_object/put_the_bowl_on_the_plate.bddl,69af3a8a44a5e2848894a13db9ecc0fb8b87ac8149fc6c18e1e0623bb7d8a5ce,libero_pro/init_files/libero_goal_object/put_the_bowl_on_the_plate.pruned_init,91bd3f2bfe19865bc532e62073231b3fe0e5ad7a268d3b72fc87f273c2216e93,UNAVAILABLE_NOT_A_GIT_CHECKOUT
libero_goal_object::task08::init041::eval_seed000,goal_object_t40to49,82,libero_goal_object,8,put the bowl on the plate,41,41,0,41,libero_pro/bddl_files/libero_goal_object/put_the_bowl_on_the_plate.bddl,69af3a8a44a5e2848894a13db9ecc0fb8b87ac8149fc6c18e1e0623bb7d8a5ce,libero_pro/init_files/libero_goal_object/put_the_bowl_on_the_plate.pruned_init,91bd3f2bfe19865bc532e62073231b3fe0e5ad7a268d3b72fc87f273c2216e93,UNAVAILABLE_NOT_A_GIT_CHECKOUT
libero_goal_object::task08::init042::eval_seed000,goal_object_t40to49,83,libero_goal_object,8,put the bowl on the plate,42,42,0,42,libero_pro/bddl_files/libero_goal_object/put_the_bowl_on_the_plate.bddl,69af3a8a44a5e2848894a13db9ecc0fb8b87ac8149fc6c18e1e0623bb7d8a5ce,libero_pro/init_files/libero_goal_object/put_the_bowl_on_the_plate.pruned_init,91bd3f2bfe19865bc532e62073231b3fe0e5ad7a268d3b72fc87f273c2216e93,UNAVAILABLE_NOT_A_GIT_CHECKOUT
libero_goal_object::task08::init043::eval_seed000,goal_object_t40to49,84,libero_goal_object,8,put the bowl on the plate,43,43,0,43,libero_pro/bddl_files/libero_goal_object/put_the_bowl_on_the_plate.bddl,69af3a8a44a5e2848894a13db9ecc0fb8b87ac8149fc6c18e1e0623bb7d8a5ce,libero_pro/init_files/libero_goal_object/put_the_bowl_on_the_plate.pruned_init,91bd3f2bfe19865bc532e62073231b3fe0e5ad7a268d3b72fc87f273c2216e93,UNAVAILABLE_NOT_A_GIT_CHECKOUT
libero_goal_object::task08::init044::eval_seed000,goal_object_t40to49,85,libero_goal_object,8,put the bowl on the plate,44,44,0,44,libero_pro/bddl_files/libero_goal_object/put_the_bowl_on_the_plate.bddl,69af3a8a44a5e2848894a13db9ecc0fb8b87ac8149fc6c18e1e0623bb7d8a5ce,libero_pro/init_files/libero_goal_object/put_the_bowl_on_the_plate.pruned_init,91bd3f2bfe19865bc532e62073231b3fe0e5ad7a268d3b72fc87f273c2216e93,UNAVAILABLE_NOT_A_GIT_CHECKOUT
libero_goal_object::task08::init045::eval_seed000,goal_object_t40to49,86,libero_goal_object,8,put the bowl on the plate,45,45,0,45,libero_pro/bddl_files/libero_goal_object/put_the_bowl_on_the_plate.bddl,69af3a8a44a5e2848894a13db9ecc0fb8b87ac8149fc6c18e1e0623bb7d8a5ce,libero_pro/init_files/libero_goal_object/put_the_bowl_on_the_plate.pruned_init,91bd3f2bfe19865bc532e62073231b3fe0e5ad7a268d3b72fc87f273c2216e93,UNAVAILABLE_NOT_A_GIT_CHECKOUT
libero_goal_object::task08::init046::eval_seed000,goal_object_t40to49,87,libero_goal_object,8,put the bowl on the plate,46,46,0,46,libero_pro/bddl_files/libero_goal_object/put_the_bowl_on_the_plate.bddl,69af3a8a44a5e2848894a13db9ecc0fb8b87ac8149fc6c18e1e0623bb7d8a5ce,libero_pro/init_files/libero_goal_object/put_the_bowl_on_the_plate.pruned_init,91bd3f2bfe19865bc532e62073231b3fe0e5ad7a268d3b72fc87f273c2216e93,UNAVAILABLE_NOT_A_GIT_CHECKOUT
libero_goal_object::task08::init047::eval_seed000,goal_object_t40to49,88,libero_goal_object,8,put the bowl on the plate,47,47,0,47,libero_pro/bddl_files/libero_goal_object/put_the_bowl_on_the_plate.bddl,69af3a8a44a5e2848894a13db9ecc0fb8b87ac8149fc6c18e1e0623bb7d8a5ce,libero_pro/init_files/libero_goal_object/put_the_bowl_on_the_plate.pruned_init,91bd3f2bfe19865bc532e62073231b3fe0e5ad7a268d3b72fc87f273c2216e93,UNAVAILABLE_NOT_A_GIT_CHECKOUT
libero_goal_object::task08::init048::eval_seed000,goal_object_t40to49,89,libero_goal_object,8,put the bowl on the plate,48,48,0,48,libero_pro/bddl_files/libero_goal_object/put_the_bowl_on_the_plate.bddl,69af3a8a44a5e2848894a13db9ecc0fb8b87ac8149fc6c18e1e0623bb7d8a5ce,libero_pro/init_files/libero_goal_object/put_the_bowl_on_the_plate.pruned_init,91bd3f2bfe19865bc532e62073231b3fe0e5ad7a268d3b72fc87f273c2216e93,UNAVAILABLE_NOT_A_GIT_CHECKOUT
libero_goal_object::task08::init049::eval_seed000,goal_object_t40to49,90,libero_goal_object,8,put the bowl on the plate,49,49,0,49,libero_pro/bddl_files/libero_goal_object/put_the_bowl_on_the_plate.bddl,69af3a8a44a5e2848894a13db9ecc0fb8b87ac8149fc6c18e1e0623bb7d8a5ce,libero_pro/init_files/libero_goal_object/put_the_bowl_on_the_plate.pruned_init,91bd3f2bfe19865bc532e62073231b3fe0e5ad7a268d3b72fc87f273c2216e93,UNAVAILABLE_NOT_A_GIT_CHECKOUT
libero_goal_object::task09::init040::eval_seed000,goal_object_t40to49,91,libero_goal_object,9,put the wine bottle on the rack,40,40,0,40,libero_pro/bddl_files/libero_goal_object/put_the_wine_bottle_on_the_rack.bddl,4cf8e44712a7a269200114ef61176e4b8a1b21d1531b09abaf2478f0b8fe0769,libero_pro/init_files/libero_goal_object/put_the_wine_bottle_on_the_rack.pruned_init,45f7e4e88cef72525904bb8f8ac57fa4fa51d277f2a7b9718beee0f6b657e9f0,UNAVAILABLE_NOT_A_GIT_CHECKOUT
libero_goal_object::task09::init041::eval_seed000,goal_object_t40to49,92,libero_goal_object,9,put the wine bottle on the rack,41,41,0,41,libero_pro/bddl_files/libero_goal_object/put_the_wine_bottle_on_the_rack.bddl,4cf8e44712a7a269200114ef61176e4b8a1b21d1531b09abaf2478f0b8fe0769,libero_pro/init_files/libero_goal_object/put_the_wine_bottle_on_the_rack.pruned_init,45f7e4e88cef72525904bb8f8ac57fa4fa51d277f2a7b9718beee0f6b657e9f0,UNAVAILABLE_NOT_A_GIT_CHECKOUT
libero_goal_object::task09::init042::eval_seed000,goal_object_t40to49,93,libero_goal_object,9,put the wine bottle on the rack,42,42,0,42,libero_pro/bddl_files/libero_goal_object/put_the_wine_bottle_on_the_rack.bddl,4cf8e44712a7a269200114ef61176e4b8a1b21d1531b09abaf2478f0b8fe0769,libero_pro/init_files/libero_goal_object/put_the_wine_bottle_on_the_rack.pruned_init,45f7e4e88cef72525904bb8f8ac57fa4fa51d277f2a7b9718beee0f6b657e9f0,UNAVAILABLE_NOT_A_GIT_CHECKOUT
libero_goal_object::task09::init043::eval_seed000,goal_object_t40to49,94,libero_goal_object,9,put the wine bottle on the rack,43,43,0,43,libero_pro/bddl_files/libero_goal_object/put_the_wine_bottle_on_the_rack.bddl,4cf8e44712a7a269200114ef61176e4b8a1b21d1531b09abaf2478f0b8fe0769,libero_pro/init_files/libero_goal_object/put_the_wine_bottle_on_the_rack.pruned_init,45f7e4e88cef72525904bb8f8ac57fa4fa51d277f2a7b9718beee0f6b657e9f0,UNAVAILABLE_NOT_A_GIT_CHECKOUT
libero_goal_object::task09::init044::eval_seed000,goal_object_t40to49,95,libero_goal_object,9,put the wine bottle on the rack,44,44,0,44,libero_pro/bddl_files/libero_goal_object/put_the_wine_bottle_on_the_rack.bddl,4cf8e44712a7a269200114ef61176e4b8a1b21d1531b09abaf2478f0b8fe0769,libero_pro/init_files/libero_goal_object/put_the_wine_bottle_on_the_rack.pruned_init,45f7e4e88cef72525904bb8f8ac57fa4fa51d277f2a7b9718beee0f6b657e9f0,UNAVAILABLE_NOT_A_GIT_CHECKOUT
libero_goal_object::task09::init045::eval_seed000,goal_object_t40to49,96,libero_goal_object,9,put the wine bottle on the rack,45,45,0,45,libero_pro/bddl_files/libero_goal_object/put_the_wine_bottle_on_the_rack.bddl,4cf8e44712a7a269200114ef61176e4b8a1b21d1531b09abaf2478f0b8fe0769,libero_pro/init_files/libero_goal_object/put_the_wine_bottle_on_the_rack.pruned_init,45f7e4e88cef72525904bb8f8ac57fa4fa51d277f2a7b9718beee0f6b657e9f0,UNAVAILABLE_NOT_A_GIT_CHECKOUT
libero_goal_object::task09::init046::eval_seed000,goal_object_t40to49,97,libero_goal_object,9,put the wine bottle on the rack,46,46,0,46,libero_pro/bddl_files/libero_goal_object/put_the_wine_bottle_on_the_rack.bddl,4cf8e44712a7a269200114ef61176e4b8a1b21d1531b09abaf2478f0b8fe0769,libero_pro/init_files/libero_goal_object/put_the_wine_bottle_on_the_rack.pruned_init,45f7e4e88cef72525904bb8f8ac57fa4fa51d277f2a7b9718beee0f6b657e9f0,UNAVAILABLE_NOT_A_GIT_CHECKOUT
libero_goal_object::task09::init047::eval_seed000,goal_object_t40to49,98,libero_goal_object,9,put the wine bottle on the rack,47,47,0,47,libero_pro/bddl_files/libero_goal_object/put_the_wine_bottle_on_the_rack.bddl,4cf8e44712a7a269200114ef61176e4b8a1b21d1531b09abaf2478f0b8fe0769,libero_pro/init_files/libero_goal_object/put_the_wine_bottle_on_the_rack.pruned_init,45f7e4e88cef72525904bb8f8ac57fa4fa51d277f2a7b9718beee0f6b657e9f0,UNAVAILABLE_NOT_A_GIT_CHECKOUT
libero_goal_object::task09::init048::eval_seed000,goal_object_t40to49,99,libero_goal_object,9,put the wine bottle on the rack,48,48,0,48,libero_pro/bddl_files/libero_goal_object/put_the_wine_bottle_on_the_rack.bddl,4cf8e44712a7a269200114ef61176e4b8a1b21d1531b09abaf2478f0b8fe0769,libero_pro/init_files/libero_goal_object/put_the_wine_bottle_on_the_rack.pruned_init,45f7e4e88cef72525904bb8f8ac57fa4fa51d277f2a7b9718beee0f6b657e9f0,UNAVAILABLE_NOT_A_GIT_CHECKOUT
libero_goal_object::task09::init049::eval_seed000,goal_object_t40to49,100,libero_goal_object,9,put the wine bottle on the rack,49,49,0,49,libero_pro/bddl_files/libero_goal_object/put_the_wine_bottle_on_the_rack.bddl,4cf8e44712a7a269200114ef61176e4b8a1b21d1531b09abaf2478f0b8fe0769,libero_pro/init_files/libero_goal_object/put_the_wine_bottle_on_the_rack.pruned_init,45f7e4e88cef72525904bb8f8ac57fa4fa51d277f2a7b9718beee0f6b657e9f0,UNAVAILABLE_NOT_A_GIT_CHECKOUT
