seed,method,threshold_style,quantile,window,label,success_false_alarm,failure_detection,det_at_10,det_at_25,det_at_50,mean_time,never,dataset
0,entropy,ct_quantile,0.95,15,seen-best entropy ct_quantile,0.050359712230215826,0.5121951219512195,0.0,0.0,0.2926829268292683,0.5257142857142856,0.4878048780487805,goal_object_ood_180
0,entropy,tvt_quantile,0.95,50,seen-best entropy tvt_quantile,0.17985611510791366,0.7073170731707317,0.0975609756097561,0.24390243902439024,0.4878048780487805,0.36712643678160917,0.2926829268292683,goal_object_ood_180
0,entropy,tvt_cp_band,0.95,50,seen-best entropy tvt_cp_band,0.0,0.4878048780487805,0.0,0.0,0.0,0.8013333333333333,0.5121951219512195,goal_object_ood_180
0,rnd_oe,ct_quantile,0.95,3,seen-best rnd_oe ct_quantile,1.0,1.0,1.0,1.0,1.0,0.0,0.0,goal_object_ood_180
0,rnd_oe,tvt_quantile,0.95,1,seen-best rnd_oe tvt_quantile,1.0,1.0,1.0,1.0,1.0,0.0,0.0,goal_object_ood_180
0,rnd_oe,tvt_cp_band,0.95,11,seen-best rnd_oe tvt_cp_band,1.0,1.0,1.0,1.0,1.0,0.0,0.0,goal_object_ood_180
0,rnd_oe_and_entropy,ct_quantile,0.95,1,seen-best fusion ct_quantile,0.0,0.2682926829268293,0.0,0.0,0.0975609756097561,0.5969696969696969,0.7317073170731707,goal_object_ood_180
0,rnd_oe_and_entropy,tvt_quantile,0.95,1/50,seen-best fusion tvt_quantile,0.17985611510791366,0.7073170731707317,0.0975609756097561,0.24390243902439024,0.4878048780487805,0.36712643678160917,0.2926829268292683,goal_object_ood_180
0,rnd_oe_and_entropy,tvt_cp_band,0.95,11/50,seen-best fusion tvt_cp_band,0.0,0.4878048780487805,0.0,0.0,0.0,0.8013333333333333,0.5121951219512195,goal_object_ood_180
1,entropy,ct_quantile,0.95,15,seen-best entropy ct_quantile,0.050359712230215826,0.5121951219512195,0.0,0.0,0.2926829268292683,0.5257142857142856,0.4878048780487805,goal_object_ood_180
1,entropy,tvt_quantile,0.95,50,seen-best entropy tvt_quantile,0.17985611510791366,0.7073170731707317,0.0975609756097561,0.24390243902439024,0.4878048780487805,0.36712643678160917,0.2926829268292683,goal_object_ood_180
1,entropy,tvt_cp_band,0.95,50,seen-best entropy tvt_cp_band,0.0,0.4878048780487805,0.0,0.0,0.0,0.8013333333333333,0.5121951219512195,goal_object_ood_180
1,rnd_oe,ct_quantile,0.95,3,seen-best rnd_oe ct_quantile,1.0,1.0,1.0,1.0,1.0,0.0,0.0,goal_object_ood_180
1,rnd_oe,tvt_quantile,0.95,1,seen-best rnd_oe tvt_quantile,1.0,1.0,1.0,1.0,1.0,0.0,0.0,goal_object_ood_180
1,rnd_oe,tvt_cp_band,0.95,11,seen-best rnd_oe tvt_cp_band,1.0,1.0,1.0,1.0,1.0,0.0,0.0,goal_object_ood_180
1,rnd_oe_and_entropy,ct_quantile,0.95,1,seen-best fusion ct_quantile,0.0,0.2682926829268293,0.0,0.0,0.0975609756097561,0.5969696969696969,0.7317073170731707,goal_object_ood_180
1,rnd_oe_and_entropy,tvt_quantile,0.95,1/50,seen-best fusion tvt_quantile,0.17985611510791366,0.7073170731707317,0.0975609756097561,0.24390243902439024,0.4878048780487805,0.36712643678160917,0.2926829268292683,goal_object_ood_180
1,rnd_oe_and_entropy,tvt_cp_band,0.95,11/50,seen-best fusion tvt_cp_band,0.0,0.4878048780487805,0.0,0.0,0.0,0.8013333333333333,0.5121951219512195,goal_object_ood_180
2,entropy,ct_quantile,0.95,15,seen-best entropy ct_quantile,0.050359712230215826,0.5121951219512195,0.0,0.0,0.2926829268292683,0.5257142857142856,0.4878048780487805,goal_object_ood_180
2,entropy,tvt_quantile,0.95,50,seen-best entropy tvt_quantile,0.17985611510791366,0.7073170731707317,0.0975609756097561,0.24390243902439024,0.4878048780487805,0.36712643678160917,0.2926829268292683,goal_object_ood_180
2,entropy,tvt_cp_band,0.95,50,seen-best entropy tvt_cp_band,0.0,0.4878048780487805,0.0,0.0,0.0,0.8013333333333333,0.5121951219512195,goal_object_ood_180
2,rnd_oe,ct_quantile,0.95,3,seen-best rnd_oe ct_quantile,1.0,1.0,1.0,1.0,1.0,0.0,0.0,goal_object_ood_180
2,rnd_oe,tvt_quantile,0.95,1,seen-best rnd_oe tvt_quantile,1.0,1.0,1.0,1.0,1.0,0.0,0.0,goal_object_ood_180
2,rnd_oe,tvt_cp_band,0.95,11,seen-best rnd_oe tvt_cp_band,1.0,1.0,1.0,1.0,1.0,0.0,0.0,goal_object_ood_180
2,rnd_oe_and_entropy,ct_quantile,0.95,1,seen-best fusion ct_quantile,0.0,0.2682926829268293,0.0,0.0,0.0975609756097561,0.5969696969696969,0.7317073170731707,goal_object_ood_180
2,rnd_oe_and_entropy,tvt_quantile,0.95,1/50,seen-best fusion tvt_quantile,0.17985611510791366,0.7073170731707317,0.0975609756097561,0.24390243902439024,0.4878048780487805,0.36712643678160917,0.2926829268292683,goal_object_ood_180
2,rnd_oe_and_entropy,tvt_cp_band,0.95,11/50,seen-best fusion tvt_cp_band,0.0,0.4878048780487805,0.0,0.0,0.0,0.8013333333333333,0.5121951219512195,goal_object_ood_180
42,entropy,ct_quantile,0.95,15,seen-best entropy ct_quantile,0.050359712230215826,0.5121951219512195,0.0,0.0,0.2926829268292683,0.5257142857142856,0.4878048780487805,goal_object_ood_180
42,entropy,tvt_quantile,0.95,50,seen-best entropy tvt_quantile,0.17985611510791366,0.7073170731707317,0.0975609756097561,0.24390243902439024,0.4878048780487805,0.36712643678160917,0.2926829268292683,goal_object_ood_180
42,entropy,tvt_cp_band,0.95,50,seen-best entropy tvt_cp_band,0.0,0.4878048780487805,0.0,0.0,0.0,0.8013333333333333,0.5121951219512195,goal_object_ood_180
42,rnd_oe,ct_quantile,0.95,3,seen-best rnd_oe ct_quantile,1.0,1.0,1.0,1.0,1.0,0.0,0.0,goal_object_ood_180
42,rnd_oe,tvt_quantile,0.95,1,seen-best rnd_oe tvt_quantile,1.0,1.0,1.0,1.0,1.0,0.0,0.0,goal_object_ood_180
42,rnd_oe,tvt_cp_band,0.95,11,seen-best rnd_oe tvt_cp_band,1.0,1.0,1.0,1.0,1.0,0.0,0.0,goal_object_ood_180
42,rnd_oe_and_entropy,ct_quantile,0.95,1,seen-best fusion ct_quantile,0.0,0.2682926829268293,0.0,0.0,0.0975609756097561,0.5969696969696969,0.7317073170731707,goal_object_ood_180
42,rnd_oe_and_entropy,tvt_quantile,0.95,1/50,seen-best fusion tvt_quantile,0.17985611510791366,0.7073170731707317,0.0975609756097561,0.24390243902439024,0.4878048780487805,0.36712643678160917,0.2926829268292683,goal_object_ood_180
42,rnd_oe_and_entropy,tvt_cp_band,0.95,11/50,seen-best fusion tvt_cp_band,0.0,0.4878048780487805,0.0,0.0,0.0,0.8013333333333333,0.5121951219512195,goal_object_ood_180
43,entropy,ct_quantile,0.95,15,seen-best entropy ct_quantile,0.050359712230215826,0.5121951219512195,0.0,0.0,0.2926829268292683,0.5257142857142856,0.4878048780487805,goal_object_ood_180
43,entropy,tvt_quantile,0.95,50,seen-best entropy tvt_quantile,0.17985611510791366,0.7073170731707317,0.0975609756097561,0.24390243902439024,0.4878048780487805,0.36712643678160917,0.2926829268292683,goal_object_ood_180
43,entropy,tvt_cp_band,0.95,50,seen-best entropy tvt_cp_band,0.0,0.4878048780487805,0.0,0.0,0.0,0.8013333333333333,0.5121951219512195,goal_object_ood_180
43,rnd_oe,ct_quantile,0.95,3,seen-best rnd_oe ct_quantile,1.0,1.0,1.0,1.0,1.0,0.0,0.0,goal_object_ood_180
43,rnd_oe,tvt_quantile,0.95,1,seen-best rnd_oe tvt_quantile,1.0,1.0,1.0,1.0,1.0,0.0,0.0,goal_object_ood_180
43,rnd_oe,tvt_cp_band,0.95,11,seen-best rnd_oe tvt_cp_band,1.0,1.0,1.0,1.0,1.0,0.0,0.0,goal_object_ood_180
43,rnd_oe_and_entropy,ct_quantile,0.95,1,seen-best fusion ct_quantile,0.0,0.2682926829268293,0.0,0.0,0.0975609756097561,0.5969696969696969,0.7317073170731707,goal_object_ood_180
43,rnd_oe_and_entropy,tvt_quantile,0.95,1/50,seen-best fusion tvt_quantile,0.17985611510791366,0.7073170731707317,0.0975609756097561,0.24390243902439024,0.4878048780487805,0.36712643678160917,0.2926829268292683,goal_object_ood_180
43,rnd_oe_and_entropy,tvt_cp_band,0.95,11/50,seen-best fusion tvt_cp_band,0.0,0.4878048780487805,0.0,0.0,0.0,0.8013333333333333,0.5121951219512195,goal_object_ood_180
0,entropy,ct_quantile,0.95,15,seen-best entropy ct_quantile,0.0,0.6701030927835051,0.0,0.09278350515463918,0.29896907216494845,0.5456410256410257,0.32989690721649484,goal_swap_100
0,entropy,tvt_quantile,0.95,50,seen-best entropy tvt_quantile,0.0,0.7319587628865979,0.30927835051546393,0.4329896907216495,0.6185567010309279,0.24413145539906111,0.26804123711340205,goal_swap_100
0,entropy,tvt_cp_band,0.95,50,seen-best entropy tvt_cp_band,0.0,0.6391752577319587,0.0,0.0,0.0,0.806720430107527,0.36082474226804123,goal_swap_100
0,rnd_oe,ct_quantile,0.95,3,seen-best rnd_oe ct_quantile,0.0,0.1134020618556701,0.1134020618556701,0.1134020618556701,0.1134020618556701,0.006666666666666667,0.8865979381443299,goal_swap_100
0,rnd_oe,tvt_quantile,0.95,1,seen-best rnd_oe tvt_quantile,0.0,0.1134020618556701,0.1134020618556701,0.1134020618556701,0.1134020618556701,0.0,0.8865979381443299,goal_swap_100
0,rnd_oe,tvt_cp_band,0.95,11,seen-best rnd_oe tvt_cp_band,0.0,0.21649484536082475,0.0,0.1134020618556701,0.21649484536082475,0.32555555555555554,0.7835051546391752,goal_swap_100
0,rnd_oe_and_entropy,ct_quantile,0.95,1,seen-best fusion ct_quantile,0.0,0.08247422680412371,0.0,0.0,0.020618556701030927,0.72875,0.9175257731958762,goal_swap_100
0,rnd_oe_and_entropy,tvt_quantile,0.95,1/50,seen-best fusion tvt_quantile,0.0,0.1134020618556701,0.0,0.0,0.09278350515463918,0.45030303030303026,0.8865979381443299,goal_swap_100
0,rnd_oe_and_entropy,tvt_cp_band,0.95,11/50,seen-best fusion tvt_cp_band,0.0,0.15463917525773196,0.0,0.0,0.0,0.766888888888889,0.845360824742268,goal_swap_100
1,entropy,ct_quantile,0.95,15,seen-best entropy ct_quantile,0.0,0.6701030927835051,0.0,0.09278350515463918,0.29896907216494845,0.5456410256410257,0.32989690721649484,goal_swap_100
1,entropy,tvt_quantile,0.95,50,seen-best entropy tvt_quantile,0.0,0.7319587628865979,0.30927835051546393,0.4329896907216495,0.6185567010309279,0.24413145539906111,0.26804123711340205,goal_swap_100
1,entropy,tvt_cp_band,0.95,50,seen-best entropy tvt_cp_band,0.0,0.6391752577319587,0.0,0.0,0.0,0.806720430107527,0.36082474226804123,goal_swap_100
1,rnd_oe,ct_quantile,0.95,3,seen-best rnd_oe ct_quantile,0.0,0.10309278350515463,0.10309278350515463,0.10309278350515463,0.10309278350515463,0.006666666666666666,0.8969072164948454,goal_swap_100
1,rnd_oe,tvt_quantile,0.95,1,seen-best rnd_oe tvt_quantile,0.0,0.4020618556701031,0.10309278350515463,0.10309278350515463,0.4020618556701031,0.33128205128205135,0.5979381443298969,goal_swap_100
1,rnd_oe,tvt_cp_band,0.95,11,seen-best rnd_oe tvt_cp_band,0.0,0.4948453608247423,0.10309278350515463,0.10309278350515463,0.20618556701030927,0.5193055555555556,0.5051546391752577,goal_swap_100
1,rnd_oe_and_entropy,ct_quantile,0.95,1,seen-best fusion ct_quantile,0.0,0.010309278350515464,0.0,0.0,0.0,0.6033333333333334,0.9896907216494846,goal_swap_100
1,rnd_oe_and_entropy,tvt_quantile,0.95,1/50,seen-best fusion tvt_quantile,0.0,0.26804123711340205,0.0,0.0,0.1958762886597938,0.4806410256410256,0.7319587628865979,goal_swap_100
1,rnd_oe_and_entropy,tvt_cp_band,0.95,11/50,seen-best fusion tvt_cp_band,0.0,0.20618556701030927,0.0,0.0,0.0,0.7449999999999999,0.7938144329896907,goal_swap_100
2,entropy,ct_quantile,0.95,15,seen-best entropy ct_quantile,0.0,0.6701030927835051,0.0,0.09278350515463918,0.29896907216494845,0.5456410256410257,0.32989690721649484,goal_swap_100
2,entropy,tvt_quantile,0.95,50,seen-best entropy tvt_quantile,0.0,0.7319587628865979,0.30927835051546393,0.4329896907216495,0.6185567010309279,0.24413145539906111,0.26804123711340205,goal_swap_100
2,entropy,tvt_cp_band,0.95,50,seen-best entropy tvt_cp_band,0.0,0.6391752577319587,0.0,0.0,0.0,0.806720430107527,0.36082474226804123,goal_swap_100
2,rnd_oe,ct_quantile,0.95,3,seen-best rnd_oe ct_quantile,0.0,0.0,0.0,0.0,0.0,nan,1.0,goal_swap_100
2,rnd_oe,tvt_quantile,0.95,1,seen-best rnd_oe tvt_quantile,0.0,0.4020618556701031,0.0,0.10309278350515463,0.30927835051546393,0.41777777777777775,0.5979381443298969,goal_swap_100
2,rnd_oe,tvt_cp_band,0.95,11,seen-best rnd_oe tvt_cp_band,0.0,0.6185567010309279,0.0,0.0,0.10309278350515463,0.6238888888888888,0.38144329896907214,goal_swap_100
2,rnd_oe_and_entropy,ct_quantile,0.95,1,seen-best fusion ct_quantile,0.0,0.0,0.0,0.0,0.0,nan,1.0,goal_swap_100
2,rnd_oe_and_entropy,tvt_quantile,0.95,1/50,seen-best fusion tvt_quantile,0.0,0.15463917525773196,0.0,0.010309278350515464,0.07216494845360824,0.5104444444444445,0.845360824742268,goal_swap_100
2,rnd_oe_and_entropy,tvt_cp_band,0.95,11/50,seen-best fusion tvt_cp_band,0.0,0.36082474226804123,0.0,0.0,0.0,0.8268571428571427,0.6391752577319587,goal_swap_100
42,entropy,ct_quantile,0.95,15,seen-best entropy ct_quantile,0.0,0.6701030927835051,0.0,0.09278350515463918,0.29896907216494845,0.5456410256410257,0.32989690721649484,goal_swap_100
42,entropy,tvt_quantile,0.95,50,seen-best entropy tvt_quantile,0.0,0.7319587628865979,0.30927835051546393,0.4329896907216495,0.6185567010309279,0.24413145539906111,0.26804123711340205,goal_swap_100
42,entropy,tvt_cp_band,0.95,50,seen-best entropy tvt_cp_band,0.0,0.6391752577319587,0.0,0.0,0.0,0.806720430107527,0.36082474226804123,goal_swap_100
42,rnd_oe,ct_quantile,0.95,3,seen-best rnd_oe ct_quantile,0.0,0.0,0.0,0.0,0.0,nan,1.0,goal_swap_100
42,rnd_oe,tvt_quantile,0.95,1,seen-best rnd_oe tvt_quantile,0.0,0.422680412371134,0.10309278350515463,0.20618556701030927,0.422680412371134,0.281869918699187,0.5773195876288659,goal_swap_100
42,rnd_oe,tvt_cp_band,0.95,11,seen-best rnd_oe tvt_cp_band,0.0,0.10309278350515463,0.0,0.10309278350515463,0.10309278350515463,0.24333333333333332,0.8969072164948454,goal_swap_100
42,rnd_oe_and_entropy,ct_quantile,0.95,1,seen-best fusion ct_quantile,0.0,0.0,0.0,0.0,0.0,nan,1.0,goal_swap_100
42,rnd_oe_and_entropy,tvt_quantile,0.95,1/50,seen-best fusion tvt_quantile,0.0,0.28865979381443296,0.10309278350515463,0.10309278350515463,0.21649484536082475,0.33928571428571425,0.711340206185567,goal_swap_100
42,rnd_oe_and_entropy,tvt_cp_band,0.95,11/50,seen-best fusion tvt_cp_band,0.0,0.05154639175257732,0.0,0.0,0.0,0.776,0.9484536082474226,goal_swap_100
43,entropy,ct_quantile,0.95,15,seen-best entropy ct_quantile,0.0,0.6701030927835051,0.0,0.09278350515463918,0.29896907216494845,0.5456410256410257,0.32989690721649484,goal_swap_100
43,entropy,tvt_quantile,0.95,50,seen-best entropy tvt_quantile,0.0,0.7319587628865979,0.30927835051546393,0.4329896907216495,0.6185567010309279,0.24413145539906111,0.26804123711340205,goal_swap_100
43,entropy,tvt_cp_band,0.95,50,seen-best entropy tvt_cp_band,0.0,0.6391752577319587,0.0,0.0,0.0,0.806720430107527,0.36082474226804123,goal_swap_100
43,rnd_oe,ct_quantile,0.95,3,seen-best rnd_oe ct_quantile,0.0,0.10309278350515463,0.0,0.0,0.0,0.9633333333333333,0.8969072164948454,goal_swap_100
43,rnd_oe,tvt_quantile,0.95,1,seen-best rnd_oe tvt_quantile,0.0,0.4020618556701031,0.10309278350515463,0.10309278350515463,0.4020618556701031,0.31495726495726495,0.5979381443298969,goal_swap_100
43,rnd_oe,tvt_cp_band,0.95,11,seen-best rnd_oe tvt_cp_band,0.0,0.4020618556701031,0.0,0.10309278350515463,0.4020618556701031,0.32008547008546995,0.5979381443298969,goal_swap_100
43,rnd_oe_and_entropy,ct_quantile,0.95,1,seen-best fusion ct_quantile,0.0,0.0,0.0,0.0,0.0,nan,1.0,goal_swap_100
43,rnd_oe_and_entropy,tvt_quantile,0.95,1/50,seen-best fusion tvt_quantile,0.0,0.24742268041237114,0.0,0.010309278350515464,0.18556701030927836,0.4511111111111111,0.7525773195876289,goal_swap_100
43,rnd_oe_and_entropy,tvt_cp_band,0.95,11/50,seen-best fusion tvt_cp_band,0.0,0.21649484536082475,0.0,0.0,0.0,0.8053968253968252,0.7835051546391752,goal_swap_100
0,entropy,ct_quantile,0.95,15,seen-best entropy ct_quantile,0.0,0.4222222222222222,0.0,0.011111111111111112,0.044444444444444446,0.7219298245614036,0.5777777777777777,goal_task_100
0,entropy,tvt_quantile,0.95,50,seen-best entropy tvt_quantile,0.7,0.2222222222222222,0.08888888888888889,0.08888888888888889,0.12222222222222222,0.35883333333333334,0.7777777777777778,goal_task_100
0,entropy,tvt_cp_band,0.95,50,seen-best entropy tvt_cp_band,0.0,0.26666666666666666,0.0,0.0,0.0,0.8459722222222222,0.7333333333333333,goal_task_100
0,rnd_oe,ct_quantile,0.95,3,seen-best rnd_oe ct_quantile,0.0,0.1111111111111111,0.1111111111111111,0.1111111111111111,0.1111111111111111,0.006666666666666666,0.8888888888888888,goal_task_100
0,rnd_oe,tvt_quantile,0.95,1,seen-best rnd_oe tvt_quantile,0.0,0.1111111111111111,0.1111111111111111,0.1111111111111111,0.1111111111111111,0.0,0.8888888888888888,goal_task_100
0,rnd_oe,tvt_cp_band,0.95,11,seen-best rnd_oe tvt_cp_band,0.0,0.2222222222222222,0.0,0.1111111111111111,0.2222222222222222,0.32999999999999996,0.7777777777777778,goal_task_100
0,rnd_oe_and_entropy,ct_quantile,0.95,1,seen-best fusion ct_quantile,0.0,0.0,0.0,0.0,0.0,nan,1.0,goal_task_100
0,rnd_oe_and_entropy,tvt_quantile,0.95,1/50,seen-best fusion tvt_quantile,0.0,0.0,0.0,0.0,0.0,nan,1.0,goal_task_100
0,rnd_oe_and_entropy,tvt_cp_band,0.95,11/50,seen-best fusion tvt_cp_band,0.0,0.05555555555555555,0.0,0.0,0.0,0.8039999999999999,0.9444444444444444,goal_task_100
1,entropy,ct_quantile,0.95,15,seen-best entropy ct_quantile,0.0,0.4222222222222222,0.0,0.011111111111111112,0.044444444444444446,0.7219298245614036,0.5777777777777777,goal_task_100
1,entropy,tvt_quantile,0.95,50,seen-best entropy tvt_quantile,0.7,0.2222222222222222,0.08888888888888889,0.08888888888888889,0.12222222222222222,0.35883333333333334,0.7777777777777778,goal_task_100
1,entropy,tvt_cp_band,0.95,50,seen-best entropy tvt_cp_band,0.0,0.26666666666666666,0.0,0.0,0.0,0.8459722222222222,0.7333333333333333,goal_task_100
1,rnd_oe,ct_quantile,0.95,3,seen-best rnd_oe ct_quantile,0.0,0.1111111111111111,0.1111111111111111,0.1111111111111111,0.1111111111111111,0.006666666666666666,0.8888888888888888,goal_task_100
1,rnd_oe,tvt_quantile,0.95,1,seen-best rnd_oe tvt_quantile,0.0,0.3333333333333333,0.1111111111111111,0.1111111111111111,0.3333333333333333,0.29000000000000004,0.6666666666666666,goal_task_100
1,rnd_oe,tvt_cp_band,0.95,11,seen-best rnd_oe tvt_cp_band,0.0,0.4444444444444444,0.1111111111111111,0.1111111111111111,0.2222222222222222,0.49083333333333334,0.5555555555555556,goal_task_100
1,rnd_oe_and_entropy,ct_quantile,0.95,1,seen-best fusion ct_quantile,0.0,0.022222222222222223,0.0,0.0,0.0,0.6766666666666667,0.9777777777777777,goal_task_100
1,rnd_oe_and_entropy,tvt_quantile,0.95,1/50,seen-best fusion tvt_quantile,0.0,0.07777777777777778,0.0,0.0,0.0,0.571904761904762,0.9222222222222223,goal_task_100
1,rnd_oe_and_entropy,tvt_cp_band,0.95,11/50,seen-best fusion tvt_cp_band,0.0,0.08888888888888889,0.0,0.0,0.0,0.8491666666666666,0.9111111111111111,goal_task_100
2,entropy,ct_quantile,0.95,15,seen-best entropy ct_quantile,0.0,0.4222222222222222,0.0,0.011111111111111112,0.044444444444444446,0.7219298245614036,0.5777777777777777,goal_task_100
2,entropy,tvt_quantile,0.95,50,seen-best entropy tvt_quantile,0.7,0.2222222222222222,0.08888888888888889,0.08888888888888889,0.12222222222222222,0.35883333333333334,0.7777777777777778,goal_task_100
2,entropy,tvt_cp_band,0.95,50,seen-best entropy tvt_cp_band,0.0,0.26666666666666666,0.0,0.0,0.0,0.8459722222222222,0.7333333333333333,goal_task_100
2,rnd_oe,ct_quantile,0.95,3,seen-best rnd_oe ct_quantile,0.1,0.0,0.0,0.0,0.0,nan,1.0,goal_task_100
2,rnd_oe,tvt_quantile,0.95,1,seen-best rnd_oe tvt_quantile,0.1,0.3333333333333333,0.0,0.0,0.2222222222222222,0.491111111111111,0.6666666666666666,goal_task_100
2,rnd_oe,tvt_cp_band,0.95,11,seen-best rnd_oe tvt_cp_band,0.0,0.5555555555555556,0.0,0.0,0.0,0.6953333333333334,0.4444444444444444,goal_task_100
2,rnd_oe_and_entropy,ct_quantile,0.95,1,seen-best fusion ct_quantile,0.0,0.0,0.0,0.0,0.0,nan,1.0,goal_task_100
2,rnd_oe_and_entropy,tvt_quantile,0.95,1/50,seen-best fusion tvt_quantile,0.1,0.03333333333333333,0.0,0.0,0.011111111111111112,0.5077777777777778,0.9666666666666667,goal_task_100
2,rnd_oe_and_entropy,tvt_cp_band,0.95,11/50,seen-best fusion tvt_cp_band,0.0,0.12222222222222222,0.0,0.0,0.0,0.8421212121212122,0.8777777777777778,goal_task_100
42,entropy,ct_quantile,0.95,15,seen-best entropy ct_quantile,0.0,0.4222222222222222,0.0,0.011111111111111112,0.044444444444444446,0.7219298245614036,0.5777777777777777,goal_task_100
42,entropy,tvt_quantile,0.95,50,seen-best entropy tvt_quantile,0.7,0.2222222222222222,0.08888888888888889,0.08888888888888889,0.12222222222222222,0.35883333333333334,0.7777777777777778,goal_task_100
42,entropy,tvt_cp_band,0.95,50,seen-best entropy tvt_cp_band,0.0,0.26666666666666666,0.0,0.0,0.0,0.8459722222222222,0.7333333333333333,goal_task_100
42,rnd_oe,ct_quantile,0.95,3,seen-best rnd_oe ct_quantile,0.0,0.0,0.0,0.0,0.0,nan,1.0,goal_task_100
42,rnd_oe,tvt_quantile,0.95,1,seen-best rnd_oe tvt_quantile,1.0,0.3333333333333333,0.0,0.1111111111111111,0.3333333333333333,0.3722222222222223,0.6666666666666666,goal_task_100
42,rnd_oe,tvt_cp_band,0.95,11,seen-best rnd_oe tvt_cp_band,0.0,0.0,0.0,0.0,0.0,nan,1.0,goal_task_100
42,rnd_oe_and_entropy,ct_quantile,0.95,1,seen-best fusion ct_quantile,0.0,0.0,0.0,0.0,0.0,nan,1.0,goal_task_100
42,rnd_oe_and_entropy,tvt_quantile,0.95,1/50,seen-best fusion tvt_quantile,0.6,0.08888888888888889,0.0,0.0,0.011111111111111112,0.6,0.9111111111111111,goal_task_100
42,rnd_oe_and_entropy,tvt_cp_band,0.95,11/50,seen-best fusion tvt_cp_band,0.0,0.0,0.0,0.0,0.0,nan,1.0,goal_task_100
43,entropy,ct_quantile,0.95,15,seen-best entropy ct_quantile,0.0,0.4222222222222222,0.0,0.011111111111111112,0.044444444444444446,0.7219298245614036,0.5777777777777777,goal_task_100
43,entropy,tvt_quantile,0.95,50,seen-best entropy tvt_quantile,0.7,0.2222222222222222,0.08888888888888889,0.08888888888888889,0.12222222222222222,0.35883333333333334,0.7777777777777778,goal_task_100
43,entropy,tvt_cp_band,0.95,50,seen-best entropy tvt_cp_band,0.0,0.26666666666666666,0.0,0.0,0.0,0.8459722222222222,0.7333333333333333,goal_task_100
43,rnd_oe,ct_quantile,0.95,3,seen-best rnd_oe ct_quantile,0.0,0.1111111111111111,0.0,0.0,0.0,0.9633333333333333,0.8888888888888888,goal_task_100
43,rnd_oe,tvt_quantile,0.95,1,seen-best rnd_oe tvt_quantile,0.0,0.3333333333333333,0.1111111111111111,0.1111111111111111,0.3333333333333333,0.28444444444444444,0.6666666666666666,goal_task_100
43,rnd_oe,tvt_cp_band,0.95,11,seen-best rnd_oe tvt_cp_band,0.0,0.3333333333333333,0.0,0.1111111111111111,0.3333333333333333,0.31111111111111106,0.6666666666666666,goal_task_100
43,rnd_oe_and_entropy,ct_quantile,0.95,1,seen-best fusion ct_quantile,0.0,0.0,0.0,0.0,0.0,nan,1.0,goal_task_100
43,rnd_oe_and_entropy,tvt_quantile,0.95,1/50,seen-best fusion tvt_quantile,0.0,0.03333333333333333,0.0,0.0,0.0,0.6388888888888888,0.9666666666666667,goal_task_100
43,rnd_oe_and_entropy,tvt_cp_band,0.95,11/50,seen-best fusion tvt_cp_band,0.0,0.06666666666666667,0.0,0.0,0.0,0.8277777777777776,0.9333333333333333,goal_task_100
0,entropy,ct_quantile,0.95,15,seen-best entropy ct_quantile,0.021505376344086023,0.8571428571428571,0.0,0.0,0.7142857142857143,0.45555555555555555,0.14285714285714285,spatial_object_100
0,entropy,tvt_quantile,0.95,50,seen-best entropy tvt_quantile,0.21505376344086022,1.0,0.0,0.5714285714285714,1.0,0.3085714285714286,0.0,spatial_object_100
0,entropy,tvt_cp_band,0.95,50,seen-best entropy tvt_cp_band,0.0,0.8571428571428571,0.0,0.0,0.0,0.7555555555555555,0.14285714285714285,spatial_object_100
0,rnd_oe,ct_quantile,0.95,3,seen-best rnd_oe ct_quantile,1.0,1.0,1.0,1.0,1.0,0.0,0.0,spatial_object_100
0,rnd_oe,tvt_quantile,0.95,1,seen-best rnd_oe tvt_quantile,1.0,1.0,1.0,1.0,1.0,0.0,0.0,spatial_object_100
0,rnd_oe,tvt_cp_band,0.95,11,seen-best rnd_oe tvt_cp_band,1.0,1.0,1.0,1.0,1.0,0.0,0.0,spatial_object_100
0,rnd_oe_and_entropy,ct_quantile,0.95,1,seen-best fusion ct_quantile,0.0,0.42857142857142855,0.0,0.0,0.14285714285714285,0.5777777777777778,0.5714285714285714,spatial_object_100
0,rnd_oe_and_entropy,tvt_quantile,0.95,1/50,seen-best fusion tvt_quantile,0.21505376344086022,1.0,0.0,0.5714285714285714,1.0,0.3085714285714286,0.0,spatial_object_100
0,rnd_oe_and_entropy,tvt_cp_band,0.95,11/50,seen-best fusion tvt_cp_band,0.0,0.8571428571428571,0.0,0.0,0.0,0.7555555555555555,0.14285714285714285,spatial_object_100
1,entropy,ct_quantile,0.95,15,seen-best entropy ct_quantile,0.021505376344086023,0.8571428571428571,0.0,0.0,0.7142857142857143,0.45555555555555555,0.14285714285714285,spatial_object_100
1,entropy,tvt_quantile,0.95,50,seen-best entropy tvt_quantile,0.21505376344086022,1.0,0.0,0.5714285714285714,1.0,0.3085714285714286,0.0,spatial_object_100
1,entropy,tvt_cp_band,0.95,50,seen-best entropy tvt_cp_band,0.0,0.8571428571428571,0.0,0.0,0.0,0.7555555555555555,0.14285714285714285,spatial_object_100
1,rnd_oe,ct_quantile,0.95,3,seen-best rnd_oe ct_quantile,1.0,1.0,1.0,1.0,1.0,0.0,0.0,spatial_object_100
1,rnd_oe,tvt_quantile,0.95,1,seen-best rnd_oe tvt_quantile,1.0,1.0,1.0,1.0,1.0,0.0,0.0,spatial_object_100
1,rnd_oe,tvt_cp_band,0.95,11,seen-best rnd_oe tvt_cp_band,1.0,1.0,1.0,1.0,1.0,0.0,0.0,spatial_object_100
1,rnd_oe_and_entropy,ct_quantile,0.95,1,seen-best fusion ct_quantile,0.0,0.42857142857142855,0.0,0.0,0.14285714285714285,0.5777777777777778,0.5714285714285714,spatial_object_100
1,rnd_oe_and_entropy,tvt_quantile,0.95,1/50,seen-best fusion tvt_quantile,0.21505376344086022,1.0,0.0,0.5714285714285714,1.0,0.3085714285714286,0.0,spatial_object_100
1,rnd_oe_and_entropy,tvt_cp_band,0.95,11/50,seen-best fusion tvt_cp_band,0.0,0.8571428571428571,0.0,0.0,0.0,0.7555555555555555,0.14285714285714285,spatial_object_100
2,entropy,ct_quantile,0.95,15,seen-best entropy ct_quantile,0.021505376344086023,0.8571428571428571,0.0,0.0,0.7142857142857143,0.45555555555555555,0.14285714285714285,spatial_object_100
2,entropy,tvt_quantile,0.95,50,seen-best entropy tvt_quantile,0.21505376344086022,1.0,0.0,0.5714285714285714,1.0,0.3085714285714286,0.0,spatial_object_100
2,entropy,tvt_cp_band,0.95,50,seen-best entropy tvt_cp_band,0.0,0.8571428571428571,0.0,0.0,0.0,0.7555555555555555,0.14285714285714285,spatial_object_100
2,rnd_oe,ct_quantile,0.95,3,seen-best rnd_oe ct_quantile,1.0,1.0,1.0,1.0,1.0,0.0,0.0,spatial_object_100
2,rnd_oe,tvt_quantile,0.95,1,seen-best rnd_oe tvt_quantile,1.0,1.0,1.0,1.0,1.0,0.0,0.0,spatial_object_100
2,rnd_oe,tvt_cp_band,0.95,11,seen-best rnd_oe tvt_cp_band,1.0,1.0,1.0,1.0,1.0,0.0,0.0,spatial_object_100
2,rnd_oe_and_entropy,ct_quantile,0.95,1,seen-best fusion ct_quantile,0.0,0.42857142857142855,0.0,0.0,0.14285714285714285,0.5777777777777778,0.5714285714285714,spatial_object_100
2,rnd_oe_and_entropy,tvt_quantile,0.95,1/50,seen-best fusion tvt_quantile,0.21505376344086022,1.0,0.0,0.5714285714285714,1.0,0.3085714285714286,0.0,spatial_object_100
2,rnd_oe_and_entropy,tvt_cp_band,0.95,11/50,seen-best fusion tvt_cp_band,0.0,0.8571428571428571,0.0,0.0,0.0,0.7555555555555555,0.14285714285714285,spatial_object_100
42,entropy,ct_quantile,0.95,15,seen-best entropy ct_quantile,0.021505376344086023,0.8571428571428571,0.0,0.0,0.7142857142857143,0.45555555555555555,0.14285714285714285,spatial_object_100
42,entropy,tvt_quantile,0.95,50,seen-best entropy tvt_quantile,0.21505376344086022,1.0,0.0,0.5714285714285714,1.0,0.3085714285714286,0.0,spatial_object_100
42,entropy,tvt_cp_band,0.95,50,seen-best entropy tvt_cp_band,0.0,0.8571428571428571,0.0,0.0,0.0,0.7555555555555555,0.14285714285714285,spatial_object_100
42,rnd_oe,ct_quantile,0.95,3,seen-best rnd_oe ct_quantile,1.0,1.0,1.0,1.0,1.0,0.0,0.0,spatial_object_100
42,rnd_oe,tvt_quantile,0.95,1,seen-best rnd_oe tvt_quantile,1.0,1.0,1.0,1.0,1.0,0.0,0.0,spatial_object_100
42,rnd_oe,tvt_cp_band,0.95,11,seen-best rnd_oe tvt_cp_band,1.0,1.0,1.0,1.0,1.0,0.0,0.0,spatial_object_100
42,rnd_oe_and_entropy,ct_quantile,0.95,1,seen-best fusion ct_quantile,0.0,0.42857142857142855,0.0,0.0,0.14285714285714285,0.5777777777777778,0.5714285714285714,spatial_object_100
42,rnd_oe_and_entropy,tvt_quantile,0.95,1/50,seen-best fusion tvt_quantile,0.21505376344086022,1.0,0.0,0.5714285714285714,1.0,0.3085714285714286,0.0,spatial_object_100
42,rnd_oe_and_entropy,tvt_cp_band,0.95,11/50,seen-best fusion tvt_cp_band,0.0,0.8571428571428571,0.0,0.0,0.0,0.7555555555555555,0.14285714285714285,spatial_object_100
43,entropy,ct_quantile,0.95,15,seen-best entropy ct_quantile,0.021505376344086023,0.8571428571428571,0.0,0.0,0.7142857142857143,0.45555555555555555,0.14285714285714285,spatial_object_100
43,entropy,tvt_quantile,0.95,50,seen-best entropy tvt_quantile,0.21505376344086022,1.0,0.0,0.5714285714285714,1.0,0.3085714285714286,0.0,spatial_object_100
43,entropy,tvt_cp_band,0.95,50,seen-best entropy tvt_cp_band,0.0,0.8571428571428571,0.0,0.0,0.0,0.7555555555555555,0.14285714285714285,spatial_object_100
43,rnd_oe,ct_quantile,0.95,3,seen-best rnd_oe ct_quantile,1.0,1.0,1.0,1.0,1.0,0.0,0.0,spatial_object_100
43,rnd_oe,tvt_quantile,0.95,1,seen-best rnd_oe tvt_quantile,1.0,1.0,1.0,1.0,1.0,0.0,0.0,spatial_object_100
43,rnd_oe,tvt_cp_band,0.95,11,seen-best rnd_oe tvt_cp_band,1.0,1.0,1.0,1.0,1.0,0.0,0.0,spatial_object_100
43,rnd_oe_and_entropy,ct_quantile,0.95,1,seen-best fusion ct_quantile,0.0,0.42857142857142855,0.0,0.0,0.14285714285714285,0.5777777777777778,0.5714285714285714,spatial_object_100
43,rnd_oe_and_entropy,tvt_quantile,0.95,1/50,seen-best fusion tvt_quantile,0.21505376344086022,1.0,0.0,0.5714285714285714,1.0,0.3085714285714286,0.0,spatial_object_100
43,rnd_oe_and_entropy,tvt_cp_band,0.95,11/50,seen-best fusion tvt_cp_band,0.0,0.8571428571428571,0.0,0.0,0.0,0.7555555555555555,0.14285714285714285,spatial_object_100
0,entropy,ct_quantile,0.95,15,seen-best entropy ct_quantile,0.015873015873015872,0.05405405405405406,0.0,0.0,0.0,0.6799999999999999,0.9459459459459459,object_object_100
0,entropy,tvt_quantile,0.95,50,seen-best entropy tvt_quantile,0.031746031746031744,0.08108108108108109,0.0,0.05405405405405406,0.05405405405405406,0.4366666666666666,0.918918918918919,object_object_100
0,entropy,tvt_cp_band,0.95,50,seen-best entropy tvt_cp_band,0.0,0.08108108108108109,0.0,0.0,0.0,0.8466666666666667,0.918918918918919,object_object_100
0,rnd_oe,ct_quantile,0.95,3,seen-best rnd_oe ct_quantile,1.0,1.0,1.0,1.0,1.0,0.0,0.0,object_object_100
0,rnd_oe,tvt_quantile,0.95,1,seen-best rnd_oe tvt_quantile,1.0,1.0,1.0,1.0,1.0,0.0,0.0,object_object_100
0,rnd_oe,tvt_cp_band,0.95,11,seen-best rnd_oe tvt_cp_band,1.0,1.0,1.0,1.0,1.0,0.0,0.0,object_object_100
0,rnd_oe_and_entropy,ct_quantile,0.95,1,seen-best fusion ct_quantile,0.0,0.0,0.0,0.0,0.0,nan,1.0,object_object_100
0,rnd_oe_and_entropy,tvt_quantile,0.95,1/50,seen-best fusion tvt_quantile,0.031746031746031744,0.08108108108108109,0.0,0.05405405405405406,0.05405405405405406,0.4366666666666666,0.918918918918919,object_object_100
0,rnd_oe_and_entropy,tvt_cp_band,0.95,11/50,seen-best fusion tvt_cp_band,0.0,0.08108108108108109,0.0,0.0,0.0,0.8466666666666667,0.918918918918919,object_object_100
1,entropy,ct_quantile,0.95,15,seen-best entropy ct_quantile,0.015873015873015872,0.05405405405405406,0.0,0.0,0.0,0.6799999999999999,0.9459459459459459,object_object_100
1,entropy,tvt_quantile,0.95,50,seen-best entropy tvt_quantile,0.031746031746031744,0.08108108108108109,0.0,0.05405405405405406,0.05405405405405406,0.4366666666666666,0.918918918918919,object_object_100
1,entropy,tvt_cp_band,0.95,50,seen-best entropy tvt_cp_band,0.0,0.08108108108108109,0.0,0.0,0.0,0.8466666666666667,0.918918918918919,object_object_100
1,rnd_oe,ct_quantile,0.95,3,seen-best rnd_oe ct_quantile,1.0,1.0,1.0,1.0,1.0,0.0,0.0,object_object_100
1,rnd_oe,tvt_quantile,0.95,1,seen-best rnd_oe tvt_quantile,1.0,1.0,1.0,1.0,1.0,0.0,0.0,object_object_100
1,rnd_oe,tvt_cp_band,0.95,11,seen-best rnd_oe tvt_cp_band,1.0,1.0,1.0,1.0,1.0,0.0,0.0,object_object_100
1,rnd_oe_and_entropy,ct_quantile,0.95,1,seen-best fusion ct_quantile,0.0,0.0,0.0,0.0,0.0,nan,1.0,object_object_100
1,rnd_oe_and_entropy,tvt_quantile,0.95,1/50,seen-best fusion tvt_quantile,0.031746031746031744,0.08108108108108109,0.0,0.05405405405405406,0.05405405405405406,0.4366666666666666,0.918918918918919,object_object_100
1,rnd_oe_and_entropy,tvt_cp_band,0.95,11/50,seen-best fusion tvt_cp_band,0.0,0.08108108108108109,0.0,0.0,0.0,0.8466666666666667,0.918918918918919,object_object_100
2,entropy,ct_quantile,0.95,15,seen-best entropy ct_quantile,0.015873015873015872,0.05405405405405406,0.0,0.0,0.0,0.6799999999999999,0.9459459459459459,object_object_100
2,entropy,tvt_quantile,0.95,50,seen-best entropy tvt_quantile,0.031746031746031744,0.08108108108108109,0.0,0.05405405405405406,0.05405405405405406,0.4366666666666666,0.918918918918919,object_object_100
2,entropy,tvt_cp_band,0.95,50,seen-best entropy tvt_cp_band,0.0,0.08108108108108109,0.0,0.0,0.0,0.8466666666666667,0.918918918918919,object_object_100
2,rnd_oe,ct_quantile,0.95,3,seen-best rnd_oe ct_quantile,1.0,1.0,1.0,1.0,1.0,0.0,0.0,object_object_100
2,rnd_oe,tvt_quantile,0.95,1,seen-best rnd_oe tvt_quantile,1.0,1.0,1.0,1.0,1.0,0.0,0.0,object_object_100
2,rnd_oe,tvt_cp_band,0.95,11,seen-best rnd_oe tvt_cp_band,1.0,1.0,1.0,1.0,1.0,0.0,0.0,object_object_100
2,rnd_oe_and_entropy,ct_quantile,0.95,1,seen-best fusion ct_quantile,0.0,0.0,0.0,0.0,0.0,nan,1.0,object_object_100
2,rnd_oe_and_entropy,tvt_quantile,0.95,1/50,seen-best fusion tvt_quantile,0.031746031746031744,0.08108108108108109,0.0,0.05405405405405406,0.05405405405405406,0.4366666666666666,0.918918918918919,object_object_100
2,rnd_oe_and_entropy,tvt_cp_band,0.95,11/50,seen-best fusion tvt_cp_band,0.0,0.08108108108108109,0.0,0.0,0.0,0.8466666666666667,0.918918918918919,object_object_100
42,entropy,ct_quantile,0.95,15,seen-best entropy ct_quantile,0.015873015873015872,0.05405405405405406,0.0,0.0,0.0,0.6799999999999999,0.9459459459459459,object_object_100
42,entropy,tvt_quantile,0.95,50,seen-best entropy tvt_quantile,0.031746031746031744,0.08108108108108109,0.0,0.05405405405405406,0.05405405405405406,0.4366666666666666,0.918918918918919,object_object_100
42,entropy,tvt_cp_band,0.95,50,seen-best entropy tvt_cp_band,0.0,0.08108108108108109,0.0,0.0,0.0,0.8466666666666667,0.918918918918919,object_object_100
42,rnd_oe,ct_quantile,0.95,3,seen-best rnd_oe ct_quantile,1.0,1.0,1.0,1.0,1.0,0.0,0.0,object_object_100
42,rnd_oe,tvt_quantile,0.95,1,seen-best rnd_oe tvt_quantile,1.0,1.0,1.0,1.0,1.0,0.0,0.0,object_object_100
42,rnd_oe,tvt_cp_band,0.95,11,seen-best rnd_oe tvt_cp_band,1.0,1.0,1.0,1.0,1.0,0.0,0.0,object_object_100
42,rnd_oe_and_entropy,ct_quantile,0.95,1,seen-best fusion ct_quantile,0.0,0.0,0.0,0.0,0.0,nan,1.0,object_object_100
42,rnd_oe_and_entropy,tvt_quantile,0.95,1/50,seen-best fusion tvt_quantile,0.031746031746031744,0.08108108108108109,0.0,0.05405405405405406,0.05405405405405406,0.4366666666666666,0.918918918918919,object_object_100
42,rnd_oe_and_entropy,tvt_cp_band,0.95,11/50,seen-best fusion tvt_cp_band,0.0,0.08108108108108109,0.0,0.0,0.0,0.8466666666666667,0.918918918918919,object_object_100
43,entropy,ct_quantile,0.95,15,seen-best entropy ct_quantile,0.015873015873015872,0.05405405405405406,0.0,0.0,0.0,0.6799999999999999,0.9459459459459459,object_object_100
43,entropy,tvt_quantile,0.95,50,seen-best entropy tvt_quantile,0.031746031746031744,0.08108108108108109,0.0,0.05405405405405406,0.05405405405405406,0.4366666666666666,0.918918918918919,object_object_100
43,entropy,tvt_cp_band,0.95,50,seen-best entropy tvt_cp_band,0.0,0.08108108108108109,0.0,0.0,0.0,0.8466666666666667,0.918918918918919,object_object_100
43,rnd_oe,ct_quantile,0.95,3,seen-best rnd_oe ct_quantile,1.0,1.0,1.0,1.0,1.0,0.0,0.0,object_object_100
43,rnd_oe,tvt_quantile,0.95,1,seen-best rnd_oe tvt_quantile,1.0,1.0,1.0,1.0,1.0,0.0,0.0,object_object_100
43,rnd_oe,tvt_cp_band,0.95,11,seen-best rnd_oe tvt_cp_band,1.0,1.0,1.0,1.0,1.0,0.0,0.0,object_object_100
43,rnd_oe_and_entropy,ct_quantile,0.95,1,seen-best fusion ct_quantile,0.0,0.0,0.0,0.0,0.0,nan,1.0,object_object_100
43,rnd_oe_and_entropy,tvt_quantile,0.95,1/50,seen-best fusion tvt_quantile,0.031746031746031744,0.08108108108108109,0.0,0.05405405405405406,0.05405405405405406,0.4366666666666666,0.918918918918919,object_object_100
43,rnd_oe_and_entropy,tvt_cp_band,0.95,11/50,seen-best fusion tvt_cp_band,0.0,0.08108108108108109,0.0,0.0,0.0,0.8466666666666667,0.918918918918919,object_object_100
0,entropy,ct_quantile,0.95,15,seen-best entropy ct_quantile,0.0,0.09090909090909091,0.0,0.0,0.012987012987012988,0.7666666666666666,0.9090909090909091,libero10_object_100
0,entropy,tvt_quantile,0.95,50,seen-best entropy tvt_quantile,0.0,0.1038961038961039,0.0,0.03896103896103896,0.07792207792207792,0.4066666666666666,0.8961038961038961,libero10_object_100
0,entropy,tvt_cp_band,0.95,50,seen-best entropy tvt_cp_band,0.0,0.07792207792207792,0.0,0.0,0.0,0.9027777777777777,0.922077922077922,libero10_object_100
0,rnd_oe,ct_quantile,0.95,3,seen-best rnd_oe ct_quantile,1.0,1.0,1.0,1.0,1.0,0.0,0.0,libero10_object_100
0,rnd_oe,tvt_quantile,0.95,1,seen-best rnd_oe tvt_quantile,1.0,1.0,1.0,1.0,1.0,0.0,0.0,libero10_object_100
0,rnd_oe,tvt_cp_band,0.95,11,seen-best rnd_oe tvt_cp_band,1.0,1.0,1.0,1.0,1.0,0.0,0.0,libero10_object_100
0,rnd_oe_and_entropy,ct_quantile,0.95,1,seen-best fusion ct_quantile,0.0,0.025974025974025976,0.0,0.0,0.0,0.8066666666666666,0.974025974025974,libero10_object_100
0,rnd_oe_and_entropy,tvt_quantile,0.95,1/50,seen-best fusion tvt_quantile,0.0,0.1038961038961039,0.0,0.03896103896103896,0.07792207792207792,0.4066666666666666,0.8961038961038961,libero10_object_100
0,rnd_oe_and_entropy,tvt_cp_band,0.95,11/50,seen-best fusion tvt_cp_band,0.0,0.07792207792207792,0.0,0.0,0.0,0.9027777777777777,0.922077922077922,libero10_object_100
1,entropy,ct_quantile,0.95,15,seen-best entropy ct_quantile,0.0,0.09090909090909091,0.0,0.0,0.012987012987012988,0.7666666666666666,0.9090909090909091,libero10_object_100
1,entropy,tvt_quantile,0.95,50,seen-best entropy tvt_quantile,0.0,0.1038961038961039,0.0,0.03896103896103896,0.07792207792207792,0.4066666666666666,0.8961038961038961,libero10_object_100
1,entropy,tvt_cp_band,0.95,50,seen-best entropy tvt_cp_band,0.0,0.07792207792207792,0.0,0.0,0.0,0.9027777777777777,0.922077922077922,libero10_object_100
1,rnd_oe,ct_quantile,0.95,3,seen-best rnd_oe ct_quantile,1.0,1.0,1.0,1.0,1.0,0.0,0.0,libero10_object_100
1,rnd_oe,tvt_quantile,0.95,1,seen-best rnd_oe tvt_quantile,1.0,1.0,1.0,1.0,1.0,0.0,0.0,libero10_object_100
1,rnd_oe,tvt_cp_band,0.95,11,seen-best rnd_oe tvt_cp_band,1.0,1.0,1.0,1.0,1.0,0.0,0.0,libero10_object_100
1,rnd_oe_and_entropy,ct_quantile,0.95,1,seen-best fusion ct_quantile,0.0,0.025974025974025976,0.0,0.0,0.0,0.8066666666666666,0.974025974025974,libero10_object_100
1,rnd_oe_and_entropy,tvt_quantile,0.95,1/50,seen-best fusion tvt_quantile,0.0,0.1038961038961039,0.0,0.03896103896103896,0.07792207792207792,0.4066666666666666,0.8961038961038961,libero10_object_100
1,rnd_oe_and_entropy,tvt_cp_band,0.95,11/50,seen-best fusion tvt_cp_band,0.0,0.07792207792207792,0.0,0.0,0.0,0.9027777777777777,0.922077922077922,libero10_object_100
2,entropy,ct_quantile,0.95,15,seen-best entropy ct_quantile,0.0,0.09090909090909091,0.0,0.0,0.012987012987012988,0.7666666666666666,0.9090909090909091,libero10_object_100
2,entropy,tvt_quantile,0.95,50,seen-best entropy tvt_quantile,0.0,0.1038961038961039,0.0,0.03896103896103896,0.07792207792207792,0.4066666666666666,0.8961038961038961,libero10_object_100
2,entropy,tvt_cp_band,0.95,50,seen-best entropy tvt_cp_band,0.0,0.07792207792207792,0.0,0.0,0.0,0.9027777777777777,0.922077922077922,libero10_object_100
2,rnd_oe,ct_quantile,0.95,3,seen-best rnd_oe ct_quantile,1.0,1.0,1.0,1.0,1.0,0.0,0.0,libero10_object_100
2,rnd_oe,tvt_quantile,0.95,1,seen-best rnd_oe tvt_quantile,1.0,1.0,1.0,1.0,1.0,0.0,0.0,libero10_object_100
2,rnd_oe,tvt_cp_band,0.95,11,seen-best rnd_oe tvt_cp_band,1.0,1.0,1.0,1.0,1.0,0.0,0.0,libero10_object_100
2,rnd_oe_and_entropy,ct_quantile,0.95,1,seen-best fusion ct_quantile,0.0,0.025974025974025976,0.0,0.0,0.0,0.8066666666666666,0.974025974025974,libero10_object_100
2,rnd_oe_and_entropy,tvt_quantile,0.95,1/50,seen-best fusion tvt_quantile,0.0,0.1038961038961039,0.0,0.03896103896103896,0.07792207792207792,0.4066666666666666,0.8961038961038961,libero10_object_100
2,rnd_oe_and_entropy,tvt_cp_band,0.95,11/50,seen-best fusion tvt_cp_band,0.0,0.07792207792207792,0.0,0.0,0.0,0.9027777777777777,0.922077922077922,libero10_object_100
42,entropy,ct_quantile,0.95,15,seen-best entropy ct_quantile,0.0,0.09090909090909091,0.0,0.0,0.012987012987012988,0.7666666666666666,0.9090909090909091,libero10_object_100
42,entropy,tvt_quantile,0.95,50,seen-best entropy tvt_quantile,0.0,0.1038961038961039,0.0,0.03896103896103896,0.07792207792207792,0.4066666666666666,0.8961038961038961,libero10_object_100
42,entropy,tvt_cp_band,0.95,50,seen-best entropy tvt_cp_band,0.0,0.07792207792207792,0.0,0.0,0.0,0.9027777777777777,0.922077922077922,libero10_object_100
42,rnd_oe,ct_quantile,0.95,3,seen-best rnd_oe ct_quantile,1.0,1.0,1.0,1.0,1.0,0.0,0.0,libero10_object_100
42,rnd_oe,tvt_quantile,0.95,1,seen-best rnd_oe tvt_quantile,1.0,1.0,1.0,1.0,1.0,0.0,0.0,libero10_object_100
42,rnd_oe,tvt_cp_band,0.95,11,seen-best rnd_oe tvt_cp_band,1.0,1.0,1.0,1.0,1.0,0.0,0.0,libero10_object_100
42,rnd_oe_and_entropy,ct_quantile,0.95,1,seen-best fusion ct_quantile,0.0,0.025974025974025976,0.0,0.0,0.0,0.8066666666666666,0.974025974025974,libero10_object_100
42,rnd_oe_and_entropy,tvt_quantile,0.95,1/50,seen-best fusion tvt_quantile,0.0,0.1038961038961039,0.0,0.03896103896103896,0.07792207792207792,0.4066666666666666,0.8961038961038961,libero10_object_100
42,rnd_oe_and_entropy,tvt_cp_band,0.95,11/50,seen-best fusion tvt_cp_band,0.0,0.07792207792207792,0.0,0.0,0.0,0.9027777777777777,0.922077922077922,libero10_object_100
43,entropy,ct_quantile,0.95,15,seen-best entropy ct_quantile,0.0,0.09090909090909091,0.0,0.0,0.012987012987012988,0.7666666666666666,0.9090909090909091,libero10_object_100
43,entropy,tvt_quantile,0.95,50,seen-best entropy tvt_quantile,0.0,0.1038961038961039,0.0,0.03896103896103896,0.07792207792207792,0.4066666666666666,0.8961038961038961,libero10_object_100
43,entropy,tvt_cp_band,0.95,50,seen-best entropy tvt_cp_band,0.0,0.07792207792207792,0.0,0.0,0.0,0.9027777777777777,0.922077922077922,libero10_object_100
43,rnd_oe,ct_quantile,0.95,3,seen-best rnd_oe ct_quantile,1.0,1.0,1.0,1.0,1.0,0.0,0.0,libero10_object_100
43,rnd_oe,tvt_quantile,0.95,1,seen-best rnd_oe tvt_quantile,1.0,1.0,1.0,1.0,1.0,0.0,0.0,libero10_object_100
43,rnd_oe,tvt_cp_band,0.95,11,seen-best rnd_oe tvt_cp_band,1.0,1.0,1.0,1.0,1.0,0.0,0.0,libero10_object_100
43,rnd_oe_and_entropy,ct_quantile,0.95,1,seen-best fusion ct_quantile,0.0,0.025974025974025976,0.0,0.0,0.0,0.8066666666666666,0.974025974025974,libero10_object_100
43,rnd_oe_and_entropy,tvt_quantile,0.95,1/50,seen-best fusion tvt_quantile,0.0,0.1038961038961039,0.0,0.03896103896103896,0.07792207792207792,0.4066666666666666,0.8961038961038961,libero10_object_100
43,rnd_oe_and_entropy,tvt_cp_band,0.95,11/50,seen-best fusion tvt_cp_band,0.0,0.07792207792207792,0.0,0.0,0.0,0.9027777777777777,0.922077922077922,libero10_object_100
