campaign,job,policy,model,best_epoch,epochs_run,uses_object_positions_before,uses_reward,uses_success,uses_task_metadata,uses_ood_rows_for_train,seen_success_fa,ood_success_fa,seen_fail_det,seen_fail_det25,seen_fail_mean_time,ood_fail_det,ood_fail_det10,ood_fail_det25,ood_fail_det50,ood_fail_mean_time,ood_fail_never,balanced_score
ood_perturbation_milk,clean_041_tcn_k16_no_current_proprio,score_q95_K3,seq_tcn,5,25,False,False,False,False,False,0.15217391304347827,0.3696682464454976,0.967391304347826,0.7282608695652174,0.17127340823970033,0.961038961038961,0.38961038961038963,0.6017316017316018,0.9177489177489178,0.19657657657657662,0.038961038961038974,1.4949517993511399
ood_perturbation_milk,clean_041_tcn_k16_no_current_proprio,score_q99_K3,seq_tcn,5,25,False,False,False,False,False,0.021739130434782608,0.14454976303317535,0.8478260869565217,0.391304347826087,0.2905128205128205,0.8354978354978355,0.05627705627705628,0.18181818181818182,0.6190476190476191,0.4216925734024179,0.16450216450216448,0.8069378248648804
ood_perturbation_milk,clean_041_tcn_k16_no_current_proprio,score_q95_K5,seq_tcn,5,25,False,False,False,False,False,0.12648221343873517,0.3341232227488152,0.9456521739130435,0.717391304347826,0.16934865900383142,0.961038961038961,0.341991341991342,0.5757575757575758,0.9134199134199135,0.21489489489489488,0.038961038961038974,1.5091671327504832
ood_perturbation_milk,clean_041_tcn_k16_no_current_proprio,or_q95_K3,seq_tcn,5,25,False,False,False,False,False,0.3814229249011858,0.6943127962085308,0.9782608695652174,0.7391304347826086,0.1674074074074074,0.9826839826839827,0.3939393939393939,0.6277056277056277,0.9567099567099567,0.1878854625550661,0.017316017316017285,0.9885985640158318
ood_perturbation_milk,clean_041_tcn_k16_no_current_proprio,or_q99_K3,seq_tcn,5,25,False,False,False,False,False,0.05731225296442688,0.28080568720379145,0.8586956521739131,0.41304347826086957,0.26345991561181437,0.8658008658008658,0.05627705627705628,0.2077922077922078,0.6623376623376623,0.40001666666666663,0.1341991341991342,0.6973214898982467
ood_perturbation_milk,clean_041_tcn_k16_no_current_proprio,and_q95_K3,seq_tcn,5,25,False,False,False,False,False,0.03557312252964427,0.13151658767772512,0.8043478260869565,0.30434782608695654,0.3282432432432432,0.670995670995671,0.0,0.12121212121212122,0.45454545454545453,0.4474623655913978,0.32900432900432897,0.3693541416341747
ood_perturbation_milk,clean_041_tcn_k8_no_current_proprio,score_q95_K3,seq_tcn,6,26,False,False,False,False,False,0.1422924901185771,0.3566350710900474,0.9782608695652174,0.75,0.1527037037037037,0.9523809523809523,0.3722943722943723,0.6536796536796536,0.8874458874458875,0.19863636363636364,0.04761904761904767,1.606022360426852
ood_perturbation_milk,clean_041_tcn_k8_no_current_proprio,score_q99_K3,seq_tcn,6,26,False,False,False,False,False,0.021739130434782608,0.14928909952606634,0.8695652173913043,0.40217391304347827,0.2892916666666667,0.8398268398268398,0.017316017316017316,0.22943722943722944,0.6753246753246753,0.36689003436426115,0.1601731601731602,0.9037249240216476
ood_perturbation_milk,clean_041_tcn_k8_no_current_proprio,score_q95_K5,seq_tcn,6,26,False,False,False,False,False,0.11462450592885376,0.31161137440758296,0.9782608695652174,0.75,0.16977777777777778,0.948051948051948,0.341991341991342,0.6147186147186147,0.8787878787878788,0.20634703196347032,0.051948051948051965,1.6008118109653244
ood_perturbation_milk,clean_041_tcn_k8_no_current_proprio,or_q95_K3,seq_tcn,6,26,False,False,False,False,False,0.37351778656126483,0.6872037914691943,1.0,0.7608695652173914,0.1588043478260869,0.987012987012987,0.3722943722943723,0.6623376623376623,0.9264069264069265,0.19551169590643275,0.012987012987012991,1.0811367182168752
ood_perturbation_milk,clean_041_tcn_k8_no_current_proprio,or_q99_K3,seq_tcn,6,26,False,False,False,False,False,0.06126482213438735,0.28791469194312796,0.8695652173913043,0.41304347826086957,0.2705,0.8744588744588745,0.017316017316017316,0.2510822510822511,0.7186147186147186,0.3546864686468647,0.1255411255411255,0.7885778021003654
ood_perturbation_milk,clean_041_tcn_k8_no_current_proprio,and_q95_K3,seq_tcn,6,26,False,False,False,False,False,0.041501976284584984,0.12559241706161137,0.8152173913043478,0.31521739130434784,0.3345333333333334,0.6536796536796536,0.004329004329004329,0.1341991341991342,0.45021645021645024,0.45083885209713037,0.34632034632034636,0.36661796202286623
ood_perturbation_milk,clean_041_tcn_k8_with_current_proprio,score_q95_K3,seq_tcn,6,26,False,False,False,False,False,0.1600790513833992,0.34360189573459715,0.9891304347826086,0.8695652173913043,0.12560439560439557,0.9523809523809523,0.48917748917748916,0.6753246753246753,0.9134199134199135,0.16436363636363635,0.04761904761904767,1.6599688861176596
ood_perturbation_milk,clean_041_tcn_k8_with_current_proprio,score_q99_K3,seq_tcn,6,26,False,False,False,False,False,0.017786561264822136,0.1457345971563981,0.8260869565217391,0.3804347826086957,0.2808333333333334,0.8484848484848485,0.017316017316017316,0.23376623376623376,0.658008658008658,0.4024149659863946,0.1515151515151515,0.9370069881351563
ood_perturbation_milk,clean_041_tcn_k8_with_current_proprio,score_q95_K5,seq_tcn,6,26,False,False,False,False,False,0.1225296442687747,0.2962085308056872,0.9782608695652174,0.8260869565217391,0.15111111111111114,0.948051948051948,0.45021645021645024,0.6103896103896104,0.9047619047619048,0.18491628614916286,0.051948051948051965,1.6113054985401984
ood_perturbation_milk,clean_041_tcn_k8_with_current_proprio,or_q95_K3,seq_tcn,6,26,False,False,False,False,False,0.3932806324110672,0.6883886255924171,1.0,0.8804347826086957,0.12528985507246373,0.987012987012987,0.4935064935064935,0.7056277056277056,0.948051948051948,0.16244152046783628,0.012987012987012991,1.1560581306872257
ood_perturbation_milk,clean_041_tcn_k8_with_current_proprio,or_q99_K3,seq_tcn,6,26,False,False,False,False,False,0.05928853754940711,0.2843601895734597,0.8586956521739131,0.41304347826086957,0.2756962025316456,0.8787878787878788,0.017316017316017316,0.2554112554112554,0.70995670995671,0.37794745484400655,0.12121212121212122,0.8122137152633752
ood_perturbation_milk,clean_041_tcn_k8_with_current_proprio,and_q95_K3,seq_tcn,6,26,False,False,False,False,False,0.03162055335968379,0.11848341232227488,0.8043478260869565,0.30434782608695654,0.3268918918918919,0.658008658008658,0.0,0.12554112554112554,0.45454545454545453,0.44263157894736843,0.34199134199134196,0.37356417193631297
ood_perturbation_milk,clean_044_lstm_k16_with_current_proprio,score_q95_K3,seq_lstm,1,21,False,False,False,False,False,0.14031620553359683,0.33175355450236965,0.9782608695652174,0.7608695652173914,0.16148148148148148,0.935064935064935,0.2597402597402597,0.42857142857142855,0.8701298701298701,0.2764660493827161,0.06493506493506496,1.1594842927523743
ood_perturbation_milk,clean_044_lstm_k16_with_current_proprio,score_q99_K3,seq_lstm,1,21,False,False,False,False,False,0.03162055335968379,0.14099526066350712,0.8913043478260869,0.358695652173913,0.3145934959349594,0.7965367965367965,0.03896103896103896,0.19480519480519481,0.6190476190476191,0.3961050724637681,0.20346320346320346,0.7553808150088801
ood_perturbation_milk,clean_044_lstm_k16_with_current_proprio,score_q95_K5,seq_lstm,1,21,False,False,False,False,False,0.116600790513834,0.30450236966824645,0.9782608695652174,0.7391304347826086,0.17314814814814813,0.922077922077922,0.22077922077922077,0.4069264069264069,0.8528138528138528,0.2850860719874804,0.07792207792207795,1.1429547082493714
ood_perturbation_milk,clean_044_lstm_k16_with_current_proprio,or_q95_K3,seq_lstm,1,21,False,False,False,False,False,0.37549407114624506,0.6777251184834123,1.0,0.7934782608695652,0.16094202898550727,0.9826839826839827,0.26406926406926406,0.4675324675324675,0.922077922077922,0.26437591776798824,0.017316017316017285,0.6960981871346593
ood_perturbation_milk,clean_044_lstm_k16_with_current_proprio,or_q99_K3,seq_lstm,1,21,False,False,False,False,False,0.06521739130434782,0.2725118483412322,0.9130434782608695,0.43478260869565216,0.29503968253968255,0.8571428571428571,0.03896103896103896,0.21645021645021645,0.658008658008658,0.3947811447811448,0.1428571428571429,0.7058096790221249
ood_perturbation_milk,clean_044_lstm_k16_with_current_proprio,and_q95_K3,seq_lstm,1,21,False,False,False,False,False,0.037549407114624504,0.13151658767772512,0.8043478260869565,0.29347826086956524,0.3555405405405406,0.6103896103896104,0.0,0.12121212121212122,0.4329004329004329,0.443144208037825,0.38961038961038963,0.24715387812956324
ood_perturbation_milk,clean_044_lstm_k8_with_current_proprio,score_q95_K3,seq_lstm,3,23,False,False,False,False,False,0.17786561264822134,0.37796208530805686,0.9891304347826086,0.7934782608695652,0.13805860805860806,0.9696969696969697,0.2727272727272727,0.6493506493506493,0.8961038961038961,0.2260863095238095,0.030303030303030276,1.5822193038090422
ood_perturbation_milk,clean_044_lstm_k8_with_current_proprio,score_q99_K3,seq_lstm,3,23,False,False,False,False,False,0.03359683794466403,0.20616113744075829,0.9239130434782609,0.40217391304347827,0.3163137254901961,0.9004329004329005,0.03896103896103896,0.24242424242424243,0.7359307359307359,0.36682692307692305,0.09956709956709953,0.9596741605808164
ood_perturbation_milk,clean_044_lstm_k8_with_current_proprio,score_q95_K5,seq_lstm,3,23,False,False,False,False,False,0.12845849802371542,0.3471563981042654,0.967391304347826,0.75,0.1634831460674157,0.9696969696969697,0.22077922077922077,0.5584415584415584,0.8787878787878788,0.2544940476190476,0.030303030303030276,1.4713132101088007
ood_perturbation_milk,clean_044_lstm_k8_with_current_proprio,or_q95_K3,seq_lstm,3,23,False,False,False,False,False,0.4051383399209486,0.7049763033175356,0.9891304347826086,0.8043478260869565,0.13512820512820514,0.987012987012987,0.27705627705627706,0.683982683982684,0.9393939393939394,0.20745614035087726,0.012987012987012991,1.0819577170545647
ood_perturbation_milk,clean_044_lstm_k8_with_current_proprio,or_q99_K3,seq_lstm,3,23,False,False,False,False,False,0.07312252964426877,0.3341232227488152,0.9239130434782609,0.42391304347826086,0.30066666666666664,0.935064935064935,0.03896103896103896,0.2597402597402597,0.7878787878787878,0.35344135802469134,0.06493506493506496,0.8518642906650324
ood_perturbation_milk,clean_044_lstm_k8_with_current_proprio,and_q95_K3,seq_lstm,3,23,False,False,False,False,False,0.03557312252964427,0.1338862559241706,0.8152173913043478,0.31521739130434784,0.32466666666666666,0.670995670995671,0.0,0.12121212121212122,0.45021645021645024,0.46255913978494617,0.32900432900432897,0.3657996392645064
ood_perturbation_mug,clean_041_tcn_k16_no_current_proprio,score_q95_K3,seq_tcn,4,24,False,False,False,False,False,0.11850311850311851,0.16967871485943775,0.9897959183673469,0.7653061224489796,0.15529209621993126,0.9844559585492227,0.2694300518134715,0.6424870466321243,0.8911917098445595,0.2263684210526316,0.015544041450777257,1.9401163788219786
ood_perturbation_mug,clean_041_tcn_k16_no_current_proprio,score_q99_K3,seq_tcn,4,24,False,False,False,False,False,0.016632016632016633,0.03313253012048193,0.8469387755102041,0.45918367346938777,0.28867469879518076,0.7875647668393783,0.13989637305699482,0.32642487046632124,0.5544041450777202,0.36583333333333334,0.21243523316062174,1.169964471114668
ood_perturbation_mug,clean_041_tcn_k16_no_current_proprio,score_q95_K5,seq_tcn,4,24,False,False,False,False,False,0.10395010395010396,0.14156626506024098,0.9693877551020408,0.7142857142857143,0.16164912280701757,0.9585492227979274,0.24870466321243523,0.5958549222797928,0.844559585492228,0.23935135135135135,0.041450777202072575,1.8444838405900272
ood_perturbation_mug,clean_041_tcn_k16_no_current_proprio,or_q95_K3,seq_tcn,4,24,False,False,False,False,False,0.4282744282744283,0.5030120481927711,0.9897959183673469,0.8163265306122449,0.13934707903780066,0.9896373056994818,0.3160621761658031,0.7046632124352331,0.9481865284974094,0.1936649214659686,0.010362694300518172,1.4199457498430588
ood_perturbation_mug,clean_041_tcn_k16_no_current_proprio,or_q99_K3,seq_tcn,4,24,False,False,False,False,False,0.08108108108108109,0.12349397590361445,0.8571428571428571,0.5,0.2594444444444445,0.844559585492228,0.13989637305699482,0.38860103626943004,0.6424870466321243,0.33085889570552146,0.15544041450777202,1.2405397391273536
ood_perturbation_mug,clean_041_tcn_k16_no_current_proprio,and_q95_K3,seq_tcn,4,24,False,False,False,False,False,0.0498960498960499,0.08634538152610442,0.7551020408163265,0.20408163265306123,0.38144144144144143,0.8186528497409327,0.0,0.25906735751295334,0.5803108808290155,0.39424050632911395,0.18134715025906734,1.0009743172705903
ood_perturbation_mug,clean_041_tcn_k8_no_current_proprio,score_q95_K3,seq_tcn,3,23,False,False,False,False,False,0.1496881496881497,0.16967871485943775,0.9795918367346939,0.7551020408163265,0.15118055555555554,0.9844559585492227,0.20207253886010362,0.6476683937823834,0.8652849740932642,0.23968421052631575,0.015544041450777257,1.9348865575299812
ood_perturbation_mug,clean_041_tcn_k8_no_current_proprio,score_q99_K3,seq_tcn,3,23,False,False,False,False,False,0.02494802494802495,0.03714859437751004,0.8877551020408163,0.5102040816326531,0.27850574712643683,0.8031088082901554,0.16062176165803108,0.34196891191709844,0.6217616580310881,0.33498924731182794,0.1968911917098446,1.22195853637423
ood_perturbation_mug,clean_041_tcn_k8_no_current_proprio,score_q95_K5,seq_tcn,3,23,False,False,False,False,False,0.11850311850311851,0.1355421686746988,0.9693877551020408,0.7142857142857143,0.1615789473684211,0.9740932642487047,0.18134715025906736,0.5544041450777202,0.8238341968911918,0.2683687943262411,0.025906735751295318,1.7944300063892422
ood_perturbation_mug,clean_041_tcn_k8_no_current_proprio,or_q95_K3,seq_tcn,3,23,False,False,False,False,False,0.44282744282744285,0.5080321285140562,1.0,0.7959183673469388,0.13959183673469386,0.9948186528497409,0.21243523316062177,0.689119170984456,0.9222797927461139,0.21649305555555556,0.005181347150259086,1.384413733483588
ood_perturbation_mug,clean_041_tcn_k8_no_current_proprio,or_q99_K3,seq_tcn,3,23,False,False,False,False,False,0.08731808731808732,0.12449799196787148,0.8979591836734694,0.5408163265306123,0.25007575757575756,0.9119170984455959,0.16062176165803108,0.40414507772020725,0.7150259067357513,0.3320075757575757,0.08808290155440412,1.401718320720755
ood_perturbation_mug,clean_041_tcn_k8_no_current_proprio,and_q95_K3,seq_tcn,3,23,False,False,False,False,False,0.04781704781704782,0.08132530120481928,0.7653061224489796,0.20408163265306123,0.3888,0.8082901554404145,0.025906735751295335,0.2849740932642487,0.5854922279792746,0.3830982905982906,0.1917098445595855,1.0406320216935736
ood_perturbation_mug,clean_041_tcn_k8_with_current_proprio,score_q95_K3,seq_tcn,4,24,False,False,False,False,False,0.14345114345114346,0.17670682730923695,1.0,0.8061224489795918,0.13578231292517004,0.9792746113989638,0.2538860103626943,0.6735751295336787,0.8497409326424871,0.22701940035273369,0.020725388601036232,1.9689136691758575
ood_perturbation_mug,clean_041_tcn_k8_with_current_proprio,score_q99_K3,seq_tcn,4,24,False,False,False,False,False,0.031185031185031187,0.035140562248995984,0.826530612244898,0.4489795918367347,0.28654320987654325,0.7875647668393783,0.12435233160621761,0.33678756476683935,0.5751295336787565,0.347390350877193,0.21243523316062174,1.1804013042464256
ood_perturbation_mug,clean_041_tcn_k8_with_current_proprio,score_q95_K5,seq_tcn,4,24,False,False,False,False,False,0.11226611226611227,0.15160642570281124,0.9897959183673469,0.7653061224489796,0.15532646048109966,0.9740932642487047,0.22279792746113988,0.6062176165803109,0.8238341968911918,0.25340425531914895,0.025906735751295318,1.8770790669707584
ood_perturbation_mug,clean_041_tcn_k8_with_current_proprio,or_q95_K3,seq_tcn,4,24,False,False,False,False,False,0.4407484407484408,0.4979919678714859,1.0,0.8571428571428571,0.12428571428571425,0.9948186528497409,0.27461139896373055,0.7305699481865285,0.9326424870466321,0.19565972222222225,0.005181347150259086,1.4834150298910895
ood_perturbation_mug,clean_041_tcn_k8_with_current_proprio,or_q99_K3,seq_tcn,4,24,False,False,False,False,False,0.0893970893970894,0.12349397590361445,0.8469387755102041,0.47959183673469385,0.2689959839357429,0.8549222797927462,0.12435233160621761,0.39896373056994816,0.6580310880829016,0.32773737373737377,0.14507772020725385,1.2778325121714222
ood_perturbation_mug,clean_041_tcn_k8_with_current_proprio,and_q95_K3,seq_tcn,4,24,False,False,False,False,False,0.04781704781704782,0.09337349397590361,0.7551020408163265,0.20408163265306123,0.3770720720720721,0.7979274611398963,0.02072538860103627,0.27461139896373055,0.5492227979274611,0.39948051948051944,0.20207253886010368,0.9811089553348744
ood_perturbation_mug,clean_044_lstm_k16_with_current_proprio,score_q95_K3,seq_lstm,3,23,False,False,False,False,False,0.14760914760914762,0.19779116465863453,0.9897959183673469,0.7857142857142857,0.1427147766323024,0.9792746113989638,0.27461139896373055,0.6632124352331606,0.8963730569948186,0.22049382716049387,0.020725388601036232,1.9144827724717235
ood_perturbation_mug,clean_044_lstm_k16_with_current_proprio,score_q99_K3,seq_lstm,3,23,False,False,False,False,False,0.031185031185031187,0.03313253012048193,0.8571428571428571,0.3673469387755102,0.34535714285714286,0.8290155440414507,0.0,0.32124352331606215,0.5958549222797928,0.38883333333333325,0.17098445595854928,1.2352268239417872
ood_perturbation_mug,clean_044_lstm_k16_with_current_proprio,score_q95_K5,seq_lstm,3,23,False,False,False,False,False,0.11434511434511435,0.1686746987951807,0.9795918367346939,0.7551020408163265,0.15409722222222225,0.9792746113989638,0.24352331606217617,0.6217616580310881,0.8652849740932642,0.24566137566137564,0.020725388601036232,1.8918879334947754
ood_perturbation_mug,clean_044_lstm_k16_with_current_proprio,or_q95_K3,seq_lstm,3,23,False,False,False,False,False,0.4490644490644491,0.5220883534136547,0.9897959183673469,0.826530612244898,0.12859106529209618,0.9844559585492227,0.29533678756476683,0.7046632124352331,0.9430051813471503,0.19840350877192986,0.015544041450777257,1.370573587316205
ood_perturbation_mug,clean_044_lstm_k16_with_current_proprio,or_q99_K3,seq_lstm,3,23,False,False,False,False,False,0.08731808731808732,0.12349397590361445,0.8673469387755102,0.40816326530612246,0.3115686274509804,0.8911917098445595,0.0,0.36787564766839376,0.6787564766839378,0.3643992248062016,0.10880829015544047,1.2892347075114414
ood_perturbation_mug,clean_044_lstm_k16_with_current_proprio,and_q95_K3,seq_lstm,3,23,False,False,False,False,False,0.04573804573804574,0.09036144578313253,0.7653061224489796,0.20408163265306123,0.38439999999999996,0.8186528497409327,0.02072538860103627,0.26424870466321243,0.5699481865284974,0.3980379746835443,0.18134715025906734,1.0073919172645684
ood_perturbation_mug,clean_044_lstm_k8_with_current_proprio,score_q95_K3,seq_lstm,1,21,False,False,False,False,False,0.14760914760914762,0.1757028112449799,1.0,0.7244897959183674,0.15462585034013604,0.9948186528497409,0.24352331606217617,0.6010362694300518,0.8601036269430051,0.24668402777777776,0.005181347150259086,1.8543510538875416
ood_perturbation_mug,clean_044_lstm_k8_with_current_proprio,score_q99_K3,seq_lstm,1,21,False,False,False,False,False,0.0395010395010395,0.045180722891566265,0.8979591836734694,0.46938775510204084,0.27704545454545454,0.8238341968911918,0.19689119170984457,0.3626943005181347,0.6113989637305699,0.33733752620545077,0.17616580310880825,1.285535390730784
ood_perturbation_mug,clean_044_lstm_k8_with_current_proprio,score_q95_K5,seq_lstm,1,21,False,False,False,False,False,0.1101871101871102,0.14156626506024098,0.9897959183673469,0.673469387755102,0.18189003436426118,0.9948186528497409,0.23316062176165803,0.5544041450777202,0.8186528497409327,0.27281249999999996,0.005181347150259086,1.8310026431710056
ood_perturbation_mug,clean_044_lstm_k8_with_current_proprio,or_q95_K3,seq_lstm,1,21,False,False,False,False,False,0.44490644490644493,0.5210843373493976,1.0,0.7653061224489796,0.13751700680272105,0.9948186528497409,0.24870466321243523,0.6373056994818653,0.9222797927461139,0.22102430555555555,0.005181347150259086,1.2601689761858934
ood_perturbation_mug,clean_044_lstm_k8_with_current_proprio,or_q99_K3,seq_lstm,1,21,False,False,False,False,False,0.09563409563409564,0.12650602409638553,0.9183673469387755,0.5,0.2527777777777777,0.8808290155440415,0.19689119170984457,0.40932642487046633,0.6683937823834197,0.3251764705882353,0.11917098445595853,1.3427347968673895
ood_perturbation_mug,clean_044_lstm_k8_with_current_proprio,and_q95_K3,seq_lstm,1,21,False,False,False,False,False,0.056133056133056136,0.07730923694779117,0.7755102040816326,0.20408163265306123,0.3946491228070176,0.8134715025906736,0.031088082901554404,0.27461139896373055,0.5906735751295337,0.38615711252653934,0.18652849740932642,1.0321354196205936
ood_perturbation_object,clean_041_tcn_k16_no_current_proprio,score_q95_K3,seq_tcn,4,24,False,False,False,False,False,0.1261061946902655,0.0839041095890411,0.9821428571428571,0.7053571428571429,0.17648484848484855,0.944,0.344,0.728,0.872,0.17474576271186437,0.05600000000000005,2.1550907382713054
ood_perturbation_object,clean_041_tcn_k16_no_current_proprio,score_q99_K3,seq_tcn,4,24,False,False,False,False,False,0.017699115044247787,0.016267123287671232,0.8482142857142857,0.36607142857142855,0.3498596491228071,0.792,0.056,0.416,0.736,0.2657912457912458,0.20799999999999996,1.3827497575463694
ood_perturbation_object,clean_041_tcn_k16_no_current_proprio,score_q95_K5,seq_tcn,4,24,False,False,False,False,False,0.10619469026548672,0.0702054794520548,0.9821428571428571,0.6607142857142857,0.2013030303030303,0.928,0.328,0.696,0.872,0.17951149425287355,0.07199999999999995,2.089594435689174
ood_perturbation_object,clean_041_tcn_k16_no_current_proprio,or_q95_K3,seq_tcn,4,24,False,False,False,False,False,0.3584070796460177,0.22602739726027396,1.0,0.7232142857142857,0.16827380952380952,0.976,0.344,0.752,0.912,0.1669125683060109,0.02400000000000002,1.9377553642865801
ood_perturbation_object,clean_041_tcn_k16_no_current_proprio,or_q99_K3,seq_tcn,4,24,False,False,False,False,False,0.05530973451327434,0.025684931506849314,0.8660714285714286,0.39285714285714285,0.33233676975945015,0.808,0.056,0.448,0.76,0.2587788778877888,0.19199999999999995,1.445817735483089
ood_perturbation_object,clean_041_tcn_k16_no_current_proprio,and_q95_K3,seq_tcn,4,24,False,False,False,False,False,0.035398230088495575,0.018835616438356163,0.7589285714285714,0.19642857142857142,0.4120392156862746,0.704,0.0,0.256,0.592,0.34094696969696964,0.29600000000000004,0.8740474602982178
ood_perturbation_object,clean_041_tcn_k8_no_current_proprio,score_q95_K3,seq_tcn,7,27,False,False,False,False,False,0.12831858407079647,0.06506849315068493,0.9821428571428571,0.7232142857142857,0.17233333333333337,0.944,0.392,0.736,0.888,0.16960451977401125,0.05600000000000005,2.1982379682385744
ood_perturbation_object,clean_041_tcn_k8_no_current_proprio,score_q99_K3,seq_tcn,7,27,False,False,False,False,False,0.01991150442477876,0.015410958904109588,0.8482142857142857,0.4017857142857143,0.33407017543859646,0.832,0.04,0.408,0.752,0.2794551282051282,0.16800000000000004,1.446927809431446
ood_perturbation_object,clean_041_tcn_k8_no_current_proprio,score_q95_K5,seq_tcn,7,27,False,False,False,False,False,0.11061946902654868,0.05565068493150685,0.9732142857142857,0.6517857142857143,0.1972477064220183,0.936,0.368,0.704,0.88,0.17626780626780628,0.06399999999999995,2.141214238089465
ood_perturbation_object,clean_041_tcn_k8_no_current_proprio,or_q95_K3,seq_tcn,7,27,False,False,False,False,False,0.3606194690265487,0.2106164383561644,1.0,0.7410714285714286,0.16916666666666666,0.976,0.392,0.744,0.928,0.16297814207650274,0.02400000000000002,1.9437656079524792
ood_perturbation_object,clean_041_tcn_k8_no_current_proprio,or_q99_K3,seq_tcn,7,27,False,False,False,False,False,0.05752212389380531,0.02482876712328767,0.8482142857142857,0.42857142857142855,0.32038596491228066,0.832,0.04,0.44,0.76,0.2693589743589744,0.16800000000000004,1.4779957873681657
ood_perturbation_object,clean_041_tcn_k8_no_current_proprio,and_q95_K3,seq_tcn,7,27,False,False,False,False,False,0.035398230088495575,0.017123287671232876,0.7589285714285714,0.19642857142857142,0.4016470588235294,0.704,0.0,0.272,0.6,0.33602272727272725,0.29600000000000004,0.9086159534489029
ood_perturbation_object,clean_041_tcn_k8_with_current_proprio,score_q95_K3,seq_tcn,6,26,False,False,False,False,False,0.13274336283185842,0.07876712328767123,0.9821428571428571,0.7053571428571429,0.17181818181818187,0.968,0.384,0.768,0.912,0.1633608815426997,0.03200000000000003,2.2874776336525637
ood_perturbation_object,clean_041_tcn_k8_with_current_proprio,score_q99_K3,seq_tcn,6,26,False,False,False,False,False,0.024336283185840708,0.014554794520547944,0.875,0.4017857142857143,0.3316666666666666,0.832,0.104,0.432,0.736,0.2749679487179487,0.16800000000000004,1.4939996666262574
ood_perturbation_object,clean_041_tcn_k8_with_current_proprio,score_q95_K5,seq_tcn,6,26,False,False,False,False,False,0.11061946902654868,0.06592465753424658,0.9642857142857143,0.6785714285714286,0.1842592592592592,0.952,0.352,0.744,0.888,0.1777591036414566,0.04800000000000004,2.2378032791853557
ood_perturbation_object,clean_041_tcn_k8_with_current_proprio,or_q95_K3,seq_tcn,6,26,False,False,False,False,False,0.36504424778761063,0.22345890410958905,1.0,0.7410714285714286,0.16747023809523812,0.976,0.384,0.784,0.928,0.1565846994535519,0.02400000000000002,2.002289519941811
ood_perturbation_object,clean_041_tcn_k8_with_current_proprio,or_q99_K3,seq_tcn,6,26,False,False,False,False,False,0.061946902654867256,0.023116438356164382,0.8839285714285714,0.41964285714285715,0.3179461279461279,0.84,0.104,0.464,0.76,0.2624761904761905,0.16000000000000003,1.54235189113832
ood_perturbation_object,clean_041_tcn_k8_with_current_proprio,and_q95_K3,seq_tcn,6,26,False,False,False,False,False,0.035398230088495575,0.017123287671232876,0.7589285714285714,0.1875,0.40670588235294125,0.728,0.0,0.264,0.6,0.3392673992673993,0.272,0.9406159534489029
ood_perturbation_object,clean_044_lstm_k16_with_current_proprio,score_q95_K3,seq_lstm,4,24,False,False,False,False,False,0.12389380530973451,0.08047945205479452,0.9821428571428571,0.6339285714285714,0.1848787878787879,0.984,0.376,0.688,0.912,0.18612466124661248,0.016000000000000014,2.161333919262941
ood_perturbation_object,clean_044_lstm_k16_with_current_proprio,score_q99_K3,seq_lstm,4,24,False,False,False,False,False,0.017699115044247787,0.010273972602739725,0.7857142857142857,0.3482142857142857,0.3466666666666667,0.808,0.0,0.28,0.704,0.3365346534653465,0.19199999999999995,1.1517394835737667
ood_perturbation_object,clean_044_lstm_k16_with_current_proprio,score_q95_K5,seq_lstm,4,24,False,False,False,False,False,0.11283185840707964,0.0625,0.9732142857142857,0.6160714285714286,0.19990825688073394,0.96,0.352,0.664,0.888,0.19641666666666666,0.040000000000000036,2.0978340707964604
ood_perturbation_object,clean_044_lstm_k16_with_current_proprio,or_q95_K3,seq_lstm,4,24,False,False,False,False,False,0.35398230088495575,0.22945205479452055,1.0,0.6875,0.1695238095238095,0.984,0.376,0.712,0.944,0.16918699186991876,0.016000000000000014,1.8708307673657412
ood_perturbation_object,clean_044_lstm_k16_with_current_proprio,or_q99_K3,seq_lstm,4,24,False,False,False,False,False,0.05752212389380531,0.02054794520547945,0.8125,0.38392857142857145,0.3304761904761904,0.808,0.0,0.32,0.736,0.3141914191419142,0.19199999999999995,1.196417020244878
ood_perturbation_object,clean_044_lstm_k16_with_current_proprio,and_q95_K3,seq_lstm,4,24,False,False,False,False,False,0.030973451327433628,0.014554794520547944,0.7410714285714286,0.1875,0.41192771084337354,0.712,0.0,0.256,0.584,0.3505992509363296,0.28800000000000003,0.8986810825554612
ood_perturbation_object,clean_044_lstm_k8_with_current_proprio,score_q95_K3,seq_lstm,3,23,False,False,False,False,False,0.14601769911504425,0.08818493150684932,0.9910714285714286,0.6696428571428571,0.19939939939939946,0.968,0.336,0.776,0.928,0.15942148760330577,0.03200000000000003,2.2827137531822035
ood_perturbation_object,clean_044_lstm_k8_with_current_proprio,score_q99_K3,seq_lstm,3,23,False,False,False,False,False,0.017699115044247787,0.01113013698630137,0.8125,0.30357142857142855,0.3712820512820512,0.776,0.0,0.248,0.672,0.34154639175257734,0.22399999999999998,1.022455236998424
ood_perturbation_object,clean_044_lstm_k8_with_current_proprio,score_q95_K5,seq_lstm,3,23,False,False,False,False,False,0.12168141592920353,0.0702054794520548,0.9821428571428571,0.625,0.21260606060606055,0.96,0.328,0.736,0.912,0.17097222222222222,0.040000000000000036,2.2258510728573158
ood_perturbation_object,clean_044_lstm_k8_with_current_proprio,or_q95_K3,seq_lstm,3,23,False,False,False,False,False,0.37610619469026546,0.23715753424657535,1.0,0.7053571428571429,0.1809821428571429,0.976,0.336,0.784,0.944,0.15390710382513664,0.02400000000000002,1.976210601285004
ood_perturbation_object,clean_044_lstm_k8_with_current_proprio,or_q99_K3,seq_lstm,3,23,False,False,False,False,False,0.05530973451327434,0.019691780821917807,0.8392857142857143,0.33035714285714285,0.3602836879432623,0.784,0.0,0.296,0.704,0.3215646258503401,0.21599999999999997,1.102807461510486
ood_perturbation_object,clean_044_lstm_k8_with_current_proprio,and_q95_K3,seq_lstm,3,23,False,False,False,False,False,0.0420353982300885,0.014554794520547944,0.75,0.1875,0.4259920634920635,0.712,0.0,0.264,0.584,0.34123595505617976,0.28800000000000003,0.9091501091041339
ood_task_8_9,clean_041_tcn_k16_no_current_proprio,score_q95_K3,seq_tcn,2,22,False,False,False,False,False,0.15212981744421908,0.2857142857142857,0.9833333333333333,0.6833333333333333,0.1645480225988701,0.9444444444444444,0.2638888888888889,0.6388888888888888,0.7638888888888888,0.2638235294117647,0.05555555555555558,1.6620303293731287
ood_task_8_9,clean_041_tcn_k16_no_current_proprio,score_q99_K3,seq_tcn,2,22,False,False,False,False,False,0.05070993914807302,0.21428571428571427,0.9166666666666666,0.425,0.2909090909090909,0.75,0.18055555555555555,0.4027777777777778,0.6111111111111112,0.28654320987654325,0.25,0.9587720145529477
ood_task_8_9,clean_041_tcn_k16_no_current_proprio,score_q95_K5,seq_tcn,2,22,False,False,False,False,False,0.12373225152129817,0.27692307692307694,0.9833333333333333,0.6666666666666666,0.17463276836158192,0.9305555555555556,0.20833333333333334,0.6388888888888888,0.7638888888888888,0.2657213930348259,0.06944444444444442,1.6616381477436242
ood_task_8_9,clean_041_tcn_k16_no_current_proprio,or_q95_K3,seq_tcn,2,22,False,False,False,False,False,0.43610547667342797,0.46923076923076923,1.0,0.75,0.1496111111111111,0.9583333333333334,0.2638888888888889,0.6527777777777778,0.875,0.2069565217391304,0.04166666666666663,1.3003233300393546
ood_task_8_9,clean_041_tcn_k16_no_current_proprio,or_q99_K3,seq_tcn,2,22,False,False,False,False,False,0.0973630831643002,0.25824175824175827,0.9333333333333333,0.4666666666666667,0.26261904761904764,0.9027777777777778,0.18055555555555555,0.5,0.7222222222222222,0.3098461538461539,0.09722222222222221,1.369511376610768
ood_task_8_9,clean_041_tcn_k16_no_current_proprio,and_q95_K3,seq_tcn,2,22,False,False,False,False,False,0.04259634888438134,0.08241758241758242,0.7416666666666667,0.20833333333333334,0.40344569288389515,0.8333333333333334,0.0,0.3888888888888889,0.5833333333333334,0.39405555555555566,0.16666666666666663,1.2995198963758803
ood_task_8_9,clean_041_tcn_k8_no_current_proprio,score_q95_K3,seq_tcn,7,27,False,False,False,False,False,0.14807302231237324,0.3208791208791209,0.9916666666666667,0.7916666666666666,0.14268907563025213,1.0,0.2638888888888889,0.6111111111111112,0.9305555555555556,0.23717592592592596,0.0,1.6668670297473542
ood_task_8_9,clean_041_tcn_k8_no_current_proprio,score_q99_K3,seq_tcn,7,27,False,False,False,False,False,0.04665314401622718,0.17692307692307693,0.9166666666666666,0.44166666666666665,0.29978787878787877,0.8888888888888888,0.18055555555555555,0.375,0.625,0.3736979166666667,0.11111111111111116,1.2390665903850488
ood_task_8_9,clean_041_tcn_k8_no_current_proprio,score_q95_K5,seq_tcn,7,27,False,False,False,False,False,0.1359026369168357,0.2978021978021978,0.9916666666666667,0.725,0.16274509803921566,0.9861111111111112,0.2638888888888889,0.5972222222222222,0.875,0.2493427230046948,0.01388888888888884,1.652012051504952
ood_task_8_9,clean_041_tcn_k8_no_current_proprio,or_q95_K3,seq_tcn,7,27,False,False,False,False,False,0.4259634888438134,0.4912087912087912,1.0,0.8666666666666667,0.13344444444444442,1.0,0.2638888888888889,0.625,1.0,0.19972222222222222,0.0,1.3002050687649065
ood_task_8_9,clean_041_tcn_k8_no_current_proprio,or_q99_K3,seq_tcn,7,27,False,False,False,False,False,0.09127789046653144,0.22197802197802197,0.9416666666666667,0.475,0.28693215339233036,0.9444444444444444,0.18055555555555555,0.4583333333333333,0.75,0.32524509803921564,0.05555555555555558,1.426949577355257
ood_task_8_9,clean_041_tcn_k8_no_current_proprio,and_q95_K3,seq_tcn,7,27,False,False,False,False,False,0.06490872210953347,0.07802197802197802,0.7666666666666667,0.23333333333333334,0.3889855072463769,0.8611111111111112,0.0,0.4027777777777778,0.6111111111111112,0.3939247311827958,0.13888888888888884,1.378290449690044
ood_task_8_9,clean_041_tcn_k8_with_current_proprio,score_q95_K3,seq_tcn,5,25,False,False,False,False,False,0.15010141987829614,0.2868131868131868,0.9916666666666667,0.7916666666666666,0.15064425770308126,0.9722222222222222,0.2638888888888889,0.5972222222222222,0.8055555555555556,0.2622380952380953,0.02777777777777779,1.6336183987299604
ood_task_8_9,clean_041_tcn_k8_with_current_proprio,score_q99_K3,seq_tcn,5,25,False,False,False,False,False,0.05070993914807302,0.2153846153846154,0.9333333333333333,0.48333333333333334,0.26553571428571426,0.8055555555555556,0.18055555555555555,0.4722222222222222,0.6666666666666666,0.293448275862069,0.19444444444444442,1.207123662904596
ood_task_8_9,clean_041_tcn_k8_with_current_proprio,score_q95_K5,seq_tcn,5,25,False,False,False,False,False,0.1257606490872211,0.2725274725274725,0.9833333333333333,0.7666666666666667,0.15847457627118638,0.9722222222222222,0.25,0.5972222222222222,0.8055555555555556,0.27571428571428575,0.02777777777777779,1.6672173555540697
ood_task_8_9,clean_041_tcn_k8_with_current_proprio,or_q95_K3,seq_tcn,5,25,False,False,False,False,False,0.4300202839756592,0.4758241758241758,1.0,0.8666666666666667,0.1336388888888889,0.9722222222222222,0.2638888888888889,0.625,0.8888888888888888,0.21342857142857138,0.02777777777777779,1.2656980387203514
ood_task_8_9,clean_041_tcn_k8_with_current_proprio,or_q99_K3,seq_tcn,5,25,False,False,False,False,False,0.09330628803245436,0.25824175824175827,0.95,0.5083333333333333,0.2544444444444445,0.9166666666666666,0.18055555555555555,0.5138888888888888,0.75,0.3029292929292929,0.08333333333333337,1.4270953297322464
ood_task_8_9,clean_041_tcn_k8_with_current_proprio,and_q95_K3,seq_tcn,5,25,False,False,False,False,False,0.05070993914807302,0.07582417582417582,0.7666666666666667,0.24166666666666667,0.3819202898550724,0.8611111111111112,0.0,0.4027777777777778,0.6111111111111112,0.39333333333333337,0.13888888888888884,1.3886865444674776
ood_task_8_9,clean_044_lstm_k16_with_current_proprio,score_q95_K3,seq_lstm,4,24,False,False,False,False,False,0.15415821501014199,0.3142857142857143,1.0,0.8083333333333333,0.1401111111111111,0.9583333333333334,0.3472222222222222,0.7083333333333334,0.8888888888888888,0.20429951690821255,0.04166666666666663,1.784825654399691
ood_task_8_9,clean_044_lstm_k16_with_current_proprio,score_q99_K3,seq_lstm,4,24,False,False,False,False,False,0.04665314401622718,0.06813186813186813,0.95,0.43333333333333335,0.3211111111111111,0.8611111111111112,0.1388888888888889,0.4305555555555556,0.7222222222222222,0.3006451612903226,0.13888888888888884,1.4578089591274177
ood_task_8_9,clean_044_lstm_k16_with_current_proprio,score_q95_K5,seq_lstm,4,24,False,False,False,False,False,0.12778904665314403,0.2824175824175824,1.0,0.7416666666666667,0.16208333333333333,0.9444444444444444,0.20833333333333334,0.6527777777777778,0.8333333333333334,0.2495588235294118,0.05555555555555558,1.7069235474914988
ood_task_8_9,clean_044_lstm_k16_with_current_proprio,or_q95_K3,seq_lstm,4,24,False,False,False,False,False,0.4300202839756592,0.49340659340659343,1.0,0.8583333333333333,0.12327777777777778,0.9722222222222222,0.3472222222222222,0.7222222222222222,0.9583333333333334,0.16709523809523805,0.02777777777777779,1.4337688567911688
ood_task_8_9,clean_044_lstm_k16_with_current_proprio,or_q99_K3,seq_lstm,4,24,False,False,False,False,False,0.08924949290060852,0.10989010989010989,0.9666666666666667,0.475,0.3059195402298851,0.9305555555555556,0.1388888888888889,0.5416666666666666,0.7777777777777778,0.305273631840796,0.06944444444444442,1.7349845331589753
ood_task_8_9,clean_044_lstm_k16_with_current_proprio,and_q95_K3,seq_lstm,4,24,False,False,False,False,False,0.05070993914807302,0.07912087912087912,0.7666666666666667,0.225,0.38967391304347826,0.8333333333333334,0.0,0.4027777777777778,0.5972222222222222,0.39411111111111113,0.16666666666666663,1.328185933966867
ood_task_8_9,clean_044_lstm_k8_with_current_proprio,score_q95_K3,seq_lstm,3,23,False,False,False,False,False,0.18255578093306288,0.3252747252747253,0.9916666666666667,0.825,0.12364145658263302,0.9583333333333334,0.2222222222222222,0.6527777777777778,0.7777777777777778,0.2747826086956522,0.04166666666666663,1.643032243843603
ood_task_8_9,clean_044_lstm_k8_with_current_proprio,score_q99_K3,seq_lstm,3,23,False,False,False,False,False,0.05273833671399594,0.12857142857142856,0.9333333333333333,0.49166666666666664,0.28830357142857144,0.875,0.1527777777777778,0.4583333333333333,0.6111111111111112,0.35021164021164014,0.125,1.4474403554525257
ood_task_8_9,clean_044_lstm_k8_with_current_proprio,score_q95_K5,seq_lstm,3,23,False,False,False,False,False,0.15618661257606492,0.2857142857142857,0.9833333333333333,0.7916666666666666,0.13946327683615817,0.9305555555555556,0.18055555555555555,0.625,0.75,0.2834328358208955,0.06944444444444442,1.6044463762516499
ood_task_8_9,clean_044_lstm_k8_with_current_proprio,or_q95_K3,seq_lstm,3,23,False,False,False,False,False,0.4543610547667343,0.4956043956043956,1.0,0.8833333333333333,0.10630555555555556,0.9722222222222222,0.2222222222222222,0.6666666666666666,0.8888888888888888,0.21390476190476188,0.02777777777777779,1.307190656987817
ood_task_8_9,clean_044_lstm_k8_with_current_proprio,or_q99_K3,seq_lstm,3,23,False,False,False,False,False,0.09533468559837728,0.16923076923076924,0.95,0.5083333333333333,0.2739766081871345,0.9166666666666666,0.1527777777777778,0.5138888888888888,0.75,0.31101010101010096,0.08333333333333337,1.5595976144657682
ood_task_8_9,clean_044_lstm_k8_with_current_proprio,and_q95_K3,seq_lstm,3,23,False,False,False,False,False,0.05273833671399594,0.07142857142857142,0.75,0.21666666666666667,0.3978888888888889,0.8472222222222222,0.0,0.4027777777777778,0.5833333333333334,0.4115846994535519,0.1527777777777778,1.3664879745001448
target_object_fold00,clean_041_tcn_k16_no_current_proprio,score_q95_K3,seq_tcn,5,25,False,False,False,False,False,0.19852941176470587,0.27488151658767773,1.0,0.6666666666666666,0.23555555555555555,0.9523809523809523,0.0,0.16666666666666666,0.8809523809523809,0.3364166666666667,0.04761904761904767,0.7265082573313684
target_object_fold00,clean_041_tcn_k16_no_current_proprio,score_q99_K3,seq_tcn,5,25,False,False,False,False,False,0.03676470588235294,0.06635071090047394,0.8571428571428571,0.2857142857142857,0.42777777777777776,0.6666666666666666,0.0,0.0,0.47619047619047616,0.44654761904761914,0.33333333333333337,0.21542491404144581
target_object_fold00,clean_041_tcn_k16_no_current_proprio,score_q95_K5,seq_tcn,5,25,False,False,False,False,False,0.15441176470588236,0.24170616113744076,1.0,0.6666666666666666,0.2528571428571429,0.9285714285714286,0.0,0.047619047619047616,0.8095238095238095,0.3624786324786325,0.0714285714285714,0.51261582832185
target_object_fold00,clean_041_tcn_k16_no_current_proprio,or_q95_K3,seq_tcn,5,25,False,False,False,False,False,0.39705882352941174,0.4881516587677725,1.0,0.7619047619047619,0.19492063492063494,1.0,0.0,0.38095238095238093,0.9761904761904762,0.3031746031746032,0.0,0.8311478619883974
target_object_fold00,clean_041_tcn_k16_no_current_proprio,or_q99_K3,seq_tcn,5,25,False,False,False,False,False,0.08823529411764706,0.12322274881516587,0.9523809523809523,0.38095238095238093,0.4168333333333334,0.8333333333333334,0.0,0.047619047619047616,0.5714285714285714,0.45676190476190476,0.16666666666666663,0.5329529916231897
target_object_fold00,clean_041_tcn_k16_no_current_proprio,and_q95_K3,seq_tcn,5,25,False,False,False,False,False,0.051470588235294115,0.04265402843601896,0.8571428571428571,0.2857142857142857,0.40722222222222215,0.5952380952380952,0.0,0.023809523809523808,0.3333333333333333,0.44799999999999995,0.40476190476190477,0.14837890132356246
target_object_fold00,clean_041_tcn_k8_no_current_proprio,score_q95_K3,seq_tcn,8,28,False,False,False,False,False,0.17647058823529413,0.4028436018957346,1.0,0.7619047619047619,0.20428571428571432,0.9523809523809523,0.0,0.5,0.9047619047619048,0.29325,0.04761904761904767,1.2122612078006558
target_object_fold00,clean_041_tcn_k8_no_current_proprio,score_q99_K3,seq_tcn,8,28,False,False,False,False,False,0.058823529411764705,0.11374407582938388,0.9047619047619048,0.3333333333333333,0.40929824561403505,0.7857142857142857,0.0,0.023809523809523808,0.6190476190476191,0.4251515151515151,0.2142857142857143,0.4190197405976608
target_object_fold00,clean_041_tcn_k8_no_current_proprio,score_q95_K5,seq_tcn,8,28,False,False,False,False,False,0.1323529411764706,0.3127962085308057,1.0,0.6666666666666666,0.2473015873015873,0.9523809523809523,0.0,0.23809523809523808,0.8571428571428571,0.3255,0.04761904761904767,0.8455815975679368
target_object_fold00,clean_041_tcn_k8_no_current_proprio,or_q95_K3,seq_tcn,8,28,False,False,False,False,False,0.38235294117647056,0.5829383886255924,1.0,0.8571428571428571,0.1815873015873016,1.0,0.0,0.5714285714285714,1.0,0.27309523809523806,0.0,1.077273089330519
target_object_fold00,clean_041_tcn_k8_no_current_proprio,or_q99_K3,seq_tcn,8,28,False,False,False,False,False,0.09558823529411764,0.15639810426540285,0.9523809523809523,0.42857142857142855,0.3845,0.9285714285714286,0.0,0.07142857142857142,0.7142857142857143,0.4374358974358974,0.0714285714285714,0.7176087259548369
target_object_fold00,clean_041_tcn_k8_no_current_proprio,and_q95_K3,seq_tcn,8,28,False,False,False,False,False,0.07352941176470588,0.04265402843601896,0.9047619047619048,0.3333333333333333,0.38807017543859645,0.5476190476190477,0.0,0.047619047619047616,0.35714285714285715,0.4314492753623188,0.45238095238095233,0.08973044193980917
target_object_fold00,clean_041_tcn_k8_with_current_proprio,score_q95_K3,seq_tcn,3,23,False,False,False,False,False,0.14705882352941177,0.24644549763033174,1.0,0.6666666666666666,0.2663492063492063,0.9047619047619048,0.0,0.2857142857142857,0.8571428571428571,0.32394736842105265,0.09523809523809523,0.9377547227421775
target_object_fold00,clean_041_tcn_k8_with_current_proprio,score_q99_K3,seq_tcn,3,23,False,False,False,False,False,0.03676470588235294,0.07582938388625593,0.8571428571428571,0.2857142857142857,0.4048148148148148,0.7142857142857143,0.0,0.023809523809523808,0.5714285714285714,0.40277777777777773,0.2857142857142857,0.3440640474199157
target_object_fold00,clean_041_tcn_k8_with_current_proprio,score_q95_K5,seq_tcn,3,23,False,False,False,False,False,0.1323529411764706,0.23222748815165878,1.0,0.6666666666666666,0.283015873015873,0.8809523809523809,0.0,0.2619047619047619,0.8095238095238095,0.33369369369369367,0.11904761904761907,0.8711965828985622
target_object_fold00,clean_041_tcn_k8_with_current_proprio,or_q95_K3,seq_tcn,3,23,False,False,False,False,False,0.38235294117647056,0.46919431279620855,1.0,0.7619047619047619,0.2111111111111111,1.0,0.0,0.4523809523809524,0.9761904761904762,0.29341269841269846,0.0,1.0097939649793566
target_object_fold00,clean_041_tcn_k8_with_current_proprio,or_q99_K3,seq_tcn,3,23,False,False,False,False,False,0.08088235294117647,0.13744075829383887,0.9047619047619048,0.38095238095238093,0.3740350877192982,0.8809523809523809,0.0,0.09523809523809523,0.6904761904761905,0.4172072072072072,0.11904761904761907,0.7057786384696058
target_object_fold00,clean_041_tcn_k8_with_current_proprio,and_q95_K3,seq_tcn,3,23,False,False,False,False,False,0.058823529411764705,0.05687203791469194,0.9047619047619048,0.3333333333333333,0.39789473684210525,0.5238095238095238,0.0,0.047619047619047616,0.3333333333333333,0.475,0.47619047619047616,0.028137321279222638
target_object_fold00,clean_044_lstm_k16_with_current_proprio,score_q95_K3,seq_lstm,1,21,False,False,False,False,False,0.11029411764705882,0.18009478672985782,1.0,0.6666666666666666,0.31428571428571433,0.9047619047619048,0.0,0.023809523809523808,0.7857142857142857,0.3843859649122808,0.09523809523809523,0.5318536182245409
target_object_fold00,clean_044_lstm_k16_with_current_proprio,score_q99_K3,seq_lstm,1,21,False,False,False,False,False,0.03676470588235294,0.03317535545023697,0.8095238095238095,0.09523809523809523,0.44196078431372543,0.6428571428571429,0.0,0.0,0.42857142857142855,0.4843209876543209,0.3571428571428571,0.21756889959775383
target_object_fold00,clean_044_lstm_k16_with_current_proprio,score_q95_K5,seq_lstm,1,21,False,False,False,False,False,0.11029411764705882,0.12322274881516587,1.0,0.5238095238095238,0.3388888888888889,0.8809523809523809,0.0,0.0,0.7142857142857143,0.41621621621621624,0.11904761904761907,0.5219235798584836
target_object_fold00,clean_044_lstm_k16_with_current_proprio,or_q95_K3,seq_lstm,1,21,False,False,False,False,False,0.3602941176470588,0.4265402843601896,1.0,0.7142857142857143,0.2725396825396825,0.9761904761904762,0.0,0.3333333333333333,0.9047619047619048,0.32113821138211385,0.023809523809523836,0.7990901336838051
target_object_fold00,clean_044_lstm_k16_with_current_proprio,or_q99_K3,seq_lstm,1,21,False,False,False,False,False,0.08823529411764706,0.10426540284360189,0.9047619047619048,0.19047619047619047,0.40543859649122804,0.8333333333333334,0.0,0.047619047619047616,0.5476190476190477,0.4703809523809524,0.16666666666666663,0.5613890105805357
target_object_fold00,clean_044_lstm_k16_with_current_proprio,and_q95_K3,seq_lstm,1,21,False,False,False,False,False,0.08088235294117647,0.05687203791469194,0.8571428571428571,0.3333333333333333,0.39018518518518513,0.6190476190476191,0.0,0.0,0.30952380952380953,0.5211538461538462,0.38095238095238093,0.11234600475261197
target_object_fold00,clean_044_lstm_k8_with_current_proprio,score_q95_K3,seq_lstm,2,22,False,False,False,False,False,0.15441176470588236,0.2890995260663507,1.0,0.6190476190476191,0.23015873015873017,0.9523809523809523,0.0,0.2619047619047619,0.8809523809523809,0.32558333333333334,0.04761904761904767,0.9177162571189614
target_object_fold00,clean_044_lstm_k8_with_current_proprio,score_q99_K3,seq_lstm,2,22,False,False,False,False,False,0.029411764705882353,0.03317535545023697,0.7142857142857143,0.19047619047619047,0.4275555555555555,0.5952380952380952,0.0,0.0,0.3333333333333333,0.4810666666666667,0.40476190476190477,0.12600727494789388
target_object_fold00,clean_044_lstm_k8_with_current_proprio,score_q95_K5,seq_lstm,2,22,False,False,False,False,False,0.13970588235294118,0.2559241706161137,0.9523809523809523,0.6190476190476191,0.20983333333333337,0.9523809523809523,0.0,0.16666666666666666,0.8809523809523809,0.34058333333333335,0.04761904761904767,0.7843560409945968
target_object_fold00,clean_044_lstm_k8_with_current_proprio,or_q95_K3,seq_lstm,2,22,False,False,False,False,False,0.375,0.4834123222748815,1.0,0.7142857142857143,0.20126984126984127,1.0,0.0,0.42857142857142855,0.9523809523809523,0.29222222222222227,0.0,0.9445243737305349
target_object_fold00,clean_044_lstm_k8_with_current_proprio,or_q99_K3,seq_lstm,2,22,False,False,False,False,False,0.08088235294117647,0.10426540284360189,0.9047619047619048,0.2857142857142857,0.4401754385964912,0.8571428571428571,0.0,0.047619047619047616,0.5476190476190477,0.4602777777777777,0.1428571428571429,0.6126845287878184
target_object_fold00,clean_044_lstm_k8_with_current_proprio,and_q95_K3,seq_lstm,2,22,False,False,False,False,False,0.0661764705882353,0.037914691943127965,0.9047619047619048,0.3333333333333333,0.4035087719298246,0.5238095238095238,0.0,0.0,0.3333333333333333,0.4716666666666667,0.47619047619047616,-0.042341225589761944
target_object_fold01,clean_041_tcn_k16_no_current_proprio,score_q95_K3,seq_tcn,3,23,False,False,False,False,False,0.2196969696969697,0.5660377358490566,1.0,0.5652173913043478,0.28710144927536235,1.0,0.525,0.7,0.95,0.18675,0.0,1.44109491137793
target_object_fold01,clean_041_tcn_k16_no_current_proprio,score_q99_K3,seq_tcn,3,23,False,False,False,False,False,0.022727272727272728,0.0330188679245283,0.7391304347826086,0.13043478260869565,0.4019607843137255,0.8,0.0,0.0,0.325,0.5780208333333333,0.19999999999999996,0.5391080617495713
target_object_fold01,clean_041_tcn_k16_no_current_proprio,score_q95_K5,seq_tcn,3,23,False,False,False,False,False,0.19696969696969696,0.4716981132075472,1.0,0.5217391304347826,0.3066666666666667,1.0,0.35,0.475,0.825,0.28025,0.0,1.1439679817038308
target_object_fold01,clean_041_tcn_k16_no_current_proprio,or_q95_K3,seq_tcn,3,23,False,False,False,False,False,0.3939393939393939,0.7924528301886793,1.0,0.6086956521739131,0.26260869565217393,1.0,0.525,0.825,1.0,0.15350000000000003,0.0,1.264351057747284
target_object_fold01,clean_041_tcn_k16_no_current_proprio,or_q99_K3,seq_tcn,3,23,False,False,False,False,False,0.08333333333333333,0.1650943396226415,0.8695652173913043,0.30434782608695654,0.3733333333333334,0.925,0.0,0.1,0.575,0.47684684684684686,0.07499999999999996,0.7606918238993712
target_object_fold01,clean_041_tcn_k16_no_current_proprio,and_q95_K3,seq_tcn,3,23,False,False,False,False,False,0.10606060606060606,0.24528301886792453,0.8260869565217391,0.2608695652173913,0.39842105263157895,0.975,0.0,0.1,0.5,0.48025641025641036,0.025000000000000022,0.7290451686678102
target_object_fold01,clean_041_tcn_k8_no_current_proprio,score_q95_K3,seq_tcn,3,23,False,False,False,False,False,0.21212121212121213,0.5377358490566038,1.0,0.5217391304347826,0.29637681159420287,1.0,0.225,0.525,0.975,0.2355833333333333,0.0,1.1373356203544882
target_object_fold01,clean_041_tcn_k8_no_current_proprio,score_q99_K3,seq_tcn,3,23,False,False,False,False,False,0.03787878787878788,0.014150943396226415,0.7391304347826086,0.13043478260869565,0.3856862745098039,0.75,0.0,0.0,0.35,0.5626666666666666,0.25,0.45983419096626643
target_object_fold01,clean_041_tcn_k8_no_current_proprio,score_q95_K5,seq_tcn,3,23,False,False,False,False,False,0.15151515151515152,0.3867924528301887,1.0,0.4782608695652174,0.30898550724637686,0.975,0.125,0.325,0.85,0.31478632478632484,0.025000000000000022,0.9440537449971411
target_object_fold01,clean_041_tcn_k8_no_current_proprio,or_q95_K3,seq_tcn,3,23,False,False,False,False,False,0.3939393939393939,0.8018867924528302,1.0,0.6086956521739131,0.2589855072463768,1.0,0.225,0.7,1.0,0.21224999999999997,0.0,1.0002001143510575
target_object_fold01,clean_041_tcn_k8_no_current_proprio,or_q99_K3,seq_tcn,3,23,False,False,False,False,False,0.09848484848484848,0.16981132075471697,0.9130434782608695,0.30434782608695654,0.38238095238095243,0.925,0.0,0.1,0.6,0.4666666666666666,0.07499999999999996,0.7460405946255003
target_object_fold01,clean_041_tcn_k8_no_current_proprio,and_q95_K3,seq_tcn,3,23,False,False,False,False,False,0.09090909090909091,0.19811320754716982,0.8260869565217391,0.21739130434782608,0.4263157894736842,1.0,0.0,0.15,0.675,0.42041666666666666,0.0,0.9573756432247
target_object_fold01,clean_041_tcn_k8_with_current_proprio,score_q95_K3,seq_tcn,5,25,False,False,False,False,False,0.1893939393939394,0.5613207547169812,1.0,0.5217391304347826,0.2818840579710145,1.0,0.25,0.725,1.0,0.22633333333333336,0.0,1.5133218982275587
target_object_fold01,clean_041_tcn_k8_with_current_proprio,score_q99_K3,seq_tcn,5,25,False,False,False,False,False,0.06818181818181818,0.02830188679245283,0.8695652173913043,0.17391304347826086,0.37016666666666664,0.85,0.0,0.0,0.575,0.4544117647058824,0.15000000000000002,0.6234562607204116
target_object_fold01,clean_041_tcn_k8_with_current_proprio,score_q95_K5,seq_tcn,5,25,False,False,False,False,False,0.14393939393939395,0.3915094339622642,1.0,0.5217391304347826,0.2943478260869565,1.0,0.075,0.625,0.875,0.28558333333333336,0.0,1.5907661520869067
target_object_fold01,clean_041_tcn_k8_with_current_proprio,or_q95_K3,seq_tcn,5,25,False,False,False,False,False,0.3939393939393939,0.8066037735849056,1.0,0.6086956521739131,0.24608695652173915,1.0,0.25,0.775,1.0,0.21191666666666667,0.0,1.1431246426529442
target_object_fold01,clean_041_tcn_k8_with_current_proprio,or_q99_K3,seq_tcn,5,25,False,False,False,False,False,0.12121212121212122,0.17452830188679244,0.9565217391304348,0.34782608695652173,0.3333333333333333,0.975,0.0,0.1,0.775,0.3859829059829061,0.025000000000000022,0.8276014865637508
target_object_fold01,clean_041_tcn_k8_with_current_proprio,and_q95_K3,seq_tcn,5,25,False,False,False,False,False,0.07575757575757576,0.19811320754716982,0.8260869565217391,0.21739130434782608,0.42333333333333334,1.0,0.0,0.3,0.75,0.3795,0.0,1.2649514008004574
target_object_fold01,clean_044_lstm_k16_with_current_proprio,score_q95_K3,seq_lstm,1,21,False,False,False,False,False,0.18181818181818182,0.39622641509433965,1.0,0.4782608695652174,0.3269565217391305,1.0,0.425,0.55,0.825,0.2583333333333333,0.0,1.4147512864493998
target_object_fold01,clean_044_lstm_k16_with_current_proprio,score_q99_K3,seq_lstm,1,21,False,False,False,False,False,0.022727272727272728,0.0,0.6086956521739131,0.08695652173913043,0.40928571428571425,0.225,0.0,0.0,0.025,0.6644444444444444,0.775,-0.5613636363636364
target_object_fold01,clean_044_lstm_k16_with_current_proprio,score_q95_K5,seq_lstm,1,21,False,False,False,False,False,0.14393939393939395,0.24528301886792453,1.0,0.43478260869565216,0.34420289855072467,0.975,0.225,0.35,0.75,0.335042735042735,0.025000000000000022,1.210105774728416
target_object_fold01,clean_044_lstm_k16_with_current_proprio,or_q95_K3,seq_lstm,1,21,False,False,False,False,False,0.4015151515151515,0.7216981132075472,1.0,0.6086956521739131,0.2655072463768116,1.0,0.425,0.775,1.0,0.18116666666666664,0.0,1.2666952544311034
target_object_fold01,clean_044_lstm_k16_with_current_proprio,or_q99_K3,seq_lstm,1,21,False,False,False,False,False,0.08333333333333333,0.15566037735849056,0.8260869565217391,0.30434782608695654,0.3912280701754386,0.9,0.0,0.1,0.45,0.5128703703703704,0.09999999999999998,0.7248427672955977
target_object_fold01,clean_044_lstm_k16_with_current_proprio,and_q95_K3,seq_lstm,1,21,False,False,False,False,False,0.07575757575757576,0.10849056603773585,0.782608695652174,0.21739130434782608,0.3988888888888889,0.925,0.0,0.075,0.5,0.48945945945945946,0.07499999999999996,0.7993853630646084
target_object_fold01,clean_044_lstm_k8_with_current_proprio,score_q95_K3,seq_lstm,2,22,False,False,False,False,False,0.19696969696969696,0.5,1.0,0.4782608695652174,0.3092753623188406,1.0,0.2,0.5,0.95,0.25533333333333336,0.0,1.1515151515151516
target_object_fold01,clean_044_lstm_k8_with_current_proprio,score_q99_K3,seq_lstm,2,22,False,False,False,False,False,0.05303030303030303,0.009433962264150943,0.782608695652174,0.13043478260869565,0.39148148148148143,0.575,0.0,0.0,0.225,0.6108695652173912,0.42500000000000004,0.10933390508862195
target_object_fold01,clean_044_lstm_k8_with_current_proprio,score_q95_K5,seq_lstm,2,22,False,False,False,False,False,0.17424242424242425,0.3867924528301887,1.0,0.391304347826087,0.3318840579710145,1.0,0.125,0.325,0.875,0.3218333333333333,0.0,0.9826901086335047
target_object_fold01,clean_044_lstm_k8_with_current_proprio,or_q95_K3,seq_lstm,2,22,False,False,False,False,False,0.3939393939393939,0.7594339622641509,1.0,0.5652173913043478,0.2765217391304348,1.0,0.2,0.65,1.0,0.21816666666666668,0.0,0.9638793596340764
target_object_fold01,clean_044_lstm_k8_with_current_proprio,or_q99_K3,seq_lstm,2,22,False,False,False,False,False,0.11363636363636363,0.1650943396226415,0.8695652173913043,0.30434782608695654,0.3416666666666667,0.95,0.0,0.1,0.575,0.49526315789473674,0.050000000000000044,0.7955403087478559
target_object_fold01,clean_044_lstm_k8_with_current_proprio,and_q95_K3,seq_lstm,2,22,False,False,False,False,False,0.09848484848484848,0.27358490566037735,0.8260869565217391,0.21739130434782608,0.42175438596491227,1.0,0.0,0.15,0.65,0.4455833333333333,0.0,0.8403802172670098
target_object_fold02,clean_041_tcn_k16_no_current_proprio,score_q95_K3,seq_tcn,6,26,False,False,False,False,False,0.24242424242424243,0.7657657657657657,1.0,0.5384615384615384,0.26166666666666666,1.0,0.0,1.0,1.0,0.14744444444444446,0.0,1.7301392301392302
target_object_fold02,clean_041_tcn_k16_no_current_proprio,score_q99_K3,seq_tcn,6,26,False,False,False,False,False,0.045454545454545456,0.4189189189189189,0.9230769230769231,0.2692307692307692,0.3923611111111111,1.0,0.0,0.9,0.9333333333333333,0.21011111111111108,0.0,2.1488943488943484
target_object_fold02,clean_041_tcn_k16_no_current_proprio,score_q95_K5,seq_tcn,6,26,False,False,False,False,False,0.18181818181818182,0.7297297297297297,1.0,0.5,0.2843589743589744,1.0,0.0,0.9666666666666667,1.0,0.15666666666666668,0.0,1.7478296478296482
target_object_fold02,clean_041_tcn_k16_no_current_proprio,or_q95_K3,seq_tcn,6,26,False,False,False,False,False,0.42424242424242425,0.7837837837837838,1.0,0.6923076923076923,0.2065384615384615,1.0,0.0,1.0,1.0,0.14722222222222223,0.0,1.6122031122031122
target_object_fold02,clean_041_tcn_k16_no_current_proprio,or_q99_K3,seq_tcn,6,26,False,False,False,False,False,0.08333333333333333,0.4189189189189189,1.0,0.38461538461538464,0.358076923076923,1.0,0.0,0.9,0.9333333333333333,0.20877777777777776,0.0,2.129954954954955
target_object_fold02,clean_041_tcn_k16_no_current_proprio,and_q95_K3,seq_tcn,6,26,False,False,False,False,False,0.11363636363636363,0.11261261261261261,0.8461538461538461,0.11538461538461539,0.47227272727272723,0.7,0.0,0.43333333333333335,0.6,0.3101587301587302,0.30000000000000004,1.0409295659295659
target_object_fold02,clean_041_tcn_k8_no_current_proprio,score_q95_K3,seq_tcn,4,24,False,False,False,False,False,0.22727272727272727,0.7567567567567568,0.9615384615384616,0.6153846153846154,0.24986666666666668,1.0,0.0,1.0,1.0,0.163,0.0,1.7512285012285014
target_object_fold02,clean_041_tcn_k8_no_current_proprio,score_q99_K3,seq_tcn,4,24,False,False,False,False,False,0.06818181818181818,0.43243243243243246,0.9230769230769231,0.2692307692307692,0.3676388888888889,0.9666666666666667,0.0,0.8,0.9666666666666667,0.20873563218390806,0.033333333333333326,1.8505937755937758
target_object_fold02,clean_041_tcn_k8_no_current_proprio,score_q95_K5,seq_tcn,4,24,False,False,False,False,False,0.19696969696969696,0.6981981981981982,0.9615384615384616,0.5384615384615384,0.2764,1.0,0.0,1.0,1.0,0.17400000000000007,0.0,1.8542178542178542
target_object_fold02,clean_041_tcn_k8_no_current_proprio,or_q95_K3,seq_tcn,4,24,False,False,False,False,False,0.42424242424242425,0.7837837837837838,1.0,0.6538461538461539,0.22320512820512822,1.0,0.0,1.0,1.0,0.16266666666666665,0.0,1.6122031122031122
target_object_fold02,clean_041_tcn_k8_no_current_proprio,or_q99_K3,seq_tcn,4,24,False,False,False,False,False,0.10606060606060606,0.43243243243243246,0.9615384615384616,0.38461538461538464,0.33266666666666667,0.9666666666666667,0.0,0.8,0.9666666666666667,0.20873563218390806,0.033333333333333326,1.8316543816543818
target_object_fold02,clean_041_tcn_k8_no_current_proprio,and_q95_K3,seq_tcn,4,24,False,False,False,False,False,0.09090909090909091,0.11261261261261261,0.8076923076923077,0.19230769230769232,0.4230158730158729,0.7333333333333333,0.0,0.43333333333333335,0.6,0.32196969696969696,0.2666666666666667,1.1189598689598692
target_object_fold02,clean_041_tcn_k8_with_current_proprio,score_q95_K3,seq_tcn,7,27,False,False,False,False,False,0.25,0.8738738738738738,0.9615384615384616,0.6153846153846154,0.19346666666666668,1.0,0.1,0.9666666666666667,0.9666666666666667,0.17644444444444443,0.0,1.4975225225225228
target_object_fold02,clean_041_tcn_k8_with_current_proprio,score_q99_K3,seq_tcn,7,27,False,False,False,False,False,0.05303030303030303,0.43243243243243246,0.9230769230769231,0.23076923076923078,0.36527777777777776,0.9666666666666667,0.0,0.7,0.9333333333333333,0.2343678160919541,0.033333333333333326,1.658169533169533
target_object_fold02,clean_041_tcn_k8_with_current_proprio,score_q95_K5,seq_tcn,7,27,False,False,False,False,False,0.17424242424242425,0.8243243243243243,0.9615384615384616,0.5384615384615384,0.2372,1.0,0.03333333333333333,0.9666666666666667,0.9666666666666667,0.18755555555555556,0.0,1.609725634725635
target_object_fold02,clean_041_tcn_k8_with_current_proprio,or_q95_K3,seq_tcn,7,27,False,False,False,False,False,0.45454545454545453,0.8828828828828829,1.0,0.6923076923076923,0.1901282051282051,1.0,0.1,0.9666666666666667,1.0,0.16800000000000004,0.0,1.381736281736282
target_object_fold02,clean_041_tcn_k8_with_current_proprio,or_q99_K3,seq_tcn,7,27,False,False,False,False,False,0.09090909090909091,0.43243243243243246,1.0,0.34615384615384615,0.35525641025641025,1.0,0.0,0.7,0.9333333333333333,0.25722222222222224,0.0,1.7058968058968058
target_object_fold02,clean_041_tcn_k8_with_current_proprio,and_q95_K3,seq_tcn,7,27,False,False,False,False,False,0.07575757575757576,0.11261261261261261,0.8076923076923077,0.15384615384615385,0.4412698412698412,0.7,0.0,0.43333333333333335,0.6,0.3111111111111111,0.30000000000000004,1.05986895986896
target_object_fold02,clean_044_lstm_k16_with_current_proprio,score_q95_K3,seq_lstm,3,23,False,False,False,False,False,0.2727272727272727,0.8378378378378378,0.9615384615384616,0.5384615384615384,0.22240000000000001,1.0,0.0,0.9666666666666667,0.9666666666666667,0.18800000000000003,0.0,1.5402129402129403
target_object_fold02,clean_044_lstm_k16_with_current_proprio,score_q99_K3,seq_lstm,3,23,False,False,False,False,False,0.045454545454545456,0.40540540540540543,0.9615384615384616,0.19230769230769232,0.4016,0.9666666666666667,0.0,0.7,0.9333333333333333,0.2445977011494253,0.033333333333333326,1.7024979524979527
target_object_fold02,clean_044_lstm_k16_with_current_proprio,score_q95_K5,seq_lstm,3,23,False,False,False,False,False,0.19696969696969696,0.7927927927927928,0.9615384615384616,0.5,0.24866666666666667,1.0,0.0,0.9666666666666667,0.9666666666666667,0.19466666666666665,0.0,1.645659295659296
target_object_fold02,clean_044_lstm_k16_with_current_proprio,or_q95_K3,seq_lstm,3,23,False,False,False,False,False,0.4393939393939394,0.8603603603603603,1.0,0.6923076923076923,0.19782051282051283,1.0,0.0,0.9666666666666667,1.0,0.17955555555555552,0.0,1.4230958230958233
target_object_fold02,clean_044_lstm_k16_with_current_proprio,or_q99_K3,seq_lstm,3,23,False,False,False,False,False,0.08333333333333333,0.40540540540540543,1.0,0.3076923076923077,0.36615384615384616,0.9666666666666667,0.0,0.7,0.9333333333333333,0.24195402298850574,0.033333333333333326,1.6835585585585586
target_object_fold02,clean_044_lstm_k16_with_current_proprio,and_q95_K3,seq_lstm,3,23,False,False,False,False,False,0.08333333333333333,0.0945945945945946,0.8461538461538461,0.11538461538461539,0.4698484848484848,0.7,0.0,0.43333333333333335,0.6,0.3103174603174604,0.30000000000000004,1.083108108108108
target_object_fold02,clean_044_lstm_k8_with_current_proprio,score_q95_K3,seq_lstm,3,23,False,False,False,False,False,0.26515151515151514,0.7522522522522522,0.9615384615384616,0.6538461538461539,0.1696,1.0,0.0,0.9333333333333333,1.0,0.1686666666666667,0.0,1.6057125307125308
target_object_fold02,clean_044_lstm_k8_with_current_proprio,score_q99_K3,seq_lstm,3,23,False,False,False,False,False,0.07575757575757576,0.43243243243243246,0.9615384615384616,0.19230769230769232,0.3864,1.0,0.0,0.9333333333333333,0.9666666666666667,0.19144444444444447,0.0,2.18013923013923
target_object_fold02,clean_044_lstm_k8_with_current_proprio,score_q95_K5,seq_lstm,3,23,False,False,False,False,False,0.18181818181818182,0.6576576576576577,0.9615384615384616,0.5769230769230769,0.21106666666666665,1.0,0.0,0.9333333333333333,1.0,0.1753333333333334,0.0,1.7892710892710892
target_object_fold02,clean_044_lstm_k8_with_current_proprio,or_q95_K3,seq_lstm,3,23,False,False,False,False,False,0.4393939393939394,0.7792792792792793,1.0,0.6923076923076923,0.17730769230769233,1.0,0.0,0.9333333333333333,1.0,0.16833333333333336,0.0,1.4780507780507781
target_object_fold02,clean_044_lstm_k8_with_current_proprio,or_q99_K3,seq_lstm,3,23,False,False,False,False,False,0.09848484848484848,0.43243243243243246,1.0,0.3076923076923077,0.3648717948717949,1.0,0.0,0.9333333333333333,0.9666666666666667,0.19144444444444447,0.0,2.1687755937755937
target_object_fold02,clean_044_lstm_k8_with_current_proprio,and_q95_K3,seq_lstm,3,23,False,False,False,False,False,0.08333333333333333,0.1036036036036036,0.8076923076923077,0.11538461538461539,0.4507936507936508,0.7333333333333333,0.0,0.43333333333333335,0.6333333333333333,0.3153030303030303,0.2666666666666667,1.1362612612612613
target_object_fold03,clean_041_tcn_k16_no_current_proprio,score_q95_K3,seq_tcn,4,24,False,False,False,False,False,0.25757575757575757,0.5570175438596491,1.0,0.5384615384615384,0.2673076923076923,1.0,0.0,0.2916666666666667,1.0,0.27638888888888885,0.0,0.619019138755981
target_object_fold03,clean_041_tcn_k16_no_current_proprio,score_q99_K3,seq_tcn,4,24,False,False,False,False,False,0.05303030303030303,0.14035087719298245,0.9230769230769231,0.15384615384615385,0.4237499999999999,1.0,0.0,0.041666666666666664,0.9583333333333334,0.35013888888888883,0.0,0.8462918660287081
target_object_fold03,clean_041_tcn_k16_no_current_proprio,score_q95_K5,seq_tcn,4,24,False,False,False,False,False,0.22727272727272727,0.4824561403508772,1.0,0.5,0.2875641025641026,1.0,0.0,0.25,1.0,0.2902777777777778,0.0,0.6626794258373205
target_object_fold03,clean_041_tcn_k16_no_current_proprio,or_q95_K3,seq_tcn,4,24,False,False,False,False,False,0.4393939393939394,0.5614035087719298,1.0,0.6923076923076923,0.21064102564102566,1.0,0.0,0.5,1.0,0.26458333333333334,0.0,0.9381977671451356
target_object_fold03,clean_041_tcn_k16_no_current_proprio,or_q99_K3,seq_tcn,4,24,False,False,False,False,False,0.08333333333333333,0.14473684210526316,0.9230769230769231,0.23076923076923078,0.3681944444444445,1.0,0.0,0.25,0.9583333333333334,0.33708333333333335,0.0,1.2412280701754386
target_object_fold03,clean_041_tcn_k16_no_current_proprio,and_q95_K3,seq_tcn,4,24,False,False,False,False,False,0.11363636363636363,0.07894736842105263,0.7307692307692307,0.07692307692307693,0.43052631578947365,1.0,0.0,0.125,0.625,0.4501388888888889,0.0,1.0747607655502391
target_object_fold03,clean_041_tcn_k8_no_current_proprio,score_q95_K3,seq_tcn,6,26,False,False,False,False,False,0.22727272727272727,0.5964912280701754,1.0,0.5769230769230769,0.25025641025641027,1.0,0.041666666666666664,0.3333333333333333,1.0,0.26402777777777775,0.0,0.6582934609250398
target_object_fold03,clean_041_tcn_k8_no_current_proprio,score_q99_K3,seq_tcn,6,26,False,False,False,False,False,0.06060606060606061,0.16228070175438597,0.9615384615384616,0.15384615384615385,0.39466666666666667,1.0,0.0,0.0,0.9583333333333334,0.36083333333333334,0.0,0.7262759170653907
target_object_fold03,clean_041_tcn_k8_no_current_proprio,score_q95_K5,seq_tcn,6,26,False,False,False,False,False,0.19696969696969696,0.543859649122807,1.0,0.5384615384615384,0.2980769230769231,1.0,0.0,0.2916666666666667,1.0,0.28486111111111106,0.0,0.6690590111642744
target_object_fold03,clean_041_tcn_k8_no_current_proprio,or_q95_K3,seq_tcn,6,26,False,False,False,False,False,0.4696969696969697,0.6052631578947368,1.0,0.7307692307692307,0.1991025641025641,1.0,0.041666666666666664,0.5,1.0,0.25458333333333333,0.0,0.8572567783094098
target_object_fold03,clean_041_tcn_k8_no_current_proprio,or_q99_K3,seq_tcn,6,26,False,False,False,False,False,0.10606060606060606,0.16666666666666666,0.9615384615384616,0.23076923076923078,0.33773333333333333,1.0,0.0,0.20833333333333334,0.9583333333333334,0.3445833333333333,0.0,1.1136363636363638
target_object_fold03,clean_041_tcn_k8_no_current_proprio,and_q95_K3,seq_tcn,6,26,False,False,False,False,False,0.06818181818181818,0.07456140350877193,0.7692307692307693,0.15384615384615385,0.44416666666666665,1.0,0.0,0.16666666666666666,0.6666666666666666,0.43472222222222223,0.0,1.1874003189792661
target_object_fold03,clean_041_tcn_k8_with_current_proprio,score_q95_K3,seq_tcn,5,25,False,False,False,False,False,0.2727272727272727,0.6271929824561403,1.0,0.6153846153846154,0.25243589743589745,1.0,0.041666666666666664,0.375,1.0,0.2690277777777778,0.0,0.6728468899521532
target_object_fold03,clean_041_tcn_k8_with_current_proprio,score_q99_K3,seq_tcn,5,25,False,False,False,False,False,0.06060606060606061,0.17543859649122806,0.9230769230769231,0.2692307692307692,0.3834722222222222,1.0,0.0,0.0,0.9583333333333334,0.3523611111111111,0.0,0.7065390749601277
target_object_fold03,clean_041_tcn_k8_with_current_proprio,score_q95_K5,seq_tcn,5,25,False,False,False,False,False,0.20454545454545456,0.5701754385964912,0.9615384615384616,0.5769230769230769,0.25706666666666667,1.0,0.0,0.2916666666666667,1.0,0.2901388888888889,0.0,0.6257974481658694
target_object_fold03,clean_041_tcn_k8_with_current_proprio,or_q95_K3,seq_tcn,5,25,False,False,False,False,False,0.4772727272727273,0.631578947368421,1.0,0.7307692307692307,0.20500000000000002,1.0,0.041666666666666664,0.5,1.0,0.2608333333333333,0.0,0.8139952153110049
target_object_fold03,clean_041_tcn_k8_with_current_proprio,or_q99_K3,seq_tcn,5,25,False,False,False,False,False,0.09848484848484848,0.17982456140350878,0.9615384615384616,0.34615384615384615,0.34373333333333334,1.0,0.0,0.20833333333333334,0.9583333333333334,0.34027777777777773,0.0,1.0976874003189794
target_object_fold03,clean_041_tcn_k8_with_current_proprio,and_q95_K3,seq_tcn,5,25,False,False,False,False,False,0.07575757575757576,0.08333333333333333,0.7307692307692307,0.15384615384615385,0.4196491228070175,1.0,0.0,0.20833333333333334,0.6666666666666666,0.43375,0.0,1.253787878787879
target_object_fold03,clean_044_lstm_k16_with_current_proprio,score_q95_K3,seq_lstm,4,24,False,False,False,False,False,0.24242424242424243,0.5833333333333334,0.9615384615384616,0.6538461538461539,0.21226666666666666,1.0,0.0,0.125,1.0,0.30083333333333334,0.0,0.2537878787878788
target_object_fold03,clean_044_lstm_k16_with_current_proprio,score_q99_K3,seq_lstm,4,24,False,False,False,False,False,0.06060606060606061,0.05701754385964912,0.9615384615384616,0.23076923076923078,0.40120000000000006,0.9166666666666666,0.0,0.0,0.75,0.4104545454545454,0.08333333333333337,0.7175039872408293
target_object_fold03,clean_044_lstm_k16_with_current_proprio,score_q95_K5,seq_lstm,4,24,False,False,False,False,False,0.1893939393939394,0.5175438596491229,0.9615384615384616,0.5769230769230769,0.24853333333333336,1.0,0.0,0.125,1.0,0.31055555555555553,0.0,0.378987240829346
target_object_fold03,clean_044_lstm_k16_with_current_proprio,or_q95_K3,seq_lstm,4,24,False,False,False,False,False,0.4621212121212121,0.5921052631578947,1.0,0.8076923076923077,0.19038461538461535,1.0,0.0,0.4583333333333333,1.0,0.27625,0.0,0.7974481658692184
target_object_fold03,clean_044_lstm_k16_with_current_proprio,or_q99_K3,seq_lstm,4,24,False,False,False,False,False,0.09090909090909091,0.07456140350877193,0.9615384615384616,0.3076923076923077,0.34626666666666667,1.0,0.0,0.20833333333333334,0.8333333333333334,0.39055555555555554,0.0,1.2593700159489634
target_object_fold03,clean_044_lstm_k16_with_current_proprio,and_q95_K3,seq_lstm,4,24,False,False,False,False,False,0.06818181818181818,0.07017543859649122,0.7307692307692307,0.11538461538461539,0.4275438596491228,1.0,0.0,0.0,0.5833333333333334,0.4720833333333334,0.0,0.8606459330143541
target_object_fold03,clean_044_lstm_k8_with_current_proprio,score_q95_K3,seq_lstm,2,22,False,False,False,False,False,0.2196969696969697,0.2719298245614035,0.9615384615384616,0.6153846153846154,0.26586666666666664,1.0,0.0,0.4166666666666667,1.0,0.28250000000000003,0.0,1.3155901116427433
target_object_fold03,clean_044_lstm_k8_with_current_proprio,score_q99_K3,seq_lstm,2,22,False,False,False,False,False,0.06060606060606061,0.05263157894736842,0.8076923076923077,0.23076923076923078,0.42523809523809525,1.0,0.0,0.041666666666666664,0.8333333333333334,0.3831944444444444,0.0,0.9740829346092503
target_object_fold03,clean_044_lstm_k8_with_current_proprio,score_q95_K5,seq_lstm,2,22,False,False,False,False,False,0.19696969696969696,0.20614035087719298,0.9615384615384616,0.5769230769230769,0.27746666666666664,1.0,0.0,0.125,0.9583333333333334,0.3204166666666667,0.0,0.842304625199362
target_object_fold03,clean_044_lstm_k8_with_current_proprio,or_q95_K3,seq_lstm,2,22,False,False,False,False,False,0.44696969696969696,0.2850877192982456,1.0,0.6923076923076923,0.2471794871794872,1.0,0.0,0.5416666666666666,1.0,0.27319444444444446,0.0,1.4322169059011163
target_object_fold03,clean_044_lstm_k8_with_current_proprio,or_q99_K3,seq_lstm,2,22,False,False,False,False,False,0.11363636363636363,0.06140350877192982,0.8846153846153846,0.3076923076923077,0.3746376811594203,1.0,0.0,0.25,0.8333333333333334,0.3720833333333333,0.0,1.3510765550239234
target_object_fold03,clean_044_lstm_k8_with_current_proprio,and_q95_K3,seq_lstm,2,22,False,False,False,False,False,0.09090909090909091,0.06140350877192982,0.7307692307692307,0.11538461538461539,0.42596491228070177,1.0,0.0,0.16666666666666666,0.625,0.4495833333333333,0.0,1.1957735247208932
target_object_fold04,clean_041_tcn_k16_no_current_proprio,score_q95_K3,seq_tcn,2,22,False,False,False,False,False,0.22727272727272727,0.8049792531120332,0.9642857142857143,0.6428571428571429,0.24555555555555553,1.0,0.09090909090909091,0.6363636363636364,1.0,0.23121212121212117,0.0,0.9516220294228589
target_object_fold04,clean_041_tcn_k16_no_current_proprio,score_q99_K3,seq_tcn,2,22,False,False,False,False,False,0.045454545454545456,0.26556016597510373,0.8214285714285714,0.2857142857142857,0.38898550724637676,0.9090909090909091,0.0,0.2727272727272727,0.7272727272727273,0.38866666666666666,0.09090909090909094,0.9425688419464354
target_object_fold04,clean_041_tcn_k16_no_current_proprio,score_q95_K5,seq_tcn,2,22,False,False,False,False,False,0.19696969696969696,0.8008298755186722,0.9642857142857143,0.6428571428571429,0.2653086419753086,1.0,0.09090909090909091,0.6363636363636364,1.0,0.23787878787878788,0.0,0.9729976109644155
target_object_fold04,clean_041_tcn_k16_no_current_proprio,or_q95_K3,seq_tcn,2,22,False,False,False,False,False,0.4393939393939394,0.8174273858921162,1.0,0.7857142857142857,0.20071428571428568,1.0,0.09090909090909091,0.6363636363636364,1.0,0.2281818181818182,0.0,0.8268892241921284
target_object_fold04,clean_041_tcn_k16_no_current_proprio,or_q99_K3,seq_tcn,2,22,False,False,False,False,False,0.10606060606060606,0.2987551867219917,0.8928571428571429,0.42857142857142855,0.3257333333333333,0.9090909090909091,0.0,0.2727272727272727,0.7272727272727273,0.36233333333333334,0.09090909090909094,0.8624732805230731
target_object_fold04,clean_041_tcn_k16_no_current_proprio,and_q95_K3,seq_tcn,2,22,False,False,False,False,False,0.07575757575757576,0.3236514522821577,0.8571428571428571,0.25,0.41583333333333333,0.8181818181818182,0.0,0.18181818181818182,0.6363636363636364,0.36925925925925923,0.18181818181818177,0.4766440336979757
target_object_fold04,clean_041_tcn_k8_no_current_proprio,score_q95_K3,seq_tcn,2,22,False,False,False,False,False,0.23484848484848486,0.8049792531120332,1.0,0.6785714285714286,0.2704761904761905,1.0,0.09090909090909091,0.6363636363636364,1.0,0.22666666666666666,0.0,0.9478341506349801
target_object_fold04,clean_041_tcn_k8_no_current_proprio,score_q99_K3,seq_tcn,2,22,False,False,False,False,False,0.06818181818181818,0.3941908713692946,0.8928571428571429,0.21428571428571427,0.38693333333333335,0.7272727272727273,0.0,0.09090909090909091,0.5454545454545454,0.37124999999999997,0.2727272727272727,0.010986420218785486
target_object_fold04,clean_041_tcn_k8_no_current_proprio,score_q95_K5,seq_tcn,2,22,False,False,False,False,False,0.1893939393939394,0.8049792531120332,1.0,0.6071428571428571,0.308452380952381,1.0,0.09090909090909091,0.5454545454545454,1.0,0.2333333333333333,0.0,0.7887432415440712
target_object_fold04,clean_041_tcn_k8_no_current_proprio,or_q95_K3,seq_tcn,2,22,False,False,False,False,False,0.44696969696969696,0.8174273858921162,1.0,0.75,0.22976190476190478,1.0,0.09090909090909091,0.6363636363636364,1.0,0.2254545454545454,0.0,0.8231013454042496
target_object_fold04,clean_041_tcn_k8_no_current_proprio,or_q99_K3,seq_tcn,2,22,False,False,False,False,False,0.12121212121212122,0.42738589211618255,0.9285714285714286,0.35714285714285715,0.34217948717948715,0.9090909090909091,0.0,0.18181818181818182,0.7272727272727273,0.37,0.09090909090909094,0.4801332830378474
target_object_fold04,clean_041_tcn_k8_no_current_proprio,and_q95_K3,seq_tcn,2,22,False,False,False,False,False,0.11363636363636363,0.3070539419087137,0.8571428571428571,0.25,0.3876388888888889,0.8181818181818182,0.0,0.18181818181818182,0.6363636363636364,0.3677777777777778,0.18181818181818177,0.4826009053187478
target_object_fold04,clean_041_tcn_k8_with_current_proprio,score_q95_K3,seq_tcn,3,23,False,False,False,False,False,0.25,0.8049792531120332,1.0,0.6428571428571429,0.25916666666666666,1.0,0.09090909090909091,0.6363636363636364,1.0,0.22757575757575763,0.0,0.9402583930592225
target_object_fold04,clean_041_tcn_k8_with_current_proprio,score_q99_K3,seq_tcn,3,23,False,False,False,False,False,0.05303030303030303,0.7966804979253111,0.8571428571428571,0.2857142857142857,0.39958333333333335,1.0,0.0,0.36363636363636365,1.0,0.2766666666666666,0.0,0.505736828869609
target_object_fold04,clean_041_tcn_k8_with_current_proprio,score_q95_K5,seq_tcn,3,23,False,False,False,False,False,0.21212121212121213,0.8049792531120332,1.0,0.6071428571428571,0.2958333333333334,1.0,0.09090909090909091,0.6363636363636364,1.0,0.2342424242424242,0.0,0.9591977869986165
target_object_fold04,clean_041_tcn_k8_with_current_proprio,or_q95_K3,seq_tcn,3,23,False,False,False,False,False,0.44696969696969696,0.8174273858921162,1.0,0.7857142857142857,0.20095238095238097,1.0,0.09090909090909091,0.6363636363636364,1.0,0.22484848484848488,0.0,0.8231013454042496
target_object_fold04,clean_041_tcn_k8_with_current_proprio,or_q99_K3,seq_tcn,3,23,False,False,False,False,False,0.12121212121212122,0.8008298755186722,0.9285714285714286,0.42857142857142855,0.3456410256410256,1.0,0.0,0.36363636363636365,1.0,0.27424242424242423,0.0,0.4654218533886582
target_object_fold04,clean_041_tcn_k8_with_current_proprio,and_q95_K3,seq_tcn,3,23,False,False,False,False,False,0.08333333333333333,0.3029045643153527,0.8928571428571429,0.25,0.43053333333333327,0.8181818181818182,0.0,0.18181818181818182,0.6363636363636364,0.37703703703703706,0.18181818181818177,0.5039764868603045
target_object_fold04,clean_044_lstm_k16_with_current_proprio,score_q95_K3,seq_lstm,2,22,False,False,False,False,False,0.2196969696969697,0.8049792531120332,1.0,0.6428571428571429,0.2585714285714285,1.0,0.0,0.45454545454545453,1.0,0.2515151515151515,0.0,0.5917735445743744
target_object_fold04,clean_044_lstm_k16_with_current_proprio,score_q99_K3,seq_lstm,2,22,False,False,False,False,False,0.03787878787878788,0.029045643153526972,0.6785714285714286,0.10714285714285714,0.48578947368421055,0.5454545454545454,0.0,0.0,0.36363636363636365,0.46444444444444444,0.4545454545454546,0.028401232239406493
target_object_fold04,clean_044_lstm_k16_with_current_proprio,score_q95_K5,seq_lstm,2,22,False,False,False,False,False,0.17424242424242425,0.8049792531120332,1.0,0.6428571428571429,0.2841666666666666,1.0,0.0,0.45454545454545453,1.0,0.2581818181818182,0.0,0.6145008173016471
target_object_fold04,clean_044_lstm_k16_with_current_proprio,or_q95_K3,seq_lstm,2,22,False,False,False,False,False,0.42424242424242425,0.8174273858921162,1.0,0.7857142857142857,0.20523809523809522,1.0,0.0,0.45454545454545453,1.0,0.24878787878787875,0.0,0.47082861813152266
target_object_fold04,clean_044_lstm_k16_with_current_proprio,or_q99_K3,seq_lstm,2,22,False,False,False,False,False,0.09848484848484848,0.12448132780082988,0.9285714285714286,0.25,0.3932051282051281,0.9090909090909091,0.0,0.09090909090909091,0.6363636363636364,0.4466666666666666,0.09090909090909094,0.7640355840563309
target_object_fold04,clean_044_lstm_k16_with_current_proprio,and_q95_K3,seq_lstm,2,22,False,False,False,False,False,0.06818181818181818,0.27800829875518673,0.8928571428571429,0.25,0.43346666666666667,0.8181818181818182,0.0,0.18181818181818182,0.5454545454545454,0.3859259259259259,0.18181818181818177,0.5488966427763109
target_object_fold04,clean_044_lstm_k8_with_current_proprio,score_q95_K3,seq_lstm,2,22,False,False,False,False,False,0.26515151515151514,0.8091286307053942,0.9642857142857143,0.6428571428571429,0.24382716049382716,1.0,0.09090909090909091,0.45454545454545453,1.0,0.23424242424242425,0.0,0.5628222054570602
target_object_fold04,clean_044_lstm_k8_with_current_proprio,score_q99_K3,seq_lstm,2,22,False,False,False,False,False,0.045454545454545456,0.5933609958506224,0.8928571428571429,0.10714285714285714,0.4276,0.9090909090909091,0.0,0.2727272727272727,0.8181818181818182,0.31133333333333335,0.09090909090909094,0.4508675971331574
target_object_fold04,clean_044_lstm_k8_with_current_proprio,score_q95_K5,seq_lstm,2,22,False,False,False,False,False,0.21212121212121213,0.8091286307053942,0.9642857142857143,0.6428571428571429,0.2724691358024691,1.0,0.09090909090909091,0.45454545454545453,1.0,0.24363636363636365,0.0,0.5893373569722117
target_object_fold04,clean_044_lstm_k8_with_current_proprio,or_q95_K3,seq_lstm,2,22,False,False,False,False,False,0.4393939393939394,0.8174273858921162,1.0,0.7857142857142857,0.2225,1.0,0.09090909090909091,0.45454545454545453,1.0,0.23090909090909092,0.0,0.4632528605557651
target_object_fold04,clean_044_lstm_k8_with_current_proprio,or_q99_K3,seq_lstm,2,22,False,False,False,False,False,0.11363636363636363,0.6348547717842323,0.9642857142857143,0.25,0.3691358024691358,0.9090909090909091,0.0,0.2727272727272727,0.9090909090909091,0.28933333333333333,0.09090909090909094,0.35453602414183333
target_object_fold04,clean_044_lstm_k8_with_current_proprio,and_q95_K3,seq_lstm,2,22,False,False,False,False,False,0.12121212121212122,0.3112033195020747,0.8571428571428571,0.25,0.39319444444444446,0.8181818181818182,0.0,0.18181818181818182,0.6363636363636364,0.37,0.18181818181818177,0.4725889601408274
