variant,experiment_id,episode_id,success,outcome,minimum_tcp_distance_m,control_ticks,simulation_steps,decision_rows,scene_fingerprint
historical_ood150_baseline,EXP-014,000000,True,SUCCESS,0.010384815745055676,183,729,19,3acff2c145f6d7cb42de01c5ae66f693cf6f1c75ca5870eeee9cf106dd846ed9
historical_ood150_baseline,EXP-014,000001,False,FAILURE,0.3457801938056946,600,2400,60,7f855e76754e8bea1a6f5ff33be3aaca90ce648bbdab36c5d7992acf5eb5d341
historical_ood150_baseline,EXP-014,000002,True,SUCCESS,0.014298553578555584,150,599,15,edd742580e470718c4b7826155a5544088c99282cdde36c6d473f9b2018a8700
historical_ood150_baseline,EXP-014,000003,True,SUCCESS,0.008296722546219826,145,578,15,a1e61c09c268266338c6ea3b85d60c1760b85ce949b9e791e7772259315edcca
historical_ood150_baseline,EXP-014,000004,False,FAILURE,0.04790370166301727,600,2400,60,916c0c8860e4c6155ef56a49d90c8acf5df1dbecbb2ffa4c4c0b70b517d21096
historical_ood150_baseline,EXP-014,000005,True,SUCCESS,0.007247171364724636,143,569,15,be4fbbcb2854a643d7fa9ba094ae151f3543d43689143ecb3978ace72c5901fa
historical_ood150_baseline,EXP-014,000006,False,FAILURE,0.06624426692724228,600,2400,60,66c251421e7580f1612a3414275cff55ac36c0a66c137165f9cf1bbc6f6163a7
historical_ood150_baseline,EXP-014,000007,False,FAILURE,0.020254114642739296,600,2400,60,6831a2e66679615be45f21ecfef61dedc8f09c53a6532a2c2fe0a3612bbf2452
historical_ood150_baseline,EXP-014,000008,True,SUCCESS,0.013024650514125824,196,783,20,c89178e9d1b4bf074b573680d7505d851631c8b6045084b84fdd05e055966a5d
historical_ood150_baseline,EXP-014,000009,True,SUCCESS,0.008211476728320122,185,739,19,33c71c5c5c5a5418c64168cc26320e82b3fd8be5f0550b3a56e7405e549b757f
historical_ood150_baseline,EXP-014,000010,True,SUCCESS,0.009982696734368801,163,649,17,63b7fb79b8f302f9031539d58ad5fb0c9c5e4df644b409c07d200b01aaf81616
historical_ood150_baseline,EXP-014,000011,True,SUCCESS,0.01546791847795248,138,552,14,7c78504af311b89b7efc5be577eba60b5723a65b5a82665cbe22aed2ada4e401
historical_ood150_baseline,EXP-014,000012,True,SUCCESS,0.011059511452913284,187,747,19,811f6f72ec12861d921abb78a41fbbf6f9076c21c2b9d6e2bb37c3023697158e
historical_ood150_baseline,EXP-014,000013,False,FAILURE,0.16467711329460144,600,2400,60,892d5ed4ae251e27347223de33152206f5f3ad92123a00bfa0b09cf9e485b612
historical_ood150_baseline,EXP-014,000014,False,FAILURE,0.3087843358516693,600,2400,60,d951d5681d992662ded3e88c8b4a4bd8a2c6a248a9977b6cc3a4e18c7f9060cb
historical_ood150_baseline,EXP-014,000015,True,SUCCESS,0.01295904628932476,169,673,17,95aee573a106acf0cf858aef405f2d7dcf8d26d7cb8924f6e1b41c8a0960c763
historical_ood150_baseline,EXP-014,000016,False,FAILURE,0.3166562616825104,600,2400,60,b25425f7a59bd15194e2cf6091dccb0942e79f8c5e8dc0601c252f55ed6f7b3c
historical_ood150_baseline,EXP-014,000018,True,SUCCESS,0.015220889821648598,162,646,17,59f686a897834aacdc58f26b252734d60200032d6742756aebbed6f9108acbac
historical_ood150_baseline,EXP-014,000019,True,SUCCESS,0.0117676155641675,140,559,14,821d3c67ac59ac852af9c318500c27fe15b14163045a5b396167229dc9f2cd51
historical_ood150_baseline,EXP-014,000020,True,SUCCESS,0.0028774344827979803,197,788,20,9a3b7fec128b033fb7d9fb8ca564a78d1f20780f41f59d4f98bc071c58bc1018
historical_ood150_baseline,EXP-014,000022,False,FAILURE,0.028700903058052063,600,2400,60,d16971770932ddb6748cb48809e9f0bc670c1c34557e66d606dfb4cc7345111a
historical_ood150_baseline,EXP-014,000023,False,FAILURE,0.027065055444836617,600,2400,60,6c02513db605d7ae1f9276522f01de55a2193bdae7caddba3e0307368ffe1bc8
historical_ood150_baseline,EXP-014,000025,True,SUCCESS,0.005428687669336796,169,675,17,d01fd874184f65f82fa053f6e61596f9c3d46759a840bf5b87dfb7173f73370c
historical_ood150_baseline,EXP-014,000026,True,SUCCESS,0.012010612525045872,142,565,15,a1b0b2e69141934bcb89e9e9b76daf100f0fc705fd141757aebb118ddd5f137b
historical_ood150_baseline,EXP-014,000027,False,FAILURE,0.37804511189460754,600,2400,60,61ff0e9d51b669fadb8e9fb5e7c2bb45a99c9712666613bce1361d0565b90055
historical_ood150_baseline,EXP-014,000028,True,SUCCESS,0.007098727859556675,180,720,18,4681ab86434160cb4a0be79aeedc82340482f8375dce303a4e3271cf1a3293aa
historical_ood150_baseline,EXP-014,000029,False,FAILURE,0.14473775029182434,600,2400,60,1ad58480c1cd3a96fc4f1ece5603fde4503fa5163190dedee2507b54c917abc7
historical_ood150_baseline,EXP-014,000030,False,FAILURE,0.3099853992462158,600,2400,60,253b2d460229764008a74bbbd9c20df861b2755f4cfd6521f1f47c7f31b644e3
historical_ood150_baseline,EXP-014,000031,False,FAILURE,0.26599690318107605,600,2400,60,d15eb91027eca63ed05d075f9f84d146c584a0059dd4c63390b3b28999922e91
historical_ood150_baseline,EXP-014,000032,True,SUCCESS,0.007402197923511267,185,738,19,3606a5a04173bc23f4d8a809f7d32f6f0f521b53fc68184932477234b66489eb
historical_ood150_baseline,EXP-014,000033,False,FAILURE,0.35349729657173157,600,2400,60,503d0cd7243c97e61965f8ef2ae884b8560887b09735d6418f376253aed7436d
historical_ood150_baseline,EXP-014,000034,True,SUCCESS,0.012620261870324612,169,673,17,79370367707c06afd25f599805f387cd4082ae258ab786e06d3af1cdc03b8393
historical_ood150_baseline,EXP-014,000036,True,SUCCESS,0.010397892445325851,140,557,14,e38efaa85bf4b9341aa753eab6cd422c30791d5e7644da251960abf6e2cc2d17
historical_ood150_baseline,EXP-014,000037,True,SUCCESS,0.007345104124397039,207,827,21,c2cf38148568f4ce51d57735f18f9d7c5516fc28c9ee0c125cfc7a0be321118b
historical_ood150_baseline,EXP-014,000038,False,FAILURE,0.029660087078809738,600,2400,60,128871f0205438bbb42ef5db235e8553c77702f1fb42f0d30e0d526bab62cff5
historical_ood150_baseline,EXP-014,000039,False,FAILURE,0.06513222306966782,600,2400,60,35d76876df2b24e3df7bfbbd2848b351c2ee0c6cfdd9809c91c98ee4afcf008d
historical_ood150_baseline,EXP-014,000040,False,FAILURE,0.1566254198551178,600,2400,60,9ff270ec772377fb67976b293efc836c5bd57384ec2386c2e3210786c046b823
historical_ood150_baseline,EXP-014,000042,True,SUCCESS,0.00917738489806652,85,338,9,7305c1dc9e5904c288fd024a03ced5aa6553ef78b63da46bb7a49553a0b085ba
historical_ood150_baseline,EXP-014,000043,False,FAILURE,0.3974881172180176,600,2400,60,aaafb41ab02e4f78925393f933680d103f62256f41afa082065db39299a19379
historical_ood150_baseline,EXP-014,000044,False,FAILURE,0.02156156860291958,600,2400,60,4a8f869710b6d715e9512abf837e3caa255ea09f621450994a4724f595a3b09c
historical_ood150_baseline,EXP-014,000045,False,FAILURE,0.07292677462100983,600,2400,60,96275868ef23d3d043a43f5c0b247f25f469fc363ded04376dae708e6b088781
historical_ood150_baseline,EXP-014,000046,True,SUCCESS,0.003959896508604288,177,705,18,314b3e3f6962e9aac55588b0452ce4de321bac8c8d229936f1792c683c8cad42
historical_ood150_baseline,EXP-014,000047,True,SUCCESS,0.005035605747252703,168,669,17,6152ccbf8e406f44b763c659481521463c769d22e25c15d96876992aaf936559
historical_ood150_baseline,EXP-014,000048,True,SUCCESS,0.008304055780172348,133,529,14,1b2a4176fa4ef9f0f4fdb607ebe117b95deb5f85bcb97198829b57028317972b
historical_ood150_baseline,EXP-014,000049,False,FAILURE,0.34860560297966003,600,2400,60,1b778b730ceabce35e50b6b10fb34ce6d4992a2e82c8831256348fe6d8a4508d
historical_ood150_baseline,EXP-014,000050,True,SUCCESS,0.014256244525313377,162,645,17,eea35d5caeafd7804e32f482d5737aed072f21cb3a5703200a68a87a4999184d
historical_ood150_baseline,EXP-014,000051,True,SUCCESS,0.008816133253276348,85,340,9,0f0af68c27c1f4652801062dc277726ba4098a4bcb8a7219578f8e130b1656ba
historical_ood150_baseline,EXP-014,000052,True,SUCCESS,0.009764201007783413,203,810,21,d48a9f3f9b64378f7c14cfc437e3ace656f310a362e3ac72fca4ac711effcde8
historical_ood150_baseline,EXP-014,000055,True,SUCCESS,0.013693185523152351,194,776,20,20f8e87ae5b71ab71c58814ed824c7b0ef19e1a62cf1db2cc3320fdfa43ae584
historical_ood150_baseline,EXP-014,000056,True,SUCCESS,0.006959443911910057,178,712,18,8f0a92007a8d56c7bb96c7273738bc59ad50d890f567b223b35ad27a98d1e057
historical_ood150_baseline,EXP-014,000057,True,SUCCESS,0.002759250346571207,178,709,18,1b69eeca61e5d5a1924bafbf55bbdeb5b5fe71e4290cf9e49288feb424b458e2
historical_ood150_baseline,EXP-014,000059,False,FAILURE,0.36746856570243835,600,2400,60,7f3fb30bc821a9cdfe56d5bb365157cfa3aa587206d476fcb4a76b00908f3f86
historical_ood150_baseline,EXP-014,000061,False,FAILURE,0.3787444829940796,600,2400,60,3395f39af495cfc2d35465c60c040911dcebfc3cbb1d34a8c44434d629a5ba03
historical_ood150_baseline,EXP-014,000062,False,FAILURE,0.3040175139904022,600,2400,60,ca2ed5b3659742649ad3983bbba39902e260273c4bd3fe22ccc6a3ce301049d7
historical_ood150_baseline,EXP-014,000063,False,FAILURE,0.2577677071094513,600,2400,60,4038af9302e1cc96ca272f02c65fcf96af489a1fea2176a692daca8a9faecddd
historical_ood150_baseline,EXP-014,000064,False,FAILURE,0.3173867464065552,600,2400,60,6bf4be3044c27912cb8f5d5306d83811be615cd21fb82a98aee6e61d0dd0637b
historical_ood150_baseline,EXP-014,000068,True,SUCCESS,0.007171963807195425,147,586,15,fe6899d86971c36fa1bb09efc78f1f2dbda4f70c012357e4fe543a4d09392254
historical_ood150_baseline,EXP-014,000069,False,FAILURE,0.07675828784704208,600,2400,60,26d60d79fc04e27de76b1fbef43cca9002b14f0a393e7102c5a4bd9914afa8ca
historical_ood150_baseline,EXP-014,000070,False,FAILURE,0.040663138031959534,600,2400,60,fc4a7b4fbc42113f26ae6445b9c646056118632c129ec694999aca8daffe0d5d
historical_ood150_baseline,EXP-014,000072,False,FAILURE,0.10952722281217575,600,2400,60,44de377d40f7f8757cc0d03d69cf29dea3f69ddc0a050c64a5fbac1e010a75f1
historical_ood150_baseline,EXP-014,000073,True,SUCCESS,0.007588386069983244,176,702,18,c6ec4bcb6e9751a12fe83fc40d835de79ab4027b6e2925a178462c1f80b55bf7
historical_ood150_baseline,EXP-014,000077,False,FAILURE,0.09094306081533432,600,2400,60,b3bad4da5097aa0b81e11e9d99efc7e49ebd81eafbd2a6730b2066310b59f904
historical_ood150_baseline,EXP-014,000079,False,FAILURE,0.29147765040397644,600,2400,60,4ded8dac67c822d040af9caabdd5b00260c334b0694faa4e5a0d9aea278c6d71
historical_ood150_baseline,EXP-014,000080,True,SUCCESS,0.006790678482502699,166,664,17,68b0f861767d56dd57177f043c9b7e90cf3abbbf6ec13a889cc2ab99479077f9
historical_ood150_baseline,EXP-014,000081,False,FAILURE,0.40093591809272766,600,2400,60,938ea93d18b6ab1db3377f659d183961fa9ba34b98c1a81810580203ea07c417
historical_ood150_baseline,EXP-014,000082,True,SUCCESS,0.0028922369237989187,160,640,16,f7e0f5e690e8a073b96fd4b89e32cf6546ec960619cf920672915fc09aa01868
historical_ood150_baseline,EXP-014,000083,True,SUCCESS,0.008065534755587578,149,594,15,96a53f00b471a95494db8be160b78bc879247c98a45b75ca903257c65faab4b5
historical_ood150_baseline,EXP-014,000084,False,FAILURE,0.021531732752919197,600,2400,60,7354fef31e1439971504a67958319b7da76410acae756447af9fff2d90b45bde
historical_ood150_baseline,EXP-014,000087,False,FAILURE,0.07410725206136703,600,2400,60,98dd91232f8cebee0f2ecb73a7d8df5a4932fea8a972ec59c5bfbad8d5d434fc
historical_ood150_baseline,EXP-014,000088,False,FAILURE,0.2614269256591797,600,2400,60,72d4445c12f0435cd64425d9009a3e78e24ae6509bb086cc5fa38ee9b526b4d1
historical_ood150_baseline,EXP-014,000089,True,SUCCESS,0.009874703362584114,146,581,15,c2a66793735923bd1fbc1f9775f4de4aae937b281617c0c76d6c2efab5731a1a
historical_ood150_baseline,EXP-014,000090,False,FAILURE,0.020226748660206795,600,2400,60,c7e46425ec69ba5bab3bd2262c4635ed431107d6da02ad1ebef2b857fb012a31
historical_ood150_baseline,EXP-014,000092,True,SUCCESS,0.008226380683481693,173,692,18,c3d1bee80ec1354e6939a3b44fdb0c6419613f14d316108b5e6a802829e4004f
historical_ood150_baseline,EXP-014,000093,False,FAILURE,0.14503805339336395,600,2400,60,83e6d9b974ae064cac24c99f50cb57e06af9b80d3f85fa6a75a16a8dd7c537bc
historical_ood150_baseline,EXP-014,000094,False,FAILURE,0.22469592094421387,600,2400,60,5b31539777274ef7c2fe74e34e7c5064db2f42269b7f2cea5a3e021fc4705726
historical_ood150_baseline,EXP-014,000097,False,FAILURE,0.40691399574279785,600,2400,60,8838af6658dc65a847a0a370d28753aeaaf5a8920b9ed4b248078536d94e61db
historical_ood150_baseline,EXP-014,000098,True,SUCCESS,0.002640955150127411,168,669,17,a77519c08923fc45a062132eea5dddf4d6126e35cc5da756f4413d16718ec527
historical_ood150_baseline,EXP-014,000099,True,SUCCESS,0.010932047851383686,77,305,8,abb84a9f21e10c3627ba366bd06fcd04339e501997872be73ae002e63857eb09
historical_ood150_baseline,EXP-014,000102,False,FAILURE,0.12234392017126083,600,2400,60,302bd43f43b2a26328d13435c7d65928028fad72232e7419f3f63b65beeb8909
historical_ood150_baseline,EXP-014,000103,False,FAILURE,0.021214455366134644,600,2400,60,1bd801ff8b16e4f62157fb22c34b07e5fdd0cce20d5f9a407669bba32fe79f9d
historical_ood150_baseline,EXP-014,000104,False,FAILURE,0.16689008474349976,600,2400,60,e5cd08d36fd65c45dc1b1fe2b0bd6f87f661205bf1e3fe64d709a7a2ce2132da
historical_ood150_baseline,EXP-014,000106,False,FAILURE,0.06524692475795746,600,2400,60,f078194ea5099271122650a95b9daadb200be12f2d50a73d32b2f0c1d7c58bd1
historical_ood150_baseline,EXP-014,000111,True,SUCCESS,0.019350463524460793,167,666,17,4814a7be37f68fd790017c013760330bd1b47c017d780c5964fb296f144980fb
historical_ood150_baseline,EXP-014,000112,False,FAILURE,0.05003609508275986,600,2400,60,341e86bbfd69f5cc5dfc2f6271f6d18c2772ee1a58db11f96fd1f7c2cae5a816
historical_ood150_baseline,EXP-014,000114,False,FAILURE,0.02153610996901989,600,2400,60,12bff75a685ee07e6448f9f8567b5b079a3d2b163df8dd747214de654066f587
historical_ood150_baseline,EXP-014,000119,True,SUCCESS,0.003419088199734688,144,576,15,13a4ebd1535268f0131bc4f09ade7fefc018107ac0fbd9585e837cd7ca8394c3
historical_ood150_baseline,EXP-014,000120,True,SUCCESS,0.014686823822557926,132,525,14,adb9151a709332366782b6b98eeff72edeb19436979460846e810f58f2ed5bde
historical_ood150_baseline,EXP-014,000122,True,SUCCESS,0.019203774631023407,170,680,17,e67d2e82d87627486da810cd0675ff19cde77bed1248a98c69b2600dfa8e4709
historical_ood150_baseline,EXP-014,000123,True,SUCCESS,0.010507022961974144,187,748,19,1ec1fea670245ffc47cc082ff10e8d869eda5b605da2cb88a2d69a8563d7b25f
historical_ood150_baseline,EXP-014,000124,False,FAILURE,0.07331390678882599,600,2400,60,5b65adad158cff1ee60f2645242f0b84c5eaf868c0c9383dd92478d6e9906437
historical_ood150_baseline,EXP-014,000126,True,SUCCESS,0.015502406284213066,138,551,14,9cfc415a31a1176381a4f6391a5f520540b331aec3e9aca0112dc362d7e3560c
historical_ood150_baseline,EXP-014,000128,False,FAILURE,0.22843970358371735,600,2400,60,0430ed463ea13f0a1912d9662966779412407a5b6e7430ceaa606a643ef99274
historical_ood150_baseline,EXP-014,000129,False,FAILURE,0.40275174379348755,600,2400,60,8d312d3187814119fa90a7c547a84964911d0dc4cb5f2e9248f072d5178ce0d0
historical_ood150_baseline,EXP-014,000130,True,SUCCESS,0.00404321076348424,179,713,18,d9bf602bf0db67886b6e30cae029f652e309a9741634dee9b7ba768ce8575e00
historical_ood150_baseline,EXP-014,000131,True,SUCCESS,0.008609588257968426,157,627,16,a3c3f9e45928c95acc3c838cc8bcb51a60476fda3e39f36f520537ebabf4de97
historical_ood150_baseline,EXP-014,000136,True,SUCCESS,0.017145346850156784,192,766,20,e5f32c5bfbf49172bde39d6f2d7fc2525fa37b053668497db789e26a15cfb25d
historical_ood150_baseline,EXP-014,000138,False,FAILURE,0.05278371647000313,600,2400,60,8bae9425e372fb3423b27124426ef35a7b8e31e05ed3a8c37f0b23a87e681b9a
historical_ood150_baseline,EXP-014,000139,True,SUCCESS,0.016497593373060226,182,725,19,c265b54e6d48df7de4d2eb44a929a69e99b3b05a5fc57f6e992dde129c57dfa8
historical_ood150_baseline,EXP-014,000140,True,SUCCESS,0.014798418618738651,191,762,20,7400ffdba128936a47115507b6d960f8f6b312d7a92494e7c540bd4499206a2c
historical_ood150_baseline,EXP-014,000141,False,FAILURE,0.19648239016532898,600,2400,60,a9b790cd79eb294d0c4d7bd292414e8d1a59cbd7b8fe7559752304dcc3b5b3ce
historical_ood150_baseline,EXP-014,000144,False,FAILURE,0.10943375527858734,600,2400,60,4944607634c34cc94deaafd1034ff42f468490592a55ca164a5a8bfdb104f908
historical_ood150_baseline,EXP-014,000145,False,FAILURE,0.36941099166870117,600,2400,60,726d485a3bd40a2d6eabcb30abe59e27340cea3f550345691867aa4bd06f0adb
historical_ood150_baseline,EXP-014,000147,True,SUCCESS,0.007889270782470703,164,654,17,20edadbaf5db592cf167853b81d3c0e955c6b29b4622645236b19b8c1bb65f26
historical_ood150_baseline,EXP-014,000154,True,SUCCESS,0.01966739259660244,167,668,17,531d267e87359ebdc08c128c560ea48175a12de7a3b5a18e139694813bd73ceb
historical_ood150_baseline,EXP-014,000159,True,SUCCESS,0.003915388137102127,179,714,18,be5d7da3e8f89c3cd8cbfffa90526440ba885803fef9b12404c284ea3cf215fb
historical_ood150_baseline,EXP-014,000161,False,FAILURE,0.3709773123264313,600,2400,60,51422e424dd35e5e9b1d4052d7b9a9f6ec1da18ac6153e0e8aeedf0310c086ed
historical_ood150_baseline,EXP-014,000163,False,FAILURE,0.048280954360961914,600,2400,60,6ca83d510e3492b3b6f7cddde732ed1d31367cf7f185abfae4e77f789af213eb
historical_ood150_baseline,EXP-014,000164,True,SUCCESS,0.014568550512194633,162,645,17,51f3eb6f8383b49f761f4b8549191c1bd04476a7dc7bc71ffd265d3e4f91b6ef
historical_ood150_baseline,EXP-014,000165,True,SUCCESS,0.019588928669691086,200,797,20,304532d646347f23b07d4e8d0a5180d8e1ef63ec2d840090bb3092e5dcd1b9b9
historical_ood150_baseline,EXP-014,000170,False,FAILURE,0.029708122834563255,600,2400,60,ab70256b56193ac603304baae5dbc92f418223662f27e42c74964678bd9b79c2
historical_ood150_baseline,EXP-014,000177,False,FAILURE,0.40340930223464966,600,2400,60,22b0ec90b8b8f32844bf917c59be938a156f69ec90ec8aae8feb0d4c0419f7fc
historical_ood150_baseline,EXP-014,000184,False,FAILURE,0.13725785911083221,600,2400,60,c34dae29a5e44e16e402a8add453944c46cd7de942910d0d11abda8f9bff053c
historical_ood150_baseline,EXP-014,000185,True,SUCCESS,0.018646622076630592,180,717,18,56ab604ee2d02508fe3366b6a219ae598f02f6f458a50edf31ed91d71fb54a86
historical_ood150_baseline,EXP-014,000195,False,FAILURE,0.023535264655947685,600,2400,60,3c30ac17bd70a1953c7095c61b7e3e04f9ac837c478038914d8e5b816daa46e7
historical_ood150_baseline,EXP-014,000198,False,FAILURE,0.034017033874988556,600,2400,60,ecde7fce711ed842b55421fcb42e70d323047581ca6514d58f0121c6d714ced6
historical_ood150_baseline,EXP-014,000201,True,SUCCESS,0.0015190208796411753,158,630,16,2c0c3df9139725415caa0aa8e9e2e38d584b2265df88cb78b2d623da9ce842b9
historical_ood150_baseline,EXP-014,000204,True,SUCCESS,0.008555052801966667,184,735,19,d2e2e0e7b6107a37b10789d48f4f8d6f42b2d49a8d28aa3157ad8e2467597fac
historical_ood150_baseline,EXP-014,000207,False,FAILURE,0.1758628934621811,600,2400,60,f46782865f71f7a633a52dc2061006dab899c86017b0094cc053ec8cd4b11938
historical_ood150_baseline,EXP-014,000211,True,SUCCESS,0.009997492656111717,156,624,16,3c311bc13191d276720b717e716373e3c642b29f2e743d48afa56e256a91d45c
historical_ood150_baseline,EXP-014,000212,False,FAILURE,0.37417811155319214,600,2400,60,1ecbb42d8f9a83354c8ea7d83698d3c06413ae7acf86533e2a28b0a365c8f00d
historical_ood150_baseline,EXP-014,000213,False,FAILURE,0.38200899958610535,600,2400,60,6fa55d8d2a05ecb476629cfec1ceea97706d3a6253a1987fdf779d9163f844fd
historical_ood150_baseline,EXP-014,000217,True,SUCCESS,0.006110243499279022,111,441,12,26b50a68d80db239fd1fb0037e0382412d1d78a023f8b4a90e3250afa4dba828
historical_ood150_baseline,EXP-014,000218,True,SUCCESS,0.0115974647924304,171,681,18,dee34730c5ccb549fd6e3fb84719e0ba1e155b2e70a018d8150770080cef20aa
historical_ood150_baseline,EXP-014,000221,False,FAILURE,0.43833255767822266,600,2400,60,92b90e3c39b12b697ba0b6a67508ba55a1d58c3c395d0a6b3ba8458058f05582
historical_ood150_baseline,EXP-014,000222,True,SUCCESS,0.0030530437361449003,168,672,17,ce0874acdb0ea8ed6375d4186fa140e24c9c4ee6949a908fd70b71c681920014
historical_ood150_baseline,EXP-014,000225,False,FAILURE,0.4064961075782776,600,2400,60,10f5e8d038e25c7586b01c8c3014f8e240332e0e625e0de0215c3d76e3bb6240
historical_ood150_baseline,EXP-014,000226,False,FAILURE,0.025845160707831383,600,2400,60,cce0ef284bb6c9fed2d93ad46999ee61da7a43bf6b8c8083df63b7240a42a0da
historical_ood150_baseline,EXP-014,000228,True,SUCCESS,0.007305805571377277,188,750,19,45ad2d02e7956a7c045a6a66f0a50252560ca24d36d91d8305a4db24d2e0ac30
historical_ood150_baseline,EXP-014,000232,False,FAILURE,0.02461906149983406,600,2400,60,1123af0a8f7d692b5d7813a7830c18d37176711be439d3bad7e63f5981030726
historical_ood150_baseline,EXP-014,000235,False,FAILURE,0.08224106580018997,600,2400,60,4dd48cf4c9bafeef415f010a9899dfca01328c5d99f4d0cff72521d6d7bde092
historical_ood150_baseline,EXP-014,000251,True,SUCCESS,0.01507573202252388,167,665,17,e5cfe67e9060b4ea3c4b56751f5ec4e4d54d81b892ccdd9101d2065c9476a5c6
historical_ood150_baseline,EXP-014,000254,False,FAILURE,0.29469558596611023,600,2400,60,da9e2aa81815d47468d8d06030aebe6bf11a2e448a36ea8c395bf7b644b459e0
historical_ood150_baseline,EXP-014,000265,True,SUCCESS,0.002681216923519969,172,685,18,fc444bb80828373e89b57178e1acd7d9293dd7d22022765ba6e0bf79f0953701
historical_ood150_baseline,EXP-014,000266,True,SUCCESS,0.00460361922159791,154,614,16,162b49bd1b07261ff82ff03c10d2b9fb358cb29af1fbc0dfa35e9024df973cd7
historical_ood150_baseline,EXP-014,000271,False,FAILURE,0.2344033569097519,600,2400,60,e9c5e3bb4fcbaf606fdd5cd8a4b70a0419e6dc8f87a3c5720a5e2ff1d187eb05
historical_ood150_baseline,EXP-014,000275,True,SUCCESS,0.009229463525116444,143,569,15,27753f34e3c6379cb12899b117f30c8a287f91742def84824315e0b3b298368e
historical_ood150_baseline,EXP-014,000279,False,FAILURE,0.04526963084936142,600,2400,60,4ec10d5814b07f6189474f459069f34ea8eaa978d92ecb1d73c2ae195330e4dc
historical_ood150_baseline,EXP-014,000283,False,FAILURE,0.3883708119392395,600,2400,60,f1c418b3e7894979abfd5668ce4e4f52f853cec44e83ca37606ba1bbfa8b0fe2
historical_ood150_baseline,EXP-014,000284,False,FAILURE,0.02159425988793373,600,2400,60,64dc6a7f961d3dce298f4926dbf50c2f1e7fdea980755e61017b7279d1caf8c3
historical_ood150_baseline,EXP-014,000299,False,FAILURE,0.4003046452999115,600,2400,60,5badb2db98b6cc9fa49aa5b436bbf2f1a29bae3ddf0be71fcd0f888751701f5d
historical_ood150_baseline,EXP-014,000309,True,SUCCESS,0.016100384294986725,216,863,22,9c5d5e26dd48daf7d33159ca3b95e61d489ffdcd60b2dd95130edba0103f3ef0
historical_ood150_baseline,EXP-014,000322,True,SUCCESS,0.007197460159659386,100,398,10,a9e1a7ba28ba71f20d764ceda70895edf424554a5cfac659df5a8e2e9928bfdd
historical_ood150_baseline,EXP-014,000325,True,SUCCESS,0.0035322087351232767,196,781,20,8a2013c4abaa428ce5cd4995fa408724618aca9b2db612c463b1ae544b8b7d39
historical_ood150_baseline,EXP-014,000337,False,FAILURE,0.40502652525901794,600,2400,60,17ffec34d01b3be0843aa07cbcb0d8b36dddf702d7ebe67eb51b4ac976100f29
historical_ood150_baseline,EXP-014,000352,False,FAILURE,0.054122764617204666,600,2400,60,d6d68b1ac102735ceb9c80ae813a30daaa4fd3a0c83de17dbe5582c304db43b8
historical_ood150_baseline,EXP-014,000364,True,SUCCESS,0.006830327678471804,171,684,18,aef39ef70fd4cb5aee2ed3f01bda007b7590d9f2cd911f77905a5611dd505e6b
historical_ood150_baseline,EXP-014,000431,False,FAILURE,0.2680259346961975,600,2400,60,c0c707a0591d9caa314213c457a2eec204c2a7bb8d3c3379157fc68035043b74
historical_ood150_baseline,EXP-014,000433,False,FAILURE,0.40307608246803284,600,2400,60,e80954307f3df45cd1e6727f392aa96f801aa9b168951a65a01c7f2e8352b3f8
historical_ood150_baseline,EXP-014,000522,True,SUCCESS,0.017075704410672188,157,626,16,d7725fcac4ab05804b7189734ed812852dbcf01b7bc1bfedecee7bc57f7d803a
historical_ood150_baseline,EXP-014,000589,False,FAILURE,0.10337192565202713,600,2400,60,e61e7350ef49e9fe677636a53ac6eb7542c22c70e1fe0890c583d08f84e26d8d
